panel_rank,genejepa_index,gene_symbol,ensembl_id,token_id,mean_log1p_cp10k,population_variance_log1p_cp10k
0,452,VIM,ENSG00000026025,455,1.6701428602823953,2.5227806536394617
1,4420,FN1,ENSG00000115414,4423,1.046538752255832,2.3115683703862375
2,6375,AKAP12,ENSG00000131016,6378,1.2095667755486679,2.162376501136636
3,25191,EPIC1,ENSG00000224271,25194,1.1986460431501054,2.0938760434270893
4,4182,PDE4D,ENSG00000113448,4185,1.2433399091384185,1.9320104345643847
5,2919,NDRG1,ENSG00000104419,2922,1.6526601682616773,1.9193784984653837
6,5610,MT2A,ENSG00000125148,5613,1.2495021578232397,1.8969055679231663
7,3297,SERPINE1,ENSG00000106366,3300,0.8783152194779665,1.814043926826022
8,606,HSPA5,ENSG00000044574,609,1.223430982616531,1.7450464629436884
9,4290,GBE1,ENSG00000114480,4293,1.497599699675166,1.722663939605693
10,456,CD44,ENSG00000026508,459,1.1720117960399972,1.7205492817185795
11,1509,HSP90AA1,ENSG00000080824,1512,1.6302814349576047,1.7128440593661054
12,38582,PVT1,ENSG00000249859,38585,1.3333041458972705,1.6884190740225622
13,15174,EXT1,ENSG00000182197,15177,1.5081801459275748,1.679838947001707
14,17691,ASPH,ENSG00000198363,17694,1.7937702013026235,1.678248171438005
15,27097,LINC00511,ENSG00000227036,27100,1.1037773982338919,1.6775234509957535
16,8862,IGFBP3,ENSG00000146674,8865,0.8392285870737739,1.6530796297649268
17,15814,IMMP2L,ENSG00000184903,15817,1.3328720543157284,1.6486949887610833
18,1718,FTL,ENSG00000087086,1721,1.3750559110243934,1.6435175836664946
19,11892,HSP90B1,ENSG00000166598,11895,2.0687537794525,1.6414437888020625
20,17552,ERO1A,ENSG00000197930,17555,1.44019263276664,1.6396705448203721
21,10097,MYO1E,ENSG00000157483,10100,1.3111534126508375,1.631298510915682
22,550,TRIO,ENSG00000038382,553,1.8774412965774416,1.6310423606016435
23,510,TMSB10,ENSG00000034510,513,1.710552662363076,1.6187648939892374
24,17838,MT-ND5,ENSG00000198786,17841,2.0917624775443744,1.6098621557538424
25,3913,GAPDH,ENSG00000111640,3916,2.5107777038380608,1.6094171886474955
26,30243,LINC-PINT,ENSG00000231721,30246,1.7573406465291457,1.6071998876568894
27,9591,PLOD2,ENSG00000152952,9594,1.0383365713268167,1.6000692258391838
28,1308,FNDC3B,ENSG00000075420,1311,1.9986476883026227,1.5955170196169877
29,9465,DST,ENSG00000151914,9468,1.460525141016039,1.5878694739954207
30,767,DCBLD2,ENSG00000057019,770,1.1131210774375861,1.587147629320857
31,16439,PTMA,ENSG00000187514,16442,1.905283156828624,1.5812436557349154
32,7204,FLNB,ENSG00000136068,7207,1.2745445629505412,1.5759107541328499
33,17043,CD55,ENSG00000196352,17046,0.9343791134609121,1.565145082685523
34,11907,B2M,ENSG00000166710,11910,1.3663754586011805,1.55613579628496
35,15691,EFNA5,ENSG00000184349,15694,0.9983133058103698,1.5542895728880362
36,8859,EGFR,ENSG00000146648,8862,1.0180708177509865,1.5362513239023132
37,7221,LMO7,ENSG00000136153,7224,0.9406847571219796,1.5349306835790233
38,15612,ACTG1,ENSG00000184009,15615,1.4226541832802677,1.5325571295136426
39,4558,ERRFI1,ENSG00000116285,4561,1.158208643064066,1.530974807053827
40,3200,NAMPT,ENSG00000105835,3203,1.1424741289869353,1.5299672291958317
41,11265,ITGA2,ENSG00000164171,11268,0.9530083755601497,1.5032336623462013
42,7414,RPS6,ENSG00000137154,7417,1.691045823957163,1.5026261065631665
43,341,GPRC5A,ENSG00000013588,344,0.9879990749720827,1.4963163953547676
44,15291,ANXA2,ENSG00000182718,15294,1.5356712953914897,1.49078729893618
45,17709,TXNRD1,ENSG00000198431,17712,1.0875101287169986,1.485552949666084
46,6713,TPT1,ENSG00000133112,6716,1.5801068768756696,1.476470008162745
47,9274,ITGB1,ENSG00000150093,9277,1.4932723797864884,1.475588269798486
48,17850,MT-CO1,ENSG00000198804,17853,1.5401030083249085,1.4732698367796289
49,17899,MT-ND4,ENSG00000198886,17902,2.476867956574268,1.4708829351489632
50,1980,EZR,ENSG00000092820,1983,1.1176807263937427,1.468318682096029
51,1315,ACTB,ENSG00000075624,1318,1.2816067833592106,1.4633186937618152
52,11979,SMAD3,ENSG00000166949,11982,1.142883380723977,1.449159030550766
53,15070,ZBTB20,ENSG00000181722,15073,1.241763450884197,1.4455748624009481
54,2059,HSP90AB1,ENSG00000096384,2062,1.9423928755266326,1.4439185365315437
55,518,VCL,ENSG00000035403,521,1.2037095180000588,1.4413591021764274
56,2724,NFAT5,ENSG00000102908,2727,1.3898721513888115,1.4384321144435117
57,5601,AHNAK,ENSG00000124942,5604,1.25313472417962,1.436360681841323
58,12242,FTH1,ENSG00000167996,12245,1.096289026263349,1.43601732455308
59,1275,ENO1,ENSG00000074800,1278,1.587991268156919,1.4317322018030083
60,4402,SPTBN1,ENSG00000115306,4405,1.2887585586902972,1.4296792221045553
61,15170,RAD51B,ENSG00000182185,15173,1.1250298451845901,1.4267615303723016
62,10152,AGAP1,ENSG00000157985,10155,1.4614825040729271,1.4214613318506633
63,5687,RPL23,ENSG00000125691,5690,1.284636277529084,1.4192413727614626
64,8594,GOLGA4,ENSG00000144674,8597,1.6459312168996008,1.4184049321845649
65,6882,LDHA,ENSG00000134333,6885,1.5790150784976558,1.416595634089958
66,7608,MYOF,ENSG00000138119,7611,1.0989632874774322,1.414792997609719
67,12146,EEF2,ENSG00000167658,12149,1.4110811212796042,1.414548536552837
68,13526,CHD2,ENSG00000173575,13529,1.6917534308949722,1.412857945543999
69,17830,MT-ND2,ENSG00000198763,17833,1.309388345128405,1.4117040680553903
70,4861,ELL2,ENSG00000118985,4864,0.9734674326410417,1.4062189559122802
71,13572,EIF1,ENSG00000173812,13575,1.3912344288612881,1.4046779584880964
72,8287,RPS8,ENSG00000142937,8290,1.3666487617233871,1.403000361661597
73,9733,PRKCA,ENSG00000154229,9736,1.0819369313498428,1.402197778904548
74,10310,RUNX1,ENSG00000159216,10313,1.1160712613559491,1.4004414896104906
75,9098,PARD3,ENSG00000148498,9101,1.3016443280814884,1.3986464609435258
76,2272,MYH9,ENSG00000100345,2275,1.2561344542809587,1.3955271436707761
77,2634,PGK1,ENSG00000102144,2637,1.5102010080874988,1.3948284833714526
78,9922,PSD3,ENSG00000156011,9925,0.8538412959429648,1.3892330700468987
79,211,SPAG9,ENSG00000008294,214,1.3216323389863465,1.3872799035549437
80,15955,SMYD3,ENSG00000185420,15958,1.2350049761866093,1.3859134148064884
81,5278,HNRNPA2B1,ENSG00000122566,5281,1.438543511346895,1.3851037085620623
82,32304,HLA-B,ENSG00000234745,32307,0.94827271209625,1.384133625272831
83,5878,CANX,ENSG00000127022,5881,1.4916510364072153,1.3832915712733453
84,8638,LPP,ENSG00000145012,8641,1.414282084640285,1.3832133445036008
85,13180,JMJD1C,ENSG00000171988,13183,1.5891053469985188,1.382145233074596
86,5939,MACF1,ENSG00000127603,5942,1.3942536745233836,1.3782218133223807
87,17907,MT-ATP6,ENSG00000198899,17910,1.1548818530087335,1.3778567340322991
88,9181,RPS3,ENSG00000149273,9184,1.258372524990479,1.3741724578218917
89,5321,P4HA1,ENSG00000122884,5324,1.257785186920269,1.3735876290599254
90,1126,PABPC1,ENSG00000070756,1129,2.0240786925641205,1.3712511675566086
91,9999,ZFAND3,ENSG00000156639,10002,1.404420888650146,1.3709498662754755
92,10133,FMNL2,ENSG00000157827,10136,1.0453551849542286,1.3704171222714012
93,12576,PTK2,ENSG00000169398,12579,1.5428805904691918,1.3700916067866404
94,4043,RPS12,ENSG00000112306,4046,1.2175639381356484,1.367519095482035
95,16829,ZNF292,ENSG00000188994,16832,1.3768620472399729,1.3673224945321347
96,16193,PRELID2,ENSG00000186314,16196,1.0632673755395394,1.3671145552678818
97,5583,ATXN1,ENSG00000124788,5586,1.06888386347981,1.3665668874528538
98,10561,SQSTM1,ENSG00000161011,10564,1.1408522582289493,1.3663356489316125
99,16379,NAP1L1,ENSG00000187109,16382,1.3701046986942158,1.3659101337666346
100,5591,LRRFIP1,ENSG00000124831,5594,1.2821810216431033,1.3637486504118783
101,1005,PKM,ENSG00000067225,1008,1.4309178198507861,1.3585828267927291
102,4355,NCL,ENSG00000115053,4358,1.2693845171046818,1.3497632742257655
103,1240,IGF2BP2,ENSG00000073792,1243,1.1174794408692916,1.3484942976287615
104,750,KMT2C,ENSG00000055609,753,1.4325909810810815,1.3483641589524566
105,11467,YWHAZ,ENSG00000164924,11470,1.3907946779581422,1.3483102678763348
106,7536,RPLP1,ENSG00000137818,7539,1.191633875596648,1.345855979165831
107,846,VMP1,ENSG00000062716,849,1.3022469097475515,1.3452615971996034
108,1320,DLG1,ENSG00000075711,1323,1.136785559970471,1.3431895192918621
109,12096,ANKRD11,ENSG00000167522,12099,1.3820994339841846,1.3382635756999788
110,6205,SAT1,ENSG00000130066,6208,0.9556478458188642,1.3367573379068372
111,9730,PITPNC1,ENSG00000154217,9733,0.8375569839914773,1.33670696747462
112,4404,RTN4,ENSG00000115310,4407,1.2567829613098596,1.3346188959509098
113,12878,AKAP13,ENSG00000170776,12881,1.1855100122849715,1.3319357999616348
114,6384,RBM39,ENSG00000131051,6387,1.3775306561298786,1.3318141264513625
115,100,KMT2E,ENSG00000005483,103,1.2732931050324485,1.33177662172185
116,9266,HMGA2,ENSG00000149948,9269,0.7394924478935948,1.3294699189009442
117,10295,STC1,ENSG00000159167,10298,0.6582334690556692,1.3290812630776843
118,6790,SBF2,ENSG00000133812,6793,1.2824503319819425,1.3289550319056858
119,4430,USP34,ENSG00000115464,4433,1.3146472394331776,1.3255380608364211
120,1962,HNRNPC,ENSG00000092199,1965,1.4337887414538677,1.325279585853984
121,15999,P4HB,ENSG00000185624,16002,1.1293488592124006,1.3251829312170924
122,5849,KTN1,ENSG00000126777,5852,1.3775349179295278,1.3242695853483084
123,12716,ALCAM,ENSG00000170017,12719,0.9141387014425022,1.3241969823060011
124,8728,PAM,ENSG00000145730,8731,1.0985573719487103,1.3221528908060751
125,12292,RBPJ,ENSG00000168214,12295,1.119153703726952,1.3216244605383127
126,29490,FTX,ENSG00000230590,29493,1.1019040430410765,1.3197239536852519
127,2564,ANKRD12,ENSG00000101745,2567,1.1937722333745926,1.3180184198391356
128,14985,NPM1,ENSG00000181163,14988,1.1976918284259215,1.317131465903999
129,8246,RERE,ENSG00000142599,8249,1.194024491092363,1.3166730935037572
130,37292,NEAT1,ENSG00000245532,37295,3.5851088196538456,1.3166258567153903
131,3505,RPL19,ENSG00000108298,3508,1.092959829617169,1.3133862694948848
132,17494,RPL37A,ENSG00000197756,17497,1.19686409952716,1.3133709619113507
133,12084,TPM4,ENSG00000167460,12087,1.1305324766712568,1.3130815942127234
134,1142,MAP4K4,ENSG00000071054,1145,0.9775111447176493,1.3113269915624586
135,4113,ERBIN,ENSG00000112851,4116,1.1614037596052158,1.3107879571375862
136,6265,ZSWIM6,ENSG00000130449,6268,1.1524076593654233,1.3095871281748057
137,8549,HSPD1,ENSG00000144381,8552,1.1022919442962948,1.3095430039857758
138,39355,NIHCOLE,ENSG00000251026,39358,0.6819139489838896,1.306264760952774
139,15332,RPL35A,ENSG00000182899,15335,1.1390731114288128,1.3032777516416063
140,401,SAMD4A,ENSG00000020577,404,0.8825429207589797,1.3010803993321702
141,4284,CBLB,ENSG00000114423,4287,0.9004700315844157,1.3001422563824847
142,8969,DOCK5,ENSG00000147459,8972,0.9722801309303862,1.2992443083426854
143,14625,CALR,ENSG00000179218,14628,1.0372040054195462,1.2989262986438455
144,9935,KCNMA1,ENSG00000156113,9938,0.6879931493388768,1.2985237872551407
145,9406,EPS8,ENSG00000151491,9409,0.866103775595931,1.2969138881036337
146,4720,PRRC2C,ENSG00000117523,4723,1.6559451081642564,1.2951925678018812
147,4478,BIRC6,ENSG00000115760,4481,1.3319879715932377,1.2946838050103942
148,5956,AKAP9,ENSG00000127914,5959,1.2183121834556268,1.2925190847136576
149,15384,GPC6,ENSG00000183098,15387,0.6161891853121987,1.291151762108876
150,602,CTNNA1,ENSG00000044115,605,1.2970941619097054,1.290891016792758
151,1321,RAB7A,ENSG00000075785,1324,1.2351765457268666,1.2887240926092718
152,17703,OGA,ENSG00000198408,17706,1.2020946076335208,1.2875502951458844
153,17174,NF1,ENSG00000196712,17177,1.2990335183707336,1.2849249444418953
154,9623,HNRNPU,ENSG00000153187,9626,1.2501071721657713,1.2840190688577953
155,17308,SND1,ENSG00000197157,17311,1.1421874076870762,1.2821662940631453
156,17563,RPL12,ENSG00000197958,17566,1.0923530679788274,1.2816560553487586
157,8262,RPL11,ENSG00000142676,8265,1.1717710616333168,1.2811791489576925
158,3088,RPS19,ENSG00000105372,3091,1.072488146882613,1.2806487413264058
159,9614,CAST,ENSG00000153113,9617,1.1654218171806325,1.2802235755627203
160,15281,TTC3,ENSG00000182670,15284,1.160461323664741,1.279792809239951
161,1625,APLP2,ENSG00000084234,1628,1.1303239591149647,1.2779526125491827
162,2930,UBR5,ENSG00000104517,2933,1.1203949539638782,1.2773749145001598
163,4074,PDE10A,ENSG00000112541,4077,0.6482362841755418,1.2772190180662144
164,2076,SCD,ENSG00000099194,2079,0.8993869123917313,1.2766688219854387
165,9786,RABGEF1,ENSG00000154710,9789,1.1097448068945315,1.2720723644819925
166,13457,GOLGB1,ENSG00000173230,13460,1.1706462235235504,1.2715649976830758
167,4421,STAT1,ENSG00000115415,4424,0.9059317545845705,1.2709674915636464
168,11938,NAV2,ENSG00000166833,11941,0.7492408065850835,1.2697758809052946
169,8202,APP,ENSG00000142192,8205,1.133400083390002,1.2693298249236762
170,4759,ESYT2,ENSG00000117868,4762,1.015684197069736,1.2688802762749027
171,11315,RICTOR,ENSG00000164327,11318,1.063189048727522,1.2685200492209212
172,9554,MBNL1,ENSG00000152601,9557,1.1495922214599523,1.267120469007333
173,6259,ACTN4,ENSG00000130402,6262,1.008992775241767,1.2659066954696423
174,5332,MED13L,ENSG00000123066,5335,1.0801523415676815,1.2655368309961919
175,12254,CTNNB1,ENSG00000168036,12257,0.9681300640491391,1.2638004445966475
176,9642,ASAP1,ENSG00000153317,9645,1.0336790724114995,1.2637641495137486
177,9260,ALDOA,ENSG00000149925,9263,1.1323770741019863,1.2627361596544662
178,1613,FAT1,ENSG00000083857,1616,0.8380148467531503,1.2622331983280817
179,9108,HERC4,ENSG00000148634,9111,1.0675238974260517,1.2615912657880453
180,6036,MKLN1,ENSG00000128585,6039,1.1585757755825465,1.2611589435648345
181,6871,SLC38A2,ENSG00000134294,6874,1.0028217817840808,1.261087591016882
182,10651,RPL26,ENSG00000161970,10654,1.070886504545867,1.2600464588957645
183,13574,RNF213,ENSG00000173821,13577,0.9719867536751307,1.2544511717558677
184,17222,LAMB3,ENSG00000196878,17225,0.674508261079571,1.2520223614860118
185,272,HIVEP2,ENSG00000010818,275,1.011107925356552,1.251948275139167
186,5961,PTPN12,ENSG00000127947,5964,1.063946433915453,1.2515157168181026
187,19843,NALF1,ENSG00000204442,19846,0.5787503870703878,1.2512163038843371
188,9029,ZCCHC7,ENSG00000147905,9032,1.0369183613914295,1.2511322774970233
189,4576,ASH1L,ENSG00000116539,4579,1.2175537531856697,1.2509966305746516
190,11992,PDIA3,ENSG00000167004,11995,1.0720414010876387,1.2508861158423246
191,12282,SETD5,ENSG00000168137,12285,1.2089711102475824,1.2465278166852394
192,11275,NIPBL,ENSG00000164190,11278,1.1860880927219462,1.2445873191622736
193,723,ARID4B,ENSG00000054267,726,1.1687515648420452,1.2442127581871676
194,5002,KANSL1,ENSG00000120071,5005,1.0568405284619837,1.2440161936999306
195,4436,EHBP1,ENSG00000115504,4439,0.9586791072223342,1.2438726565333846
196,17291,PCBP2,ENSG00000197111,17294,1.1514488919880652,1.242185613283701
197,2427,ZMYND8,ENSG00000101040,2430,0.8902145114766583,1.2395536238576865
198,11789,ARIH1,ENSG00000166233,11792,1.0985972219385705,1.233055803704473
199,7702,SEC31A,ENSG00000138674,7705,1.08861245690125,1.2329783838673019
200,4214,CSNK1A1,ENSG00000113712,4217,1.2122627597352642,1.2322016348583134
201,3053,GPI,ENSG00000105220,3056,0.9615857439855945,1.2311868634656737
202,7589,RAB1A,ENSG00000138069,7592,1.0799278660581355,1.2282049755620004
203,12233,SRRM2,ENSG00000167978,12236,1.195179508116129,1.2277805154253976
204,2393,ARHGAP5,ENSG00000100852,2396,1.026978029923145,1.225729067386257
205,4944,RBM25,ENSG00000119707,4947,1.1066753987820732,1.2236286869377135
206,17695,GFPT1,ENSG00000198380,17698,0.9347265979342344,1.2222777704746504
207,8375,MCL1,ENSG00000143384,8378,0.9407359106553063,1.222176316836849
208,14305,TBL1XR1,ENSG00000177565,14308,1.044505323760411,1.2219964496543754
209,19921,RACK1,ENSG00000204628,19924,1.0359124650708647,1.2194209029497394
210,6588,ANKRD17,ENSG00000132466,6591,1.1201937400281943,1.2186544703830815
211,17908,TOP1,ENSG00000198900,17911,0.9989956219895314,1.21380072829272
212,13431,KDM2A,ENSG00000173120,13434,1.0581479943810648,1.2126245930052313
213,6040,CALU,ENSG00000128595,6043,0.9770290737575197,1.2124177404713596
214,1821,RPLP0,ENSG00000089157,1824,0.9957574319155555,1.21089478582208
215,8083,CLTC,ENSG00000141367,8086,1.0924059308110052,1.2102763797514164
216,23379,FNIP1,ENSG00000217128,23382,1.0189900837159769,1.2076687589017034
217,3619,WSB1,ENSG00000109046,3622,0.9828892483430719,1.2062338226589628
218,10909,PDLIM5,ENSG00000163110,10912,0.8717925530629733,1.205155186301253
219,3813,PPFIBP1,ENSG00000110841,3816,0.9392808520775251,1.204549686645467
220,2064,DSP,ENSG00000096696,2067,0.7841655988712454,1.204433494463441
221,17760,LRBA,ENSG00000198589,17763,0.9555668893660623,1.204090410858043
222,15762,SEPTIN9,ENSG00000184640,15765,0.9252722576705442,1.203591120799317
223,4285,BBX,ENSG00000114439,4288,1.0298530469817673,1.2022971212493196
224,17750,CTNND1,ENSG00000198561,17753,0.9906368091929869,1.202186698198357
225,3250,TAX1BP1,ENSG00000106052,3253,1.058120488501015,1.2013425705078646
226,16261,UBE2H,ENSG00000186591,16264,0.9402694290060436,1.200329329328954
227,3228,MET,ENSG00000105976,3231,0.7987869760939741,1.2002734099463335
228,12691,TM4SF1,ENSG00000169908,12694,0.7860493941610716,1.200249413967509
229,1745,GNAS,ENSG00000087460,1748,1.083954330296502,1.1992289123071402
230,8355,ABL2,ENSG00000143322,8358,0.8793698417142545,1.197785668533986
231,6476,MAP1B,ENSG00000131711,6479,0.7530613041780768,1.1976136442810232
232,7597,FBXO11,ENSG00000138081,7600,1.0491429852158476,1.1971883047080134
233,1069,NUCKS1,ENSG00000069275,1072,0.9568735735941944,1.1970728535226298
234,11376,COG5,ENSG00000164597,11379,0.9996255281086625,1.1959350549735612
235,631,MAP4,ENSG00000047849,634,1.0268755052808045,1.1932859548953478
236,12920,TANC2,ENSG00000170921,12923,0.8257600597630769,1.1930459989316056
237,9957,BACH1,ENSG00000156273,9960,0.9078865875657889,1.1923307559412537
238,1246,PICALM,ENSG00000073921,1249,1.0014069085528219,1.1923184110939542
239,3253,GRB10,ENSG00000106070,3256,0.7412216479581901,1.1923152471334828
240,13096,BPTF,ENSG00000171634,13099,1.028814889943898,1.192237520145336
241,14314,RPLP2,ENSG00000177600,14317,0.950868230087089,1.1912533837235468
242,16370,TEAD1,ENSG00000187079,16373,0.9410680845130696,1.189131089512947
243,2042,WAC,ENSG00000095787,2045,1.008082044383574,1.189045230197792
244,7990,IQGAP1,ENSG00000140575,7993,1.0493782026964025,1.1881444875406568
245,17819,SMURF1,ENSG00000198742,17822,0.8084136661019617,1.1873973721782787
246,17562,S100A6,ENSG00000197956,17565,0.8605636350038456,1.1863948905108748
247,21750,TAS2R14,ENSG00000212127,21753,0.9450037544404477,1.1863691558752674
248,1578,ERC1,ENSG00000082805,1581,0.9599864953228852,1.1859975932634463
249,2959,BNIP3L,ENSG00000104765,2962,0.9291727175247211,1.1837116839112876
250,6463,EXOC4,ENSG00000131558,6466,0.9533786794229178,1.1835092519018824
251,4468,HDLBP,ENSG00000115677,4471,1.0405053413233636,1.1822652823537467
252,2871,TJP1,ENSG00000104067,2874,0.8942362389895122,1.1805143082902307
253,13112,GPHN,ENSG00000171723,13115,0.8948859924761269,1.1790386265312944
254,360,MATR3,ENSG00000015479,363,1.0181317326598864,1.1766857197381844
255,1144,RPL31,ENSG00000071082,1147,0.9595202891118227,1.1760255652998701
256,17667,HELZ,ENSG00000198265,17670,0.943356300289083,1.1747621678093334
257,15702,MAML2,ENSG00000184384,15705,0.732300078651815,1.1743185792559465
258,6592,H3-3B,ENSG00000132475,6595,0.9465634260977219,1.1740969624734618
259,3600,LUC7L3,ENSG00000108848,3603,0.995623054593413,1.1724630739085566
260,8709,RPL37,ENSG00000145592,8712,0.9781307736649617,1.17230959219175
261,1035,MEF2A,ENSG00000068305,1038,0.8891820540497212,1.171153350088189
262,20181,TMSB4X,ENSG00000205542,20184,0.8042915632001493,1.1704653182646638
263,3428,EIF3A,ENSG00000107581,3431,0.9844176372178967,1.1685620663596599
264,7690,FAM13A,ENSG00000138640,7693,0.7532967406486002,1.1680330883593752
265,15182,UBE2E2,ENSG00000182247,15185,0.8352564543300031,1.166840202021075
266,3603,SMURF2,ENSG00000108854,3606,0.8626504800358719,1.1655047178253328
267,731,SYNE2,ENSG00000054654,734,0.8049195952889727,1.1641668948202044
268,1298,ZNF638,ENSG00000075292,1301,0.9933694581217336,1.1635223875887983
269,4422,GLS,ENSG00000115419,4425,0.8927971273240146,1.1627620144205073
270,19828,MBD5,ENSG00000204406,19831,0.9203037582645568,1.1621952031840097
271,4095,GMDS,ENSG00000112699,4098,0.7606312735245864,1.1621842524514179
272,5397,MORF4L2,ENSG00000123562,5400,0.9830188333694684,1.1620713714510456
273,3260,GARS1,ENSG00000106105,3263,0.8348730059794778,1.1614535701604125
274,9335,CRIM1,ENSG00000150938,9338,0.8049564679001171,1.1612353807480336
275,17288,DYNC1H1,ENSG00000197102,17291,0.9806614211071605,1.1603965600455428
276,5242,COPA,ENSG00000122218,5245,0.9456428129998603,1.1603445934574546
277,6457,ANKHD1,ENSG00000131503,6460,1.0239137535800664,1.1596397488096681
278,667,NEDD4L,ENSG00000049759,670,0.8264517882773555,1.159200693159919
279,6772,ATP13A3,ENSG00000133657,6775,0.8575994330872223,1.1590607099274979
280,37611,LUCAT1,ENSG00000248323,37614,0.7205674220068224,1.1589133469268842
281,502,UBA6,ENSG00000033178,505,0.9206183386984363,1.1577204287952128
282,3046,RPS16,ENSG00000105193,3049,0.7995479439758402,1.1563022705580366
283,62273,LINC03009-1,ENSG00000290873,62276,0.9205014539262049,1.1533475706109995
284,753,PUM2,ENSG00000055917,756,0.9787508633911989,1.1528654635718674
285,1436,ITCH,ENSG00000078747,1439,0.9379397544536556,1.1525188139501612
286,1707,HUWE1,ENSG00000086758,1710,0.9965759662119744,1.152005175031398
287,4447,KDM3A,ENSG00000115548,4450,0.8805952786337949,1.1515167644775328
288,3765,EIF4G2,ENSG00000110321,3768,0.9789782639794283,1.1513589698173123
289,9340,UBC,ENSG00000150991,9343,0.9104621006088247,1.150823759825077
290,3539,MED13,ENSG00000108510,3542,0.9822252544404201,1.1482301920806472
291,1576,GSK3B,ENSG00000082701,1579,0.9625687652177538,1.1478447846922388
292,5729,RRBP1,ENSG00000125844,5732,0.9077260364827472,1.1474100097462683
293,1188,AFF4,ENSG00000072364,1191,0.9940763753351188,1.1473847927143193
294,8486,RPS27A,ENSG00000143947,8489,0.9082875253376498,1.146418930397678
295,4844,CCNI,ENSG00000118816,4847,0.9669100510802356,1.1455248168104872
296,1646,ATRX,ENSG00000085224,1649,0.9807290278596799,1.1454462125843528
297,17490,PSAP,ENSG00000197746,17493,0.9146339762203972,1.1451151222020859
298,5272,SEPTIN7,ENSG00000122545,5275,0.9713347536008876,1.1434937476250195
299,9100,ZEB1,ENSG00000148516,9103,0.7622223930134219,1.1432050327453083
300,8707,MYO10,ENSG00000145555,8710,0.7793767591875156,1.1414139494055333
301,620,TPR,ENSG00000047410,623,0.9834933230742179,1.1411557994430352
302,9487,MGAT5,ENSG00000152127,9490,0.839325997476462,1.1391980516181337
303,12876,KIF5B,ENSG00000170759,12879,0.9479221562349238,1.1390494946884795
304,43899,CUX1,ENSG00000257923,43902,0.9303489332945922,1.1383805979943644
305,3612,YWHAE,ENSG00000108953,3615,0.9859362602925239,1.1372844724303548
306,17809,MT-CYB,ENSG00000198727,17812,0.855154023623078,1.1370357528911437
307,4809,PHF3,ENSG00000118482,4812,0.9322721510545322,1.1369824431822768
308,12490,HNRNPH1,ENSG00000169045,12493,0.9434262235062781,1.1368225469196735
309,5257,RPL5,ENSG00000122406,5260,0.9047133787366946,1.1365327692699574
310,231,CSDE1,ENSG00000009307,234,0.9753703249858556,1.1350237653941284
311,7542,UACA,ENSG00000137831,7545,0.7722122731361827,1.135000642348021
312,4130,HSPA9,ENSG00000113013,4133,0.8979813591033328,1.1349603252237244
313,5458,NCOA3,ENSG00000124151,5461,0.7826164345791367,1.1346850105696125
314,5527,USP9X,ENSG00000124486,5530,0.931715803030978,1.1328932146756245
315,3671,RPL34,ENSG00000109475,3674,0.8946614787205809,1.1318706575150392
316,425,RB1CC1,ENSG00000023287,428,0.9430512757835774,1.1312051204454157
317,8314,ATP1B1,ENSG00000143153,8317,0.7291605901603314,1.1310460605042651
318,3525,KPNB1,ENSG00000108424,3528,0.965907392211622,1.1306409239303543
319,6605,VPS13B,ENSG00000132549,6608,0.9379880242117219,1.1298893573206439
320,8484,CALM2,ENSG00000143933,8487,0.8798901666820139,1.1287978559757448
321,730,TBC1D22A,ENSG00000054611,733,0.8692602590338582,1.1282574225894701
322,8049,NCOR1,ENSG00000141027,8052,0.9461740668007547,1.1280665106862116
323,10052,SMG1,ENSG00000157106,10055,0.9584657716371795,1.1257142391298052
324,11369,TRA2A,ENSG00000164548,11372,0.9065193312680528,1.123880014192964
325,9679,TRIP12,ENSG00000153827,9682,0.9644168690052182,1.1238729756783226
326,635,HDAC9,ENSG00000048052,638,0.6678566859671808,1.1234492388412973
327,7637,RPS24,ENSG00000138326,7640,0.9026101558847002,1.123218314855726
328,4098,VEGFA,ENSG00000112715,4101,0.7702777466189137,1.1230885472132193
329,6664,AP3B1,ENSG00000132842,6667,0.9513624751403305,1.1229593427451081
330,995,SP100,ENSG00000067066,998,0.8207339581126597,1.121162358029267
331,748,EIF2AK2,ENSG00000055332,751,0.8224081729391574,1.1203347667257515
332,9124,TCF7L2,ENSG00000148737,9127,0.8178201038729797,1.1197361688833158
333,1288,EIF4G3,ENSG00000075151,1291,0.8504559024726214,1.1196281768832164
334,17491,S100A10,ENSG00000197747,17494,0.8316121728474429,1.1170882691264272
335,4767,STAG1,ENSG00000118007,4770,0.8627440637438194,1.116792649425026
336,13734,RPL15,ENSG00000174748,13737,0.879441021422924,1.1157959433885936
337,3740,PPP6R3,ENSG00000110075,3743,0.9120596007787498,1.1139892006904715
338,17081,TSC22D2,ENSG00000196428,17084,0.793748974214421,1.1137935515370374
339,8416,TPM3,ENSG00000143549,8419,0.9070655403049438,1.1107542753935216
340,4751,CENPF,ENSG00000117724,4754,0.6021219529834755,1.1090336102842655
341,20362,HLA-A,ENSG00000206503,20365,0.8077436315437657,1.1089341328553322
342,9934,ADK,ENSG00000156110,9937,0.866588638841679,1.107400832901258
343,7956,IGF1R,ENSG00000140443,7959,0.7996136948397721,1.1071678317608704
344,4657,AKT3,ENSG00000117020,4660,0.7156094992089285,1.106437668146821
345,7873,MBNL2,ENSG00000139793,7876,0.7402673751837007,1.1031127003768053
346,62634,SOD2,ENSG00000291237,62637,0.6656306900380187,1.1029488852661635
347,6485,TOP2A,ENSG00000131747,6488,0.5737849021649367,1.1022424991761341
348,3659,UBE2D3,ENSG00000109332,3662,0.9099634391972804,1.1018795099318983
349,7445,HMGA1,ENSG00000137309,7448,0.7964925224481781,1.1016765019121761
350,9675,CMIP,ENSG00000153815,9678,0.8194756428761704,1.101611730927953
351,11729,TAF1D,ENSG00000166012,11732,0.8464922820423707,1.1015060209235732
352,1079,RORA,ENSG00000069667,1082,0.7024606173840462,1.0998907752946758
353,13443,PARP14,ENSG00000173193,13446,0.7440287314801324,1.0996009525902308
354,3924,TPI1,ENSG00000111669,3927,0.857970785687721,1.0990850004818513
355,7032,SRPK2,ENSG00000135250,7035,0.8599586065845585,1.098636541523896
356,13790,CTBP2,ENSG00000175029,13793,0.8531183321479219,1.098237522748541
357,24068,PPP2R2A,ENSG00000221914,24071,0.8250694933161388,1.0976645119746316
358,17610,CD2AP,ENSG00000198087,17613,0.8450268122690563,1.0968771268485011
359,3384,KDM4C,ENSG00000107077,3387,0.8434173796470161,1.0964403763614177
360,646,RSF1,ENSG00000048649,649,0.9195291397357667,1.094700107975926
361,8711,OSMR,ENSG00000145623,8714,0.727876271472229,1.094472943195922
362,1923,ITGA6,ENSG00000091409,1926,0.680789309279277,1.0941832951997008
363,6578,PNISR,ENSG00000132424,6581,0.8825656043427174,1.0931208445615064
364,50561,TAF15,ENSG00000270647,50564,0.8920434341048732,1.0929572754186698
365,4888,SET,ENSG00000119335,4891,0.8577750333749742,1.0920497423555746
366,6666,PATJ,ENSG00000132849,6669,0.751167727159437,1.0913298023135494
367,6429,TBC1D5,ENSG00000131374,6432,0.8410483344250093,1.090595334210036
368,15877,FAF1,ENSG00000185104,15880,0.8776811389217726,1.0902210401585104
369,8456,CDC42BPA,ENSG00000143776,8459,0.8580907694423556,1.0898829070018015
370,8702,MARCHF6,ENSG00000145495,8705,0.8698316751268802,1.089798160995057
371,12583,CXCL8,ENSG00000169429,12586,0.5322661118236021,1.089657026681267
372,3799,RPS13,ENSG00000110700,3802,0.8222266005400725,1.0892708440521501
373,560,RAI14,ENSG00000039560,563,0.6914154365148732,1.0884960754184236
374,7090,HNRNPA1,ENSG00000135486,7093,0.8470015347832311,1.088349228221458
375,2912,STK3,ENSG00000104375,2915,0.8778454747793845,1.0870126511556775
376,7235,IGF2BP3,ENSG00000136231,7238,0.7859998932214234,1.0858850319692355
377,4497,SOS1,ENSG00000115904,4500,0.8722358589533376,1.0842496451662684
378,1898,GLG1,ENSG00000090863,1901,0.8953438242516768,1.084120815246599
379,5685,THOC2,ENSG00000125676,5688,0.8941969301292879,1.0834387411435733
380,2679,FNDC3A,ENSG00000102531,2682,0.7846956440669876,1.0821598416551503
381,37246,N4BP2L2,ENSG00000244754,37249,0.8239614983639817,1.0819223923959211
382,1579,XPO1,ENSG00000082898,1582,0.8658311460037145,1.081106872139618
383,17428,SIPA1L1,ENSG00000197555,17431,0.7467919936009059,1.080657924651788
384,4778,RPS25,ENSG00000118181,4781,0.8283983679046831,1.0805689145929196
385,4140,SPARC,ENSG00000113140,4143,0.4724655895910764,1.080475355629755
386,953,YBX1,ENSG00000065978,956,0.8432865277007239,1.0802422494184176
387,9693,MSI2,ENSG00000153944,9696,0.7557922065152459,1.079657320138205
388,1638,RAB10,ENSG00000084733,1641,0.8847589972454665,1.078815364654823
389,16,ANKIB1,ENSG00000001629,19,0.8784557100335169,1.0786716900841253
390,14209,ANO6,ENSG00000177119,14212,0.8492325644126888,1.0786451670223731
391,41308,PRKDC,ENSG00000253729,41311,0.8058481255786147,1.0779155211570939
392,17901,MT-ND1,ENSG00000198888,17904,0.8038678799595999,1.076993494207027
393,2914,RAB2A,ENSG00000104388,2917,0.8730238498542089,1.0759773548232903
394,5896,RAP1B,ENSG00000127314,5899,0.8311397897272961,1.075425557774203
395,11086,RPL9,ENSG00000163682,11089,0.8112498865948591,1.0748999120874552
396,17357,SVIL,ENSG00000197321,17360,0.7480054451280077,1.0748014025087784
397,8073,NPEPPS,ENSG00000141279,8076,0.8115466170584302,1.0736399652567563
398,1139,ATP2B1,ENSG00000070961,1142,0.7443612748370438,1.0734555627562874
399,7504,YAP1,ENSG00000137693,7507,0.8186839833751933,1.073343711851476
400,9044,UGCG,ENSG00000148154,9047,0.7429483898876225,1.0733394763374866
401,8997,MTDH,ENSG00000147649,9000,0.8528312168878904,1.0726597023713524
402,4336,FOXP1,ENSG00000114861,4339,0.7397845987882771,1.072654195062255
403,9543,PAN3,ENSG00000152520,9546,0.8346142241124799,1.072178731323358
404,9485,PTPN14,ENSG00000152104,9488,0.7965385719330004,1.0714273328107788
405,17931,MT-CO3,ENSG00000198938,17934,0.8041010652796354,1.0700193926395543
406,16496,THSD4,ENSG00000187720,16499,0.5898645019111167,1.069561487447738
407,810,WNK1,ENSG00000060237,813,0.8577300936584256,1.068245356045201
408,11425,RAD21,ENSG00000164754,11428,0.808835702545539,1.0682019285984992
409,8991,RPL7,ENSG00000147604,8994,0.8159317559236483,1.0680195761048168
410,4030,ASCC3,ENSG00000112249,4033,0.8357986673357954,1.0675480221354863
411,6932,PUM1,ENSG00000134644,6935,0.8578375809964085,1.066969881479573
412,7922,TCF12,ENSG00000140262,7925,0.8270388953612433,1.0664711853700055
413,3195,CDK6,ENSG00000105810,3198,0.7524701406954233,1.065600901659408
414,11142,ZNF148,ENSG00000163848,11145,0.8780570072224937,1.0651515137677763
415,3503,NUFIP2,ENSG00000108256,3506,0.8633326637075885,1.0648516584696501
416,808,YBX3,ENSG00000060138,811,0.7484331581155131,1.0647942350206718
417,10118,PALM2AKAP2,ENSG00000157654,10121,0.6660558721875628,1.064054496479481
418,13900,RAB6A,ENSG00000175582,13903,0.8370293821117852,1.0640046889308037
419,1421,GNB1,ENSG00000078369,1424,0.8741489935970126,1.0630670938809854
420,61487,TALAM1,ENSG00000289740,61490,2.4817115332236424,1.0627394433145065
421,2279,TNRC6B,ENSG00000100354,2282,0.8511093571473979,1.0625712114950663
422,5090,EGR1,ENSG00000120738,5093,0.6827896491292557,1.0621205290248967
423,949,CDK13,ENSG00000065883,952,0.8535090211122923,1.061750564118543
424,4229,SMC4,ENSG00000113810,4232,0.6846707779751556,1.0584576004476807
425,8239,RPL13A,ENSG00000142541,8242,0.7889008935626612,1.0579283405342113
426,14996,POLR2A,ENSG00000181222,14999,0.7924605831756069,1.0578886140933073
427,19766,BRD2,ENSG00000204256,19769,0.8323774248890251,1.0577177466347236
428,8743,ARHGAP26,ENSG00000145819,8746,0.6717373886187948,1.0547188823264095
429,5185,ZMYM2,ENSG00000121741,5188,0.8227294332002562,1.0540265026352291
430,16008,ZFP36L1,ENSG00000185650,16011,0.7147563200704414,1.0536740966323084
431,4909,DENND1A,ENSG00000119522,4912,0.8009373210489638,1.0533540990571308
432,6978,ARHGAP32,ENSG00000134909,6981,0.7483886477774858,1.0532440170107233
433,6813,LOXL2,ENSG00000134013,6816,0.6199098533170239,1.053171855439339
434,16228,RPS23,ENSG00000186468,16231,0.7839644571517427,1.0531208832774277
435,10201,EIF5B,ENSG00000158417,10204,0.8262667422644868,1.053035477058339
436,9449,NBAS,ENSG00000151779,9452,0.8178068209865436,1.0527537015322148
437,7796,PHLDA1,ENSG00000139289,7799,0.7247323415654395,1.0527117183769725
438,5738,DSTN,ENSG00000125868,5741,0.8112366653432329,1.0511094358149036
439,17228,ARHGEF12,ENSG00000196914,17231,0.8094100431206092,1.0509504208732219
440,1908,OSBPL8,ENSG00000091039,1911,0.8312753454161834,1.0507246156189607
441,12825,NPAS2,ENSG00000170485,12828,0.6473670848908692,1.0502660402445194
442,15574,BTBD9,ENSG00000183826,15577,0.7186055096753791,1.0489464857721353
443,20373,ANKRD28,ENSG00000206560,20376,0.767653525518426,1.047873462159922
444,16011,BRWD1,ENSG00000185658,16014,0.8394394828979468,1.047647898982115
445,9125,MKI67,ENSG00000148773,9128,0.5653809877703591,1.0475993022674652
446,13508,SMARCC1,ENSG00000173473,13511,0.8291470781131836,1.0465697013761504
447,8751,RNF145,ENSG00000145860,8754,0.7526349566701132,1.0465393521867261
448,4177,FAM172A,ENSG00000113391,4180,0.814190016114348,1.0458840118539512
449,16972,SPATS2L,ENSG00000196141,16975,0.7569437057571267,1.0456711756676818
450,7547,ADAM10,ENSG00000137845,7550,0.7836020793742211,1.044981911308172
451,838,GPBP1,ENSG00000062194,841,0.8271304773544516,1.0441459104133703
452,4652,RLF,ENSG00000117000,4655,0.7907397599373374,1.0440614748799752
453,12705,MAP3K2,ENSG00000169967,12708,0.832950390574872,1.0439438422250231
454,15301,RPS17,ENSG00000182774,15304,0.7761290487028307,1.0436225580580738
455,8936,DIAPH2,ENSG00000147202,8939,0.740849670480089,1.0435229505069321
456,7152,CEP350,ENSG00000135837,7155,0.848499651533583,1.043422030825265
457,11002,ARPC2,ENSG00000163466,11005,0.8373547054640679,1.0432131716855553
458,9477,RABGAP1L,ENSG00000152061,9480,0.7838765575868063,1.0431413054372207
459,7785,SCAF11,ENSG00000139218,7788,0.8570019279707695,1.042859144635325
460,11085,SLMAP,ENSG00000163681,11088,0.7936168229438518,1.0416640981630463
461,9907,RASA2,ENSG00000155903,9910,0.7789418281746718,1.041119806996662
462,4882,PTBP3,ENSG00000119314,4885,0.7972947231686165,1.0410809837773543
463,14862,NRIP1,ENSG00000180530,14865,0.6860094174896215,1.0393553647923928
464,790,ZC3H11A,ENSG00000058673,793,0.8431031204189987,1.039277809238639
465,11081,CCNL1,ENSG00000163660,11084,0.7739280445278818,1.0392416177616555
466,10103,DYRK1A,ENSG00000157540,10106,0.7858244857317918,1.0388981145941778
467,6258,AFDN,ENSG00000130396,6261,0.7671636195886451,1.0386908538909365
468,4615,SRSF11,ENSG00000116754,4618,0.8517605703195008,1.0386656535631076
469,10291,SON,ENSG00000159140,10294,0.8468105767741128,1.0385369892323344
470,8504,EXOC6B,ENSG00000144036,8507,0.7982593690088816,1.038363377240606
471,379,WWTR1,ENSG00000018408,382,0.7113250766307211,1.038284937653824
472,2363,HIF1A,ENSG00000100644,2366,0.7089697374169177,1.037953811735395
473,835,MON2,ENSG00000061987,838,0.8120397068272912,1.0375963367894292
474,11964,YWHAB,ENSG00000166913,11967,0.7918170157398066,1.0372935566209212
475,1856,RCOR1,ENSG00000089902,1859,0.7606097773412687,1.036518915855645
476,10491,TAOK1,ENSG00000160551,10494,0.8453410181405294,1.0363656233919787
477,19923,TBC1D8,ENSG00000204634,19926,0.6898721310569341,1.0360454118231233
478,1368,TM9SF3,ENSG00000077147,1371,0.8375518530940564,1.0359801936145656
479,703,TTC17,ENSG00000052841,706,0.8315188210027303,1.0345849197133854
480,60504,PRRC2B,ENSG00000288701,60507,0.8066413831336193,1.0343255104258118
481,527,CUL3,ENSG00000036257,530,0.8247416182082539,1.0342703814720946
482,665,ARID1B,ENSG00000049618,668,0.7774449118518141,1.0334416704408471
483,125,AP2B1,ENSG00000006125,128,0.8180837664365332,1.032905774516799
484,1225,PDE8A,ENSG00000073417,1228,0.7770423012978548,1.0325530242416492
485,12653,LIMS1,ENSG00000169756,12656,0.7499512099327482,1.0323814044880912
486,10125,BRAF,ENSG00000157764,10128,0.8230326321534364,1.032069730086713
487,4283,FXR1,ENSG00000114416,4286,0.7926160869636261,1.0320271856463474
488,9169,CELF1,ENSG00000149187,9172,0.8328693074052688,1.0311053785681148
489,3185,SIPA1L3,ENSG00000105738,3188,0.6763982065088178,1.0302064094598193
490,4334,NKTR,ENSG00000114857,4337,0.8124713917542701,1.029595155576222
491,40,TFPI,ENSG00000003436,43,0.6421220496314678,1.02847725772224
492,17592,RPS4X,ENSG00000198034,17595,0.77463474132905,1.028250171282286
493,19753,BMPR2,ENSG00000204217,19756,0.7989081412863482,1.0278387245250677
494,10563,RPL8,ENSG00000161016,10566,0.7668490154813785,1.0270115432731817
495,15315,ACBD3,ENSG00000182827,15318,0.7811002733147274,1.0268861936195384
496,6248,SNX9,ENSG00000130340,6251,0.7544604130748332,1.0262053545109553
497,199,JARID2,ENSG00000008083,202,0.6786468788034798,1.0261097673879451
498,1270,LMAN1,ENSG00000074695,1273,0.7756913017061655,1.025827790228353
499,8814,PHIP,ENSG00000146247,8817,0.7902563882924102,1.0255405159089492
500,9688,CHD1,ENSG00000153922,9691,0.7894911978489223,1.024793097234981
501,7742,PPP3CA,ENSG00000138814,7745,0.712770714151101,1.0244804067284519
502,249,ZNF207,ENSG00000010244,252,0.8214386893679426,1.0241656065608988
503,9373,MAGI1,ENSG00000151276,9376,0.6882575436702435,1.024047257389634
504,8476,PDIA6,ENSG00000143870,8479,0.7705462739705562,1.0238493956828674
505,3460,GBF1,ENSG00000107862,3463,0.7694003949482905,1.0231013957368063
506,2214,DDX17,ENSG00000100201,2217,0.8055817746041147,1.022918641482221
507,48358,TXNIP,ENSG00000265972,48361,0.6231369846925247,1.0227819358583208
508,13997,DLEU1,ENSG00000176124,14000,0.569209864805892,1.022776346227769
509,10523,LMNA,ENSG00000160789,10526,0.7419096464535998,1.0224068415064833
510,11093,APBB2,ENSG00000163697,11096,0.6925351942451031,1.021887543709612
511,784,PPP1R12A,ENSG00000058272,787,0.8305295593101768,1.0210164647639273
512,8584,RBMS3,ENSG00000144642,8587,0.5609972533005279,1.0205776321559261
513,10723,JAK1,ENSG00000162434,10726,0.7870768677729478,1.0201630670640558
514,6467,PPFIA1,ENSG00000131626,6470,0.7749658922511896,1.0199671274453956
515,17780,CALM1,ENSG00000198668,17783,0.7369850678228708,1.0196384698690788
516,7124,MDM2,ENSG00000135679,7127,0.6442910566963662,1.0187785959977806
517,10494,SIK3,ENSG00000160584,10497,0.7586281799343838,1.0175999263523503
518,12837,ARL6IP1,ENSG00000170540,12840,0.6628700662362099,1.0175587176366947
519,6231,RPL36,ENSG00000130255,6234,0.7478655764507752,1.0172049221375528
520,11147,YEATS2,ENSG00000163872,11150,0.778357299811358,1.0160867648923346
521,9395,FER,ENSG00000151422,9398,0.7597271455001324,1.015267726746414
522,1290,SEMA3A,ENSG00000075213,1293,0.510626286690731,1.0146964912869132
523,805,SLC2A3,ENSG00000059804,808,0.5796890374289206,1.0144243949758114
524,13160,MIR31HG,ENSG00000171889,13163,0.5627804635184522,1.014042584800616
525,3566,DDX5,ENSG00000108654,3569,0.7827361039349346,1.0128886741722827
526,8908,MSN,ENSG00000147065,8911,0.7025665288712691,1.0109252141462544
527,7590,ACTR2,ENSG00000138071,7593,0.8073533339167307,1.0108353332361615
528,6876,ROCK2,ENSG00000134318,6879,0.7556392736489888,1.0107190754640214
529,3490,CCNY,ENSG00000108100,3493,0.7594519452549686,1.0104033835522357
530,869,LIMCH1,ENSG00000064042,872,0.5996416223333807,1.0103829805918074
531,4522,NFE2L2,ENSG00000116044,4525,0.7805440742174304,1.0103021933396774
532,6458,DIAPH1,ENSG00000131504,6461,0.7646089769100977,1.0100544342831506
533,4441,SF3B1,ENSG00000115524,4444,0.8144833168712887,1.0097319746563984
534,11664,DDX21,ENSG00000165732,11667,0.7293776923885162,1.0069544128255448
535,3891,SLC38A1,ENSG00000111371,3894,0.733096294709769,1.006436126515362
536,10340,HK2,ENSG00000159399,10343,0.6660865489756236,1.0062309393312763
537,3492,RPL28,ENSG00000108107,3495,0.7616085807904502,1.006012059665959
538,17196,STRN3,ENSG00000196792,17199,0.7643849084621361,1.0054411668912944
539,2490,HM13,ENSG00000101294,2493,0.737470985245137,1.004741476672579
540,996,KLF6,ENSG00000067082,999,0.7028801990909158,1.0044174615236239
541,1432,PCM1,ENSG00000078674,1435,0.7656443754116241,1.0042070289885694
542,1346,TPD52,ENSG00000076554,1349,0.7273765287756541,1.0039508680154103
543,9064,RPL7A,ENSG00000148303,9067,0.7420136272023403,1.0031253165034422
544,3908,CNOT2,ENSG00000111596,3911,0.7683050828995484,1.0028861319257647
545,14228,CHD9,ENSG00000177200,14231,0.76806905857693,1.0027137588096127
546,168,PAFAH1B1,ENSG00000007168,171,0.7977177597329029,1.0024138269465188
547,8168,BRD4,ENSG00000141867,8171,0.8017938353333892,1.0023962080359121
548,3837,RSRC2,ENSG00000111011,3840,0.7613238764367992,1.0022399687155217
549,17134,MYO6,ENSG00000196586,17137,0.6817563332766022,1.0010352455693032
550,17235,SRGAP1,ENSG00000196935,17238,0.6524634972740037,1.000593330486911
551,8334,COP1,ENSG00000143207,8337,0.7799237739592745,0.9992309533528901
552,3219,ZC3HAV1,ENSG00000105939,3222,0.6148766216119975,0.9990338446492337
553,12387,STAT3,ENSG00000168610,12390,0.744818119422758,0.998992617312254
554,39339,ZFPM2-AS1,ENSG00000251003,39342,0.583047212496274,0.9976591205460048
555,6082,MINDY2,ENSG00000128923,6085,0.7141781285869435,0.9965292706007239
556,8599,RPL32,ENSG00000144713,8602,0.7439911909057969,0.996143351893993
557,7055,PHF21A,ENSG00000135365,7058,0.7272985573986934,0.9954762693179491
558,4770,KMT2A,ENSG00000118058,4773,0.779599357269638,0.9952744788285811
559,5308,CALD1,ENSG00000122786,5311,0.6069016546719386,0.9951352745256212
560,20136,IPO7,ENSG00000205339,20139,0.755800021831698,0.995066288144983
561,5585,DEK,ENSG00000124795,5588,0.7237120705523404,0.9946100965103737
562,12389,ADAM9,ENSG00000168615,12392,0.7139900619561392,0.9944271268117568
563,13148,RPS21,ENSG00000171858,13151,0.7207948044267477,0.9933337625798799
564,7156,LAMC1,ENSG00000135862,7159,0.708086775047588,0.9928644639134729
565,6097,COPB1,ENSG00000129083,6100,0.7528198077654132,0.9927845476296169
566,9393,NEK7,ENSG00000151414,9396,0.7299797589514669,0.9926206048174218
567,3657,AREG,ENSG00000109321,3660,0.49616027514786737,0.9922796790186996
568,17106,PRPF40A,ENSG00000196504,17109,0.7736937587849612,0.9921940634940793
569,27907,MT-ATP8,ENSG00000228253,27910,0.708085501316794,0.9920763117958592
570,1306,MARK3,ENSG00000075413,1309,0.7523878104368105,0.9918544025496527
571,2262,RBFOX2,ENSG00000100320,2265,0.776116516283899,0.9910862627094704
572,9981,RPL30,ENSG00000156482,9984,0.7475630072585351,0.9910421365991007
573,6829,BHLHE40,ENSG00000134107,6832,0.6740693709981567,0.9910216440623418
574,1024,ROCK1,ENSG00000067900,1027,0.7707689004082487,0.9905613245348996
575,17006,LCOR,ENSG00000196233,17009,0.7709275849777946,0.9904462265152676
576,5918,UBR4,ENSG00000127481,5921,0.7830261141094386,0.9900114844311553
577,15181,BACE2,ENSG00000182240,15184,0.6370788519490538,0.9894910781232277
578,2553,SMCHD1,ENSG00000101596,2556,0.7506738071778462,0.9885730056355158
579,4072,QKI,ENSG00000112531,4075,0.6752216523745626,0.9882889207357508
580,13115,CAMTA1,ENSG00000171735,13118,0.6953947754632208,0.9879240234760485
581,12333,SEPTIN2,ENSG00000168385,12336,0.7701874534751582,0.9870974600382507
582,6889,CDC73,ENSG00000134371,6892,0.727855355870529,0.9854451514196396
583,5472,ARFGEF2,ENSG00000124198,5475,0.7491035605259314,0.9843902144142952
584,5480,STAU1,ENSG00000124214,5483,0.7637852189279382,0.9837740039059645
585,4096,SENP6,ENSG00000112701,4099,0.7536594075640668,0.9831035049580297
586,5193,KHDRBS1,ENSG00000121774,5196,0.7717959856686524,0.9828141874359753
587,10510,ADAR,ENSG00000160710,10513,0.7488661265109774,0.9825491028479999
588,4198,NR3C1,ENSG00000113580,4201,0.6504213625008081,0.9812958982435375
589,9581,PTPRK,ENSG00000152894,9584,0.6424731012527585,0.9812008804680956
590,135,BAIAP2L1,ENSG00000006453,138,0.6407714428371003,0.9806794914761274
591,1303,RASAL2,ENSG00000075391,1306,0.6689366568968161,0.9805700442634422
592,7184,GCC2,ENSG00000135968,7187,0.7371031885831197,0.9804811467618434
593,11373,RPS14,ENSG00000164587,11376,0.7207356534436131,0.9791477046734669
594,4668,KDM5B,ENSG00000117139,4671,0.7021639236315824,0.9790718521103923
595,6888,NAV1,ENSG00000134369,6891,0.5388706627342341,0.9785647174286016
596,48219,RPL17,ENSG00000265681,48222,0.7153293813312707,0.9764578929145233
597,13510,PTPRM,ENSG00000173482,13513,0.5792630772942278,0.9762670091196481
598,4275,TFG,ENSG00000114354,4278,0.7161047839448916,0.9761683745994325
599,295,PIK3C2A,ENSG00000011405,298,0.7278635614372756,0.975322306117397
600,10650,EIF4A1,ENSG00000161960,10653,0.7315175190331887,0.9752299571686951
601,17031,IARS1,ENSG00000196305,17034,0.6658927042541599,0.9750208644330183
602,7822,NUP58,ENSG00000139496,7825,0.6728008684436678,0.974211397677994
603,882,HIPK2,ENSG00000064393,885,0.6640369448208321,0.9741441866120817
604,42174,EEF1G,ENSG00000254772,42177,0.7243495744633085,0.9740171672374275
605,1055,PSME4,ENSG00000068878,1058,0.7140051166042685,0.9739495056012545
606,2441,ADNP,ENSG00000101126,2444,0.7531800874347354,0.9724031632452619
607,16903,FHIT,ENSG00000189283,16906,0.5990795465107713,0.9723030646284783
608,22472,RPS29,ENSG00000213741,22475,0.6938136019564475,0.9713000117189163
609,1959,SCFD1,ENSG00000092108,1962,0.7393845632394086,0.9709365699552065
610,1175,ACTN1,ENSG00000072110,1178,0.7063795162715328,0.9697969595669796
611,50114,KCNQ1OT1,ENSG00000269821,50117,0.6321250905761653,0.9692848603666148
612,11129,WDR43,ENSG00000163811,11132,0.6707542902588072,0.9676431399747144
613,4833,FOXO3,ENSG00000118689,4836,0.6892064902698463,0.9674479216522631
614,11443,OXR1,ENSG00000164830,11446,0.6413582847848948,0.9669703143923116
615,8729,BDP1,ENSG00000145734,8732,0.7544685305112336,0.9668332964114373
616,3661,ELF2,ENSG00000109381,3664,0.7208086925150899,0.966595516115845
617,917,PKN2,ENSG00000065243,920,0.748497265505499,0.9664296115325881
618,13470,TNKS,ENSG00000173273,13473,0.7191612093564702,0.9655668689697192
619,12597,CLIC4,ENSG00000169504,12600,0.6862807604178586,0.9647495860712354
620,8085,BCAS3,ENSG00000141376,8088,0.6769568055206384,0.9642183235301696
621,14602,TMTC2,ENSG00000179104,14605,0.6204342477882264,0.9636956407253319
622,8906,KDM6A,ENSG00000147050,8909,0.6906239918531214,0.9632874381169418
623,2569,RIOK3,ENSG00000101782,2572,0.6671292345702434,0.9618282069999209
624,17103,NCOR2,ENSG00000196498,17106,0.7235768406478238,0.9598047459550154
625,1452,XRCC5,ENSG00000079246,1455,0.7361356499030244,0.9596392888915767
626,8555,NBEAL1,ENSG00000144426,8558,0.7127711833159661,0.9587077487867414
627,8600,PTPRG,ENSG00000144724,8603,0.5986896595602771,0.9586995851022696
628,10182,WASF2,ENSG00000158195,10185,0.729487725655794,0.9583749939343176
629,11255,FHIP1A,ENSG00000164142,11258,0.6056161767640647,0.9583306471376023
630,8140,WDR45B,ENSG00000141580,8143,0.678104215893474,0.9583305715155599
631,4578,SFPQ,ENSG00000116560,4581,0.7261794076040037,0.9581649829356819
632,323,MAP4K5,ENSG00000012983,326,0.6919376165657642,0.9580548634305539
633,9986,EEF1A1,ENSG00000156508,9989,0.7074152458799288,0.9579510018868755
634,10973,COL6A3,ENSG00000163359,10976,0.35269033455264787,0.9577786850674972
635,1833,FUS,ENSG00000089280,1836,0.7326012131155836,0.9575833838258383
636,13678,RPL4,ENSG00000174444,13681,0.7031692674001453,0.9567965337461217
637,8775,CDKAL1,ENSG00000145996,8778,0.7077695754999225,0.9558952718958874
638,13310,AFF1,ENSG00000172493,13313,0.6947125021744661,0.9551936817104572
639,6805,NUMB,ENSG00000133961,6808,0.7148639698887292,0.9546753198894642
640,4411,CCDC88A,ENSG00000115355,4414,0.6610480154910137,0.954226396286347
641,14383,RPS27,ENSG00000177954,14386,0.6880391610232489,0.9538957744991856
642,22385,VDAC1,ENSG00000213585,22388,0.7277241965639341,0.9528932987168717
643,2600,STAG2,ENSG00000101972,2603,0.7302210276974946,0.9522882153503377
644,4159,CLINT1,ENSG00000113282,4162,0.709948808973504,0.9522620017646015
645,6885,IL6ST,ENSG00000134352,6888,0.6980479009757881,0.9521022048087113
646,8967,SLC25A37,ENSG00000147454,8970,0.6362194152792358,0.9518294657589366
647,1411,UBE2K,ENSG00000078140,1414,0.7392149793264793,0.9517541189415035
648,714,LAMA3,ENSG00000053747,717,0.49256864722845284,0.9516585254567302
649,1434,CBFA2T2,ENSG00000078699,1437,0.7148437581834116,0.9498573516815507
650,17942,PJA2,ENSG00000198961,17945,0.7005144204920994,0.9496270836809675
651,109,ITGA3,ENSG00000005884,112,0.619913505544921,0.9480389629422037
652,8606,TMF1,ENSG00000144747,8609,0.7010955607953919,0.9477556278662416
653,16712,RALGAPA2,ENSG00000188559,16715,0.6508710699769765,0.9466161734643012
654,1862,PAPOLA,ENSG00000090060,1865,0.7218112669561763,0.9458995609490836
655,5264,ZNF644,ENSG00000122482,5267,0.7156797118355847,0.9456192862548916
656,1714,PPP1R15A,ENSG00000087074,1717,0.6406249398556876,0.9449995093778323
657,14427,LCORL,ENSG00000178177,14430,0.6694510265879788,0.9449109141051699
658,5203,PDS5A,ENSG00000121892,5206,0.729404491319893,0.9438868505816357
659,3686,FBXW7,ENSG00000109670,3689,0.694713961416079,0.9429173466318556
660,1591,TNPO1,ENSG00000083312,1594,0.7059432501391821,0.9427743365601038
661,4359,ACTR3,ENSG00000115091,4362,0.7121653067367478,0.9425088493441859
662,740,NOP58,ENSG00000055044,743,0.6735540581328153,0.9419897568921516
663,14224,RPS6KA3,ENSG00000177189,14227,0.6733162640821054,0.9414591591281307
664,7121,USP15,ENSG00000135655,7124,0.7098082394613093,0.9412981932717609
665,2011,SUCO,ENSG00000094975,2014,0.6808656828412698,0.9411212443635744
666,8077,SSH2,ENSG00000141298,8080,0.6740320909832037,0.9410301243421099
667,697,PLEKHA5,ENSG00000052126,700,0.6105465402813642,0.940973510785819
668,1249,CLASP1,ENSG00000074054,1252,0.7153458444084348,0.9409173738440629
669,9546,TMEM123,ENSG00000152558,9549,0.6741673002986882,0.9407690665261199
670,10158,BABAM2,ENSG00000158019,10161,0.6767820243447966,0.94071177941722
671,8759,TNIP1,ENSG00000145901,8762,0.669930785739871,0.9406577062891103
672,7601,LRPPRC,ENSG00000138095,7604,0.6893200370877025,0.9399794016267046
673,11434,SPIDR,ENSG00000164808,11437,0.6787072072006968,0.9399395137060922
674,12756,USP47,ENSG00000170242,12759,0.7086196773183643,0.939642551838243
675,9166,PTPRJ,ENSG00000149177,9169,0.6524632991048426,0.9395659124810848
676,10016,NSMCE2,ENSG00000156831,10019,0.6962494737944526,0.9394229028861141
677,10210,B4GALT5,ENSG00000158470,10213,0.6260503000801998,0.939284732637196
678,830,NCKAP1,ENSG00000061676,833,0.7013174393367677,0.9388019365798537
679,5428,AGO2,ENSG00000123908,5431,0.6826916622245364,0.9388015762250561
680,28799,ENSG00000229618,ENSG00000229618,28802,0.37266272035836195,0.938785369819846
681,16216,KPNA4,ENSG00000186432,16219,0.6920518160591634,0.9387108930442549
682,3401,GLIS3,ENSG00000107249,3404,0.5105642499194218,0.9385121643532273
683,991,MYO9A,ENSG00000066933,994,0.6828982847171952,0.9384811932973096
684,9436,ADAM17,ENSG00000151694,9439,0.6838118365924624,0.9377689769641199
685,12717,YWHAG,ENSG00000170027,12720,0.7011397508592376,0.9371982313803628
686,10036,EIF4A2,ENSG00000156976,10039,0.6887032301012557,0.9348150503422579
687,11731,ABTB2,ENSG00000166016,11734,0.5755413603601517,0.9346931349995009
688,19992,ATXN2,ENSG00000204842,19995,0.7067270997865058,0.9344161054670793
689,3842,KRT18,ENSG00000111057,3845,0.5534414982042851,0.9343679989571179
690,1012,RHOA,ENSG00000067560,1015,0.6995023374211781,0.9342439871567951
691,8280,SERBP1,ENSG00000142864,8283,0.6973193177117378,0.9340500815243461
692,7660,ITPRID2,ENSG00000138434,7663,0.6184867224514513,0.9340016338369488
693,758,ZFR,ENSG00000056097,761,0.7147696181048734,0.9337387913895633
694,15611,PTP4A2,ENSG00000184007,15614,0.687127444891583,0.9330974084850555
695,7239,KDELR2,ENSG00000136240,7242,0.671863743082168,0.932999743072906
696,13403,MIR4435-2HG,ENSG00000172965,13406,0.5963287604704017,0.9328803010200952
697,1352,NT5C2,ENSG00000076685,1355,0.6684771502131511,0.9313144431528124
698,11846,RPL27A,ENSG00000166441,11849,0.6840911654125021,0.9311193590338991
699,7325,YME1L1,ENSG00000136758,7328,0.7041616657166482,0.9308710057248593
700,13689,DENND4A,ENSG00000174485,13692,0.654570646187127,0.9292817099271735
701,3718,FNBP4,ENSG00000109920,3721,0.7041605177955976,0.9282515772566675
702,6794,ZFC3H1,ENSG00000133858,6797,0.6919683187974885,0.9280188146195743
703,17900,SMC5,ENSG00000198887,17903,0.7033310510037577,0.9280051633935158
704,11125,SPDYA,ENSG00000163806,11128,0.7075154545829007,0.9279268942330644
705,9403,FRMD4A,ENSG00000151474,9406,0.4523224477643078,0.9274085803809622
706,17693,SPRED2,ENSG00000198369,17696,0.6675929844315656,0.9269429047620021
707,9687,SREK1,ENSG00000153914,9690,0.6885331286463966,0.9269102371786848
708,17194,MAML3,ENSG00000196782,17197,0.5646943393193866,0.9268805094490888
709,54156,MARCKS,ENSG00000277443,54159,0.5937334035680332,0.9266921382593754
710,35836,RPL36A,ENSG00000241343,35839,0.6695478176180991,0.9262001246876651
711,16855,ARID2,ENSG00000189079,16858,0.670018138791626,0.9259427455713591
712,7169,SERPINE2,ENSG00000135919,7172,0.4828283904978902,0.9254337437245347
713,11131,CDCP1,ENSG00000163814,11134,0.5937994448799261,0.9246443159218992
714,11855,TMEM41B,ENSG00000166471,11858,0.6442768442914381,0.9243353362407463
715,14834,ZNF609,ENSG00000180357,14837,0.6956619611340574,0.924051990489462
716,17232,FLNA,ENSG00000196924,17235,0.6528514391694742,0.9236375997920732
717,2701,INTS6,ENSG00000102786,2704,0.6256085460651138,0.9230985676081891
718,6994,ANXA1,ENSG00000135046,6997,0.568226131182176,0.923070421307436
719,7959,USP3,ENSG00000140455,7962,0.6192838175556791,0.9228402805123395
720,19722,GIGYF2,ENSG00000204120,19725,0.6960904044792047,0.9216034107236384
721,2396,SRP54,ENSG00000100883,2399,0.6556737586384457,0.9213021657793685
722,4696,SLC2A1,ENSG00000117394,4699,0.5984735228220743,0.9211621579950469
723,17113,NACA,ENSG00000196531,17116,0.6805093162460873,0.9209841039040931
724,9929,GNAQ,ENSG00000156052,9932,0.6659170145285626,0.9206796966025245
725,7851,TMBIM6,ENSG00000139644,7854,0.7013773335340527,0.920501886856263
726,3834,PTGES3,ENSG00000110958,3837,0.6888758682891772,0.920366171518467
727,4258,XRN1,ENSG00000114127,4261,0.6893507157389565,0.9199788004215836
728,9508,PDK1,ENSG00000152256,9511,0.6272529087153212,0.9198574688027517
729,1557,BZW1,ENSG00000082153,1560,0.6658451869047903,0.9191636622880617
730,7042,SYNCRIP,ENSG00000135316,7045,0.6930420517488363,0.9185849607574821
731,9039,AOPEP,ENSG00000148120,9042,0.650534788573034,0.9183586474825945
732,946,FAM107B,ENSG00000065809,949,0.5743398797045085,0.9181890305857233
733,9003,EIF3H,ENSG00000147677,9006,0.6688612581683786,0.9177711202384236
734,1476,EPB41L2,ENSG00000079819,1479,0.6243716793962907,0.9177088279039627
735,5338,ITPR2,ENSG00000123104,5341,0.589397891135523,0.917185931584747
736,985,ARFGEF1,ENSG00000066777,988,0.6925264660907783,0.91674060921826
737,7677,TMOD3,ENSG00000138594,7680,0.69304542539995,0.9151813408113354
738,14270,ZFAS1,ENSG00000177410,14273,0.6482012528310394,0.9151659196637372
739,1312,FRYL,ENSG00000075539,1315,0.6896971808313757,0.9144030989788238
740,1743,SF3B2,ENSG00000087365,1746,0.6812104822269165,0.9141029023010849
741,17759,TLK1,ENSG00000198586,17762,0.6904913483023022,0.9137192023781207
742,4487,RAB3GAP1,ENSG00000115839,4490,0.6778948488605101,0.9135601989620598
743,5767,RALY,ENSG00000125970,5770,0.6700140780191876,0.912599673303774
744,6964,TMEM165,ENSG00000134851,6967,0.6286995654020581,0.9124734880973133
745,16107,LRCH3,ENSG00000186001,16110,0.6782280331797457,0.9112565040144232
746,5023,MTHFD1L,ENSG00000120254,5026,0.6149439590243512,0.91106881803879
747,1857,GPATCH2L,ENSG00000089916,1860,0.6713101374275262,0.9109185673804285
748,7769,ETNK1,ENSG00000139163,7772,0.6511092908489646,0.9107292307113297
749,5606,CNOT1,ENSG00000125107,5609,0.6799545237918806,0.9092343675648167
750,4269,HES1,ENSG00000114315,4272,0.5697068327581386,0.9089014739707246
751,1424,MLLT10,ENSG00000078403,1427,0.6538624472173948,0.9086659171484686
752,8289,PTPRF,ENSG00000142949,8292,0.6593850118306819,0.9076243017854793
753,6951,DTNA,ENSG00000134769,6954,0.46955977294156687,0.9074022420854452
754,3406,SETX,ENSG00000107290,3409,0.6613746579542196,0.907339535103581
755,8031,CDH13,ENSG00000140945,8034,0.42095512931081636,0.9070610149010022
756,12602,METTL15,ENSG00000169519,12605,0.6631922259557851,0.9060200400319907
757,7699,HNRNPD,ENSG00000138668,7702,0.674096208899454,0.9052521090144797
758,10279,RAPGEF6,ENSG00000158987,10282,0.667776137708951,0.9041414162568944
759,8040,RPS2,ENSG00000140988,8043,0.6435084179375219,0.9033437544244132
760,15807,RBM33,ENSG00000184863,15810,0.6660047454520175,0.9031629495024247
761,475,BCLAF1,ENSG00000029363,478,0.6593843531307577,0.9027587525148091
762,233,REV3L,ENSG00000009413,236,0.6060406049020954,0.9025192695271091
763,13158,FRMD5,ENSG00000171877,13161,0.5502163014923842,0.9024907157754709
764,506,SLC4A7,ENSG00000033867,509,0.5957568993651247,0.9024714882113534
765,6417,CAP1,ENSG00000131236,6420,0.673644022278718,0.9012902017820963
766,8852,SDK1,ENSG00000146555,8855,0.48365188099927797,0.901219373336317
767,230,RPS20,ENSG00000008988,233,0.6545090037216943,0.9006642623338275
768,2031,BTAF1,ENSG00000095564,2034,0.6500729637978275,0.9005204567826601
769,2915,EIF3E,ENSG00000104408,2918,0.6494300697885769,0.8999628857696912
770,7448,IER3,ENSG00000137331,7451,0.55142134345049,0.8994125371853705
771,11239,ANXA5,ENSG00000164111,11242,0.6431997051801683,0.8985961310425037
772,9700,PPP2R5E,ENSG00000154001,9703,0.6540679610278813,0.8981531388072839
773,13398,OXSR1,ENSG00000172939,13401,0.6357729827033706,0.8976143837906272
774,17855,FOXJ3,ENSG00000198815,17858,0.6560480108626717,0.8970617255604301
775,6911,EMP1,ENSG00000134531,6914,0.5258757478741571,0.8968744126795679
776,11516,HNRNPK,ENSG00000165119,11519,0.6739088155573093,0.8961787930463179
777,13151,PTEN,ENSG00000171862,13154,0.6369036411575771,0.8958197667884835
778,11565,ARHGAP12,ENSG00000165322,11568,0.6427895172908277,0.8957725726632408
779,13758,RSRC1,ENSG00000174891,13761,0.6620649414069064,0.8938137190159072
780,19903,HLA-E,ENSG00000204592,19906,0.622991620771769,0.8936034878085208
781,16731,DPYD,ENSG00000188641,16734,0.523680231097235,0.8930654214264739
782,34421,LINC01473,ENSG00000237877,34424,0.6119386713949813,0.8927598013360453
783,1596,PIBF1,ENSG00000083535,1599,0.6423795445977786,0.89196080485394
784,8016,ZFHX3,ENSG00000140836,8019,0.6302129268770811,0.8918400044794905
785,232,UBE3C,ENSG00000009335,235,0.656366467146674,0.8915293371945248
786,4271,ACAP2,ENSG00000114331,4274,0.6642794536894095,0.8912420736282332
787,7658,OLA1,ENSG00000138430,7661,0.6369666268326832,0.8912408870261064
788,1614,YTHDC1,ENSG00000083896,1617,0.645445078799906,0.8904946301794885
789,5919,HP1BP3,ENSG00000127483,5922,0.6588817174935392,0.890427842054877
790,3433,MAPK8,ENSG00000107643,3436,0.6449455443131189,0.8902599305375805
791,854,RPL18,ENSG00000063177,857,0.6224206520349748,0.8888530922896256
792,505,PIAS1,ENSG00000033800,508,0.6492262489400731,0.8884553172406263
793,6030,PRKRIP1,ENSG00000128563,6033,0.6305960304582893,0.8884154650464577
794,8528,UBXN4,ENSG00000144224,8531,0.6665432323500395,0.8882735030056814
795,7665,ITGAV,ENSG00000138448,7668,0.6198805254562424,0.8878218843845049
796,14434,PLEC,ENSG00000178209,14437,0.5938650398462278,0.8870096569287806
797,1972,TRPM7,ENSG00000092439,1975,0.6450076361493591,0.886999063135267
798,8236,RPS11,ENSG00000142534,8239,0.6290492125220768,0.886897813526577
799,9992,CD109,ENSG00000156535,9995,0.5221804209733811,0.886581439430528
800,3308,PHF14,ENSG00000106443,3311,0.6180319361386589,0.8863009798796556
801,5077,ELF1,ENSG00000120690,5080,0.5983394240010026,0.8858935030161427
802,9435,ASAP2,ENSG00000151693,9438,0.5869231015088897,0.8846359413871505
803,9837,CDK19,ENSG00000155111,9840,0.6183396651254977,0.8845636843746019
804,8911,HDAC8,ENSG00000147099,8914,0.6306112749521229,0.8845452252684567
805,2376,PCNX1,ENSG00000100731,2379,0.6418481759302068,0.8844518415064466
806,7232,TNS3,ENSG00000136205,7235,0.5533413782847704,0.8826629623637731
807,10852,CAPN2,ENSG00000162909,10855,0.6136217863967383,0.8825982416992332
808,1612,RPS5,ENSG00000083845,1615,0.6228512119867129,0.8822989054412269
809,9755,ENAH,ENSG00000154380,9758,0.6021614098556548,0.8822149614237664
810,7756,ETV6,ENSG00000139083,7759,0.5819030726840696,0.8818317335103243
811,3746,CCND1,ENSG00000110092,3749,0.5515692398905274,0.8817585017652727
812,53,RBM6,ENSG00000004534,56,0.6563935581304454,0.8816811467988419
813,7380,RPL35,ENSG00000136942,7383,0.6215258363263721,0.8814156436715368
814,8898,LUC7L2,ENSG00000146963,8901,0.6491423152203765,0.8812411202757764
815,11495,ABCA1,ENSG00000165029,11498,0.46723987786893934,0.8811714487510343
816,12972,PRKCE,ENSG00000171132,12975,0.6085054529985517,0.8803026131124979
817,7525,SLTM,ENSG00000137776,7528,0.6397070523505581,0.879730603911749
818,12892,USP32,ENSG00000170832,12895,0.6355600126423336,0.8789527926536764
819,35681,MIF,ENSG00000240972,35684,0.6120121792838458,0.8786090155561785
820,2419,TRPC4AP,ENSG00000100991,2422,0.6313953925148736,0.8785987333940317
821,469,VEZT,ENSG00000028203,472,0.6199756331763914,0.8781648897769062
822,16850,H1-0,ENSG00000189060,16853,0.55146993452071,0.8778862391802673
823,5277,CBX3,ENSG00000122565,5280,0.6394441852028062,0.8775599796394971
824,1925,MAP3K20,ENSG00000091436,1928,0.6115799012690063,0.8774853626219234
825,4249,UBE3A,ENSG00000114062,4252,0.6572026011844476,0.8772698956176175
826,15045,SETD2,ENSG00000181555,15048,0.6481860759033256,0.8770864869347057
827,1390,CAPZB,ENSG00000077549,1393,0.6497768418466531,0.8767016005377756
828,4205,SEC24A,ENSG00000113615,4208,0.6130353585554426,0.8765666600523894
829,7043,SNX14,ENSG00000135317,7046,0.6309217447195868,0.8763429533481644
830,7653,PPIG,ENSG00000138398,7656,0.6498726857097209,0.8760382490084755
831,428,BIRC3,ENSG00000023445,431,0.527176010388976,0.8757747436633208
832,5637,FAM193A,ENSG00000125386,5640,0.6528117631111742,0.8749401001077715
833,3697,RAPGEF2,ENSG00000109756,3700,0.6036128149426407,0.8744428137919982
834,16254,GPATCH8,ENSG00000186566,16257,0.6493998545851573,0.8743420083438227
835,13808,PACS1,ENSG00000175115,13811,0.6247797376959972,0.8741543374284763
836,5106,TNFRSF10B,ENSG00000120889,5109,0.5879150238265677,0.8736897655994935
837,4143,CERT1,ENSG00000113163,4146,0.6347372952465443,0.8732349651930447
838,11064,WDFY3,ENSG00000163625,11067,0.6355503003262947,0.872875821888198
839,8901,SH3KBP1,ENSG00000147010,8904,0.5807435342750018,0.8726563561855376
840,12803,KRT8,ENSG00000170421,12806,0.5377266221746433,0.8711380087013172
841,400,MNAT1,ENSG00000020426,403,0.6330320613283131,0.8706624299193999
842,9579,UTRN,ENSG00000152818,9582,0.5839790267951652,0.870628283257973
843,304,MAP4K3,ENSG00000011566,307,0.6299250135042992,0.8705594099296361
844,17820,SLC5A3,ENSG00000198743,17823,0.5449793996099723,0.8699000615725662
845,1292,SEMA3C,ENSG00000075223,1295,0.5127467847535045,0.8698789303141801
846,3190,AVL9,ENSG00000105778,3193,0.6349699867378493,0.8697719540331645
847,8724,RASA1,ENSG00000145715,8727,0.611077261147427,0.8695303273723234
848,3461,ARHGAP21,ENSG00000107863,3464,0.600224668234192,0.8693527492055437
849,4790,KLF7,ENSG00000118263,4793,0.550210388739048,0.8692632540500438
850,37986,FMN1,ENSG00000248905,37989,0.43295927948834,0.8691883118154382
851,6982,ETS1,ENSG00000134954,6985,0.5466855370983302,0.8688498576468875
852,14063,KCMF1,ENSG00000176407,14066,0.6252464709146659,0.8682142296749488
853,243,BAZ1B,ENSG00000009954,246,0.6300313997614707,0.8673938331044746
854,1084,ATP1B3,ENSG00000069849,1087,0.6097636157222123,0.8671525412419592
855,5060,KIAA1217,ENSG00000120549,5063,0.5370382188100978,0.8668895455476497
856,7326,DNAJC1,ENSG00000136770,7329,0.5960387549819804,0.8668890683530674
857,7413,DENND4C,ENSG00000137145,7416,0.6161977119289594,0.8667272588254695
858,3820,CORO1C,ENSG00000110880,3823,0.6095105005822402,0.8664406088687675
859,2862,TMEM87A,ENSG00000103978,2865,0.632066259075105,0.8654077248087598
860,8483,EML4,ENSG00000143924,8486,0.5890911594159803,0.8652116860862773
861,74,SKAP2,ENSG00000005020,77,0.5921487031002567,0.8649321873699387
862,2686,DNAJC3,ENSG00000102580,2689,0.5690584235791063,0.8647787165756633
863,932,SPEN,ENSG00000065526,935,0.6295732701514247,0.8643966576189852
864,3724,HSPA8,ENSG00000109971,3727,0.5776409778984652,0.8641777797945686
865,8680,CAMK2D,ENSG00000145349,8683,0.589138041222428,0.8639659207410516
866,17024,SUPT3H,ENSG00000196284,17027,0.5923519479549204,0.8639528407693335
867,1313,TMEM131,ENSG00000075568,1316,0.6325052087726081,0.8638338896107058
868,17476,SPTAN1,ENSG00000197694,17479,0.6168168967468045,0.8635779889251766
869,11053,RYBP,ENSG00000163602,11056,0.5865651448625673,0.8634060865310196
870,14134,BASP1,ENSG00000176788,14137,0.4833660940409695,0.8632878808098094
871,6337,CLIP1,ENSG00000130779,6340,0.6178953355029925,0.8630040123912635
872,17700,ITSN2,ENSG00000198399,17703,0.6247112617600613,0.8628312848416104
873,9411,VTI1A,ENSG00000151532,9414,0.617798738816561,0.8627196377310746
874,13076,BCL2L1,ENSG00000171552,13079,0.5411611062488337,0.8624179555997784
875,5885,HIVEP3,ENSG00000127124,5888,0.5127534634375543,0.8623358008156554
876,9668,CFDP1,ENSG00000153774,9671,0.6268513539327398,0.8619691150662582
877,2684,STK24,ENSG00000102572,2687,0.5653772437198641,0.8612860522200163
878,7291,MARCHF7,ENSG00000136536,7294,0.6411818748820887,0.8608160145221742
879,7398,TLN1,ENSG00000137076,7401,0.6211625809683152,0.8603776897769074
880,9336,SEC24D,ENSG00000150961,9339,0.5711446824544801,0.8600915510277126
881,4382,PSMD14,ENSG00000115233,4385,0.5956434647220397,0.859753171450061
882,7299,EPRS1,ENSG00000136628,7302,0.6151110293760225,0.8593000590938078
883,13513,PEAK1,ENSG00000173517,13516,0.5984781362289189,0.8592124502049295
884,12487,MAP2K1,ENSG00000169032,12490,0.6075200458834983,0.8591545615017933
885,9322,DOCK1,ENSG00000150760,9325,0.6078648546815523,0.8584926580513548
886,773,GDI2,ENSG00000057608,776,0.634421921284077,0.8582150249848227
887,2238,PACSIN2,ENSG00000100266,2241,0.6148031257991923,0.858006714916582
888,5770,EIF2S2,ENSG00000125977,5773,0.6098718212661456,0.8573214434758654
889,13825,PCCA,ENSG00000175198,13828,0.5839270142320081,0.8565892499319865
890,15856,SEMA4B,ENSG00000185033,15859,0.5656364979086473,0.8563631656535098
891,4337,EIF4G1,ENSG00000114867,4340,0.625576721908729,0.856005125070479
892,5433,ACSL3,ENSG00000123983,5436,0.5767271331262556,0.8557127858540128
893,512,RNF19A,ENSG00000034677,515,0.5890905965609028,0.855490616249491
894,5838,IFI6,ENSG00000126709,5841,0.5107226710981402,0.8547643480561249
895,14316,JUN,ENSG00000177606,14319,0.553113948175976,0.8546046989733711
896,4726,PTBP2,ENSG00000117569,4729,0.6134265362398448,0.854327149558109
897,1799,XRN2,ENSG00000088930,1802,0.6134352652273534,0.8543047909595087
898,13045,ASXL1,ENSG00000171456,13048,0.6130367123612477,0.8542820960536821
899,3336,RHEB,ENSG00000106615,3339,0.5971269612655489,0.8542163010873502
900,6695,MPRIP,ENSG00000133030,6698,0.5783358384410363,0.8540797063700587
901,6324,EIF2S3,ENSG00000130741,6327,0.6277150627292609,0.8537372490102908
902,1046,ATP11A,ENSG00000068650,1049,0.5469824410753126,0.8533666376441789
903,607,DSG2,ENSG00000046604,610,0.5496088308597602,0.8529312175534087
904,6942,TUT4,ENSG00000134744,6945,0.6170590360578055,0.8521392146055053
905,12736,UBE2E1,ENSG00000170142,12739,0.6049233290268324,0.8519963979349382
906,3275,ZKSCAN1,ENSG00000106261,3278,0.6009163717668211,0.8510108992555339
907,3543,PFN1,ENSG00000108518,3546,0.5947520354332478,0.850855472818155
908,372,ATP2C1,ENSG00000017260,375,0.6183256261235198,0.8501784782353493
909,4280,RPL24,ENSG00000114391,4283,0.6081700283212582,0.8500427151069501
910,5998,ATF4,ENSG00000128272,6001,0.6007665067982495,0.8491234790765032
911,546,BOD1L1,ENSG00000038219,549,0.6202831627879605,0.8490247213525446
912,4832,MYL12B,ENSG00000118680,4835,0.5879368700224297,0.8490028582753757
913,7868,DIAPH3,ENSG00000139734,7871,0.48797170738375883,0.8487933673266318
914,4692,CD46,ENSG00000117335,4695,0.5945801063359479,0.8486686952771776
915,5789,KLC1,ENSG00000126214,5792,0.625313134527645,0.8484929520311986
916,2477,RNF24,ENSG00000101236,2480,0.5665769906706358,0.8469114593776563
917,1504,CNOT4,ENSG00000080802,1507,0.6105116985922561,0.8462927837688836
918,8320,DCAF6,ENSG00000143164,8323,0.6144112439826942,0.8460496395264028
919,3506,FBXL20,ENSG00000108306,3509,0.5671298793459342,0.845801013913116
920,12291,DDIT4,ENSG00000168209,12294,0.5281494347625765,0.8456454793412849
921,11560,BRWD3,ENSG00000165288,11563,0.5919893840649704,0.8451224872517131
922,678,LIMA1,ENSG00000050405,681,0.5582797777194503,0.8449465749582434
923,4984,MXI1,ENSG00000119950,4987,0.5700223658604684,0.844636425193962
924,6730,SRRM1,ENSG00000133226,6733,0.6115313061810906,0.8445489513541775
925,9641,CYRIB,ENSG00000153310,9644,0.6005236941045938,0.8442413200800324
926,5784,AGO3,ENSG00000126070,5787,0.615592148792493,0.8440786189449532
927,2559,RNMT,ENSG00000101654,2562,0.5836880391153256,0.8428534876388474
928,7561,FNBP1L,ENSG00000137942,7564,0.5754570002616611,0.8425499768715556
929,728,KIF1B,ENSG00000054523,731,0.6046881287965052,0.8422481501019222
930,7861,SBNO1,ENSG00000139697,7864,0.6114098823438288,0.8421545448542902
931,3324,AHR,ENSG00000106546,3327,0.5371421739004687,0.8420690194002993
932,13059,RSL1D1,ENSG00000171490,13062,0.5979602529020391,0.8416771898491708
933,789,ATP2B4,ENSG00000058668,792,0.5306397069013523,0.841268135144154
934,4782,CAMSAP2,ENSG00000118200,4785,0.6041217960920892,0.8411669005359255
935,4868,UBE2B,ENSG00000119048,4871,0.5980026478526251,0.8404812931914842
936,5335,RASSF8,ENSG00000123094,5338,0.48802487969980685,0.8403859887154129
937,105,MYCBP2,ENSG00000005810,108,0.5933271322638616,0.8399426065537342
938,2691,PARP4,ENSG00000102699,2694,0.5765678638324836,0.8398056997839074
939,5758,HNRNPR,ENSG00000125944,5761,0.6049860940366163,0.8397361999607991
940,8617,PHLDB2,ENSG00000144824,8620,0.48727868286478393,0.8383222786775644
941,7140,EGLN1,ENSG00000135766,7143,0.5663631245711876,0.837834203101719
942,296,PLAUR,ENSG00000011422,299,0.52299139924939,0.8368202091353347
943,8689,USP53,ENSG00000145390,8692,0.5624488773390597,0.8366619793183689
944,3398,RIGI,ENSG00000107201,3401,0.4899629804636671,0.8365103991348561
945,16423,MAGI2,ENSG00000187391,16426,0.399317699959741,0.8361958094347337
946,9344,SLC7A11,ENSG00000151012,9347,0.4824500781364207,0.835762586702151
947,7324,ABI1,ENSG00000136754,7327,0.5899284866683615,0.8354340758242371
948,7559,BCAR3,ENSG00000137936,7562,0.5250663338001176,0.8353736803455092
949,11041,IFI16,ENSG00000163565,11044,0.48783881419215225,0.8350413113174286
950,4211,TCERG1,ENSG00000113649,4214,0.6069449440071069,0.8350187426263798
951,7332,ECPAS,ENSG00000136813,7335,0.5986066673230962,0.8346663059070217
952,3680,DHX15,ENSG00000109606,3683,0.5848055404308218,0.8344920983541201
953,289,RNF216,ENSG00000011275,292,0.6003366958656844,0.8333887327786655
954,10855,WDR26,ENSG00000162923,10858,0.5984027698053177,0.8325148816289607
955,4563,SRSF4,ENSG00000116350,4566,0.6130009981163579,0.832310186712412
956,450,SEC63,ENSG00000025796,453,0.5957395650478992,0.8321768437754222
957,92,CREBBP,ENSG00000005339,95,0.6046458125098182,0.8320167591529171
958,1003,EVI5,ENSG00000067208,1006,0.5814507240381636,0.8320153399288388
959,2483,CSNK2A1,ENSG00000101266,2486,0.5943146587919854,0.8318353597918978
960,14250,ZBTB38,ENSG00000177311,14253,0.54124365658906,0.8316276370636058
961,4883,RAD23B,ENSG00000119318,4886,0.5926965835281244,0.8315848872173393
962,4757,OSBPL9,ENSG00000117859,4760,0.5950280961332524,0.831301928511633
963,13559,TOMM20,ENSG00000173726,13562,0.5948849771651079,0.8295461721930584
964,5457,SDC4,ENSG00000124145,5460,0.5275914385991237,0.829288926151557
965,36347,ENSG00000242588,ENSG00000242588,36350,0.5927745620218253,0.829192965301832
966,4173,ARRDC3,ENSG00000113369,4176,0.54472182696895,0.8290936465202425
967,7304,RPS6KC1,ENSG00000136643,7307,0.5719066094671089,0.8289932616785829
968,17913,SREBF2,ENSG00000198911,17916,0.5633623166677763,0.8286511949285419
969,9924,MCU,ENSG00000156026,9927,0.5729706614261616,0.8283951760995665
970,17826,RPL10A,ENSG00000198755,17829,0.5793433738783096,0.8275936305758178
971,7034,TES,ENSG00000135269,7037,0.5423215772646327,0.8272441036178895
972,719,THRAP3,ENSG00000054118,722,0.6086070926331236,0.826997539254609
973,67,CDC27,ENSG00000004897,70,0.5833995761369062,0.8269467267844386
974,4272,ECT2,ENSG00000114346,4275,0.5315558233799706,0.8268393903862146
975,8108,NPC1,ENSG00000141458,8111,0.5578527211604313,0.8265367119626303
976,2411,PNN,ENSG00000100941,2414,0.5842384475630625,0.8259951799600143
977,5486,PMEPA1,ENSG00000124225,5489,0.514804515959242,0.8253471783760147
978,7870,RBM26,ENSG00000139746,7873,0.585496895275228,0.8250483347865483
979,1681,DNAJA1,ENSG00000086061,1684,0.5756286682381996,0.8249938635342557
980,8328,POU2F1,ENSG00000143190,8331,0.5810430327960069,0.8241365324170429
981,8760,G3BP1,ENSG00000145907,8763,0.593540735860645,0.8235226704252951
982,2409,SEC23A,ENSG00000100934,2412,0.5765113324237547,0.8235216366151709
983,12045,IGF2,ENSG00000167244,12048,0.30527737529082316,0.8225150183155937
984,2293,EP300,ENSG00000100393,2296,0.589675961715182,0.8217929672557779
985,3493,ZMIZ1,ENSG00000108175,3496,0.5459688305181875,0.8214976831027399
986,45508,NORAD,ENSG00000260032,45511,0.5770400724563413,0.8209050862346203
987,9155,HSD17B12,ENSG00000149084,9158,0.5715010548379278,0.8208212038777765
988,6089,VPS13C,ENSG00000129003,6092,0.5767585243138561,0.8206282377907805
989,15270,PLCB1,ENSG00000182621,15273,0.4260465595281875,0.8204660719065411
990,4058,ARFGEF3,ENSG00000112379,4061,0.5447429426937755,0.8203382916933313
991,1409,NEBL,ENSG00000078114,1412,0.4594110250838514,0.8201328525756454
992,850,EIF4B,ENSG00000063046,853,0.5917795237280321,0.8198247271926649
993,15661,CMSS1,ENSG00000184220,15664,0.549362930780009,0.819683095305627
994,12672,ROBO1,ENSG00000169855,12675,0.4796666796030472,0.8195802661718957
995,14103,MYO1D,ENSG00000176658,14106,0.529716830862757,0.8190590278526184
996,938,SLK,ENSG00000065613,941,0.5726903725389979,0.8187960171149116
997,5359,OPTN,ENSG00000123240,5362,0.558478358122997,0.8184453965669511
998,7288,TRA2B,ENSG00000136527,7291,0.5750284455164894,0.8183133221889101
999,30171,DLEU2,ENSG00000231607,30174,0.5436780744763624,0.8180794312954575
1000,780,ATP11B,ENSG00000058063,783,0.5821300786107451,0.8175865366966517
1001,4254,SLC25A36,ENSG00000114120,4257,0.5706733515223906,0.8173308307703384
1002,9354,NGLY1,ENSG00000151092,9357,0.5345724429254133,0.8171593341618855
1003,4373,TANC1,ENSG00000115183,4376,0.5575474258415433,0.8167685313989068
1004,12332,ARF4,ENSG00000168374,12335,0.5676468201028744,0.8160912027076137
1005,299,RABGAP1,ENSG00000011454,302,0.585591694841742,0.8159405410515704
1006,13252,CERS6,ENSG00000172292,13255,0.5478591047011124,0.8154394612226221
1007,1335,BAZ2A,ENSG00000076108,1338,0.5915685818729758,0.8151902319447827
1008,5339,CCDC91,ENSG00000123106,5342,0.5600317542642224,0.8150033893904435
1009,43483,LSM14A,ENSG00000257103,43486,0.587403527105986,0.8141505282756698
1010,3801,NUP98,ENSG00000110713,3804,0.5833259362073407,0.8141017464792205
1011,5355,ZC3H13,ENSG00000123200,5358,0.5804102508461416,0.8140931397534923
1012,1775,ANKRD10,ENSG00000088448,1778,0.5407454674842439,0.8140275008876857
1013,959,DIP2B,ENSG00000066084,962,0.5702259712130702,0.8139819151126856
1014,16152,WWOX,ENSG00000186153,16155,0.48760752649354233,0.8136790302263068
1015,4877,SENP5,ENSG00000119231,4880,0.5884216339014325,0.8130759285488514
1016,15420,PTTG1IP,ENSG00000183255,15423,0.5537756934114911,0.8128154546810109
1017,229,SEC62,ENSG00000008952,232,0.5875659381339817,0.8124483361641046
1018,12289,HOOK3,ENSG00000168172,12292,0.5725992556560935,0.8106321094949607
1019,1900,TNRC6A,ENSG00000090905,1903,0.582085654762342,0.8095426508344234
1020,5084,TGFBI,ENSG00000120708,5087,0.4396419326557237,0.8093293454015703
1021,13831,CKAP5,ENSG00000175216,13834,0.547015621277391,0.8091303135040946
1022,5411,BAZ2B,ENSG00000123636,5414,0.5605185452185778,0.8090285722320045
1023,9050,NR6A1,ENSG00000148200,9053,0.5386369029975532,0.8089629947539244
1024,10399,ARHGAP35,ENSG00000160007,10402,0.5639061391339156,0.8089333952831881
1025,3410,SHB,ENSG00000107338,3413,0.5429019970687787,0.8082373578895459
1026,20178,NAP1L4,ENSG00000205531,20181,0.579076409284625,0.8077799468073931
1027,487,FAM13B,ENSG00000031003,490,0.5781700977827354,0.8075380706108136
1028,3411,UBE2R2,ENSG00000107341,3414,0.5738833138059322,0.8073648099794342
1029,5960,HIP1,ENSG00000127946,5963,0.5290020047168045,0.8071503976161943
1030,6024,DOCK4,ENSG00000128512,6027,0.4473084783830166,0.8068995900186596
1031,17567,VPS13A,ENSG00000197969,17570,0.5616732094379356,0.8068394904252769
1032,7101,AHI1,ENSG00000135541,7104,0.5309596384096635,0.8055776782766405
1033,14835,PAK2,ENSG00000180370,14838,0.5833707245623325,0.8053556739524285
1034,993,PFKP,ENSG00000067057,996,0.5627331529566542,0.8051145856682651
1035,8733,FBXL17,ENSG00000145743,8736,0.5453298510075925,0.8049083424080639
1036,8905,CASK,ENSG00000147044,8908,0.5414165227445052,0.8041735638544351
1037,13357,TMCC1,ENSG00000172765,13360,0.5625925030505025,0.8041585428988456
1038,13371,RPL38,ENSG00000172809,13374,0.5569740524872995,0.8036377028017998
1039,17135,MRTFA,ENSG00000196588,17138,0.5489973776796228,0.803493190368773
1040,2439,STK4,ENSG00000101109,2442,0.567340123990254,0.8033996754936001
1041,23512,TENM3,ENSG00000218336,23515,0.4184487353762415,0.8033281268462193
1042,2567,MIB1,ENSG00000101752,2570,0.574486356040801,0.8023787341666673
1043,1490,RIF1,ENSG00000080345,1493,0.5759860219107258,0.8022713004206209
1044,13864,SMAD2,ENSG00000175387,13867,0.5622011476794264,0.8022361585128422
1045,2705,TSC22D1,ENSG00000102804,2708,0.5081259473948039,0.8019817137414771
1046,1667,CTTN,ENSG00000085733,1670,0.5737796403327666,0.8017139087627037
1047,4245,FAM162A,ENSG00000114023,4248,0.5302700563713577,0.8015914572834713
1048,13676,ATP2A2,ENSG00000174437,13679,0.5736562051770542,0.8015903060150829
1049,32300,GAS5,ENSG00000234741,32303,0.5353502173326338,0.8015754252462279
1050,4042,SMAP1,ENSG00000112305,4045,0.560459978700553,0.8012998648715237
1051,9867,LARP1,ENSG00000155506,9870,0.5759978666730194,0.8006776319159641
1052,3230,LMBR1,ENSG00000105983,3233,0.5618121918503638,0.8004687700955454
1053,7419,KIF13A,ENSG00000137177,7422,0.5577414626813986,0.8003199662343938
1054,2683,KLF5,ENSG00000102554,2686,0.4760011950467119,0.8000899652083187
1055,4571,CAPZA1,ENSG00000116489,4574,0.5749407585776302,0.7997984837003931
1056,913,GNAI3,ENSG00000065135,916,0.5663415117126601,0.7996978000804669
1057,13585,PHC3,ENSG00000173889,13588,0.5730017415795893,0.7996709494334399
1058,1702,ZFAND6,ENSG00000086666,1705,0.5676687748019984,0.7996611922152127
1059,12047,CDK12,ENSG00000167258,12050,0.5468418416227054,0.7994061833304887
1060,737,FAM168A,ENSG00000054965,740,0.5560296029061323,0.7988924187198705
1061,8719,SSBP2,ENSG00000145687,8722,0.48738453979475893,0.798606009337487
1062,3469,LARP4B,ENSG00000107929,3472,0.5712295369424916,0.7982662786713363
1063,7708,BLTP1,ENSG00000138688,7711,0.575157334792667,0.7975958398069296
1064,6659,SERINC3,ENSG00000132824,6662,0.5749537467225354,0.7974314571139576
1065,6447,RPL27,ENSG00000131469,6450,0.5498704315353047,0.796634550515323
1066,4492,DARS1,ENSG00000115866,4495,0.5661803905545544,0.7964730149347836
1067,7377,ANP32B,ENSG00000136938,7380,0.5578949219678523,0.7963385432306023
1068,11316,TENT2,ENSG00000164329,11319,0.5603737371673241,0.7961035755786712
1069,6834,MEIS2,ENSG00000134138,6837,0.4764311486821509,0.7957162307102363
1070,4783,ATF6,ENSG00000118217,4786,0.5593913051505585,0.7950560174785704
1071,9189,ATM,ENSG00000149311,9192,0.5448449631370769,0.7950225977781913
1072,1232,KDM5A,ENSG00000073614,1235,0.5683918801488087,0.7946175691498062
1073,1363,DGKD,ENSG00000077044,1366,0.5080641510635528,0.793901378708183
1074,10764,FUBP1,ENSG00000162613,10767,0.5641567813809265,0.7929522232438804
1075,54618,GGNBP2,ENSG00000278311,54621,0.5708179474928541,0.7926831820950233
1076,883,TNPO3,ENSG00000064419,886,0.5654442215822647,0.7923199092352501
1077,8929,OGT,ENSG00000147162,8932,0.5471400236376154,0.7920512750829468
1078,8536,PKP4,ENSG00000144283,8539,0.5459714095849603,0.7916251277657056
1079,7157,RC3H1,ENSG00000135870,7160,0.566138945259757,0.7913993990294426
1080,8747,DDX46,ENSG00000145833,8750,0.5650118529764876,0.790758415815169
1081,22116,SCAF8,ENSG00000213079,22119,0.5627000469436527,0.7906722794825464
1082,8981,NSD3,ENSG00000147548,8984,0.5623021062740148,0.7904338932886426
1083,5673,INSIG2,ENSG00000125629,5676,0.5278230563520444,0.7904121923593742
1084,5577,RREB1,ENSG00000124782,5580,0.5445022486414385,0.790022767083522
1085,8451,ARF1,ENSG00000143761,8454,0.5710548550440666,0.7899029603877308
1086,5941,KDM4B,ENSG00000127663,5944,0.5491196632401427,0.7894909704253924
1087,24034,PPP3R1,ENSG00000221823,24037,0.5526271600187667,0.7890030924059782
1088,9359,TMEM263,ENSG00000151135,9362,0.5437275573543499,0.7884706669584827
1089,16408,FNBP1,ENSG00000187239,16411,0.5343669285183738,0.7879268752196226
1090,6159,ITFG1,ENSG00000129636,6162,0.554653322755331,0.7878717932522932
1091,3691,SH3D19,ENSG00000109686,3694,0.5050511745742337,0.7877912298674379
1092,2386,YY1,ENSG00000100811,2389,0.5614286281345556,0.7877272126217987
1093,7675,USP8,ENSG00000138592,7678,0.5599107402808418,0.7874573081884744
1094,438,UBR2,ENSG00000024048,441,0.5386514323564714,0.7873669137935927
1095,6743,RTN3,ENSG00000133318,6746,0.5506760633205018,0.7870687410153916
1096,13994,YES1,ENSG00000176105,13997,0.5547636774654384,0.7870240675470164
1097,297,ANLN,ENSG00000011426,300,0.462586786484522,0.7865153923945671
1098,11100,U2SURP,ENSG00000163714,11103,0.5618037787114053,0.7861846322286076
1099,13356,CFL1,ENSG00000172757,13359,0.548582731341973,0.7860660280934568
1100,10759,NFIA,ENSG00000162599,10762,0.4746027744862829,0.7858361896219751
1101,15712,COPB2,ENSG00000184432,15715,0.5509177218188841,0.7851269505826917
1102,13016,CHD7,ENSG00000171316,13019,0.5268541335651271,0.784649030941091
1103,3483,TASOR2,ENSG00000108021,3486,0.5431640429453247,0.7845268529562297
1104,44575,CEP95,ENSG00000258890,44578,0.555379583235035,0.7844994073286063
1105,148,IFRD1,ENSG00000006652,151,0.519064504042861,0.7838255348960554
1106,14008,BNIP3,ENSG00000176171,14011,0.5018993631171216,0.783592515840863
1107,405,SERPINB1,ENSG00000021355,408,0.46327734315724023,0.7835147007661676
1108,136,KDM7A,ENSG00000006459,139,0.511267759363714,0.7825485636633597
1109,14273,PAWR,ENSG00000177425,14276,0.5280915074520904,0.781825686933493
1110,8481,CAMKMT,ENSG00000143919,8484,0.5073523928343019,0.7818010588295674
1111,20228,ITSN1,ENSG00000205726,20231,0.5429561256348114,0.7816577921781324
1112,4506,RND3,ENSG00000115963,4509,0.4907068320752027,0.7808368583138147
1113,501,FUT8,ENSG00000033170,504,0.4908749756110014,0.7803015717021732
1114,7214,LRCH1,ENSG00000136141,7217,0.5014717063613927,0.7801843854661961
1115,13071,TBCA,ENSG00000171530,13074,0.5544198490174334,0.779986655542102
1116,2091,MYO9B,ENSG00000099331,2094,0.5395381774878243,0.7799103080505054
1117,13051,WIPF2,ENSG00000171475,13054,0.5551889622448031,0.779691252696368
1118,444,PHF20,ENSG00000025293,447,0.5487264045164635,0.7788394684498839
1119,1634,NCOA1,ENSG00000084676,1637,0.5379354552370555,0.7784215642050345
1120,10001,KAT6B,ENSG00000156650,10004,0.5429499826230595,0.7777063170759924
1121,14737,PDXDC1,ENSG00000179889,14740,0.5290504113050177,0.7772961333908037
1122,9440,WWC2,ENSG00000151718,9443,0.5254946133548312,0.7769296020504516
1123,7005,TAOK3,ENSG00000135090,7008,0.5303991579337306,0.7767553107269617
1124,9577,HNRNPDL,ENSG00000152795,9580,0.5373454614912245,0.7766144456310934
1125,2637,SMS,ENSG00000102172,2640,0.5116458725311307,0.7764689646788053
1126,8547,GULP1,ENSG00000144366,8550,0.47823245285098737,0.7759021749684086
1127,7469,FCHSD2,ENSG00000137478,7472,0.5278989255763564,0.7756951726520075
1128,11491,UBAP1,ENSG00000165006,11494,0.5438840909981547,0.7750904291552538
1129,3690,NSD2,ENSG00000109685,3693,0.5252833576246674,0.7745806867967746
1130,42587,MIR100HG,ENSG00000255248,42590,0.41309461194392616,0.7743902448883166
1131,3213,MTPN,ENSG00000105887,3216,0.5464461941179275,0.7743116474799614
1132,1518,MAGI3,ENSG00000081026,1521,0.5228218233974055,0.7731776730317568
1133,13877,MCTP1,ENSG00000175471,13880,0.4348622738645478,0.7729411392150614
1134,781,LAMC2,ENSG00000058085,784,0.39957655288960797,0.7722063431004593
1135,10986,ATP1A1,ENSG00000163399,10989,0.5265981948904781,0.7721153857256636
1136,1587,KAT6A,ENSG00000083168,1590,0.5358165245543146,0.7718038699982483
1137,2555,MYL12A,ENSG00000101608,2558,0.5277078971363338,0.7717763248399141
1138,890,SLC12A2,ENSG00000064651,893,0.4368131276675078,0.7716670472961844
1139,3927,ENO2,ENSG00000111674,3930,0.5019993076200585,0.7715686824846584
1140,7720,G3BP2,ENSG00000138757,7723,0.5446132986274151,0.7711742856680099
1141,9142,ADM,ENSG00000148926,9145,0.4612857008483467,0.7710206518547309
1142,4265,PFKFB4,ENSG00000114268,4268,0.48232179822794014,0.7710103587948687
1143,13778,DHX36,ENSG00000174953,13781,0.5401517690917844,0.7707273875875521
1144,1600,PDS5B,ENSG00000083642,1603,0.5202393192345565,0.770511596506291
1145,11909,GOLM2,ENSG00000166734,11912,0.5484023689457611,0.770286250865466
1146,4044,C6orf62,ENSG00000112308,4047,0.5461408022628981,0.770248248134183
1147,10866,MEMO1,ENSG00000162959,10869,0.5279912001507434,0.7699470054292534
1148,9398,UPF2,ENSG00000151461,9401,0.5479222960087828,0.7698944570132508
1149,4507,ATF2,ENSG00000115966,4510,0.537745248880945,0.7698268932170151
1150,7395,UBAP2,ENSG00000137073,7398,0.5362482358953109,0.7693198149244321
1151,2550,VAPA,ENSG00000101558,2553,0.5354598911023891,0.769240514283535
1152,7278,DCAF7,ENSG00000136485,7281,0.5323648804352465,0.769101594465134
1153,11027,STT3B,ENSG00000163527,11030,0.5222034639458666,0.769011604492205
1154,17425,ATG7,ENSG00000197548,17428,0.5304161910781804,0.7688179395210081
1155,3656,NFKB1,ENSG00000109320,3659,0.49017983499700973,0.768683896297536
1156,8429,GATAD2B,ENSG00000143614,8432,0.5389905424692111,0.768248893141869
1157,8635,NCEH1,ENSG00000144959,8638,0.47313751444884994,0.7681555233391152
1158,12835,PFKFB3,ENSG00000170525,12838,0.5187138519471582,0.7680414734123757
1159,11913,AP1G1,ENSG00000166747,11916,0.5454269437847279,0.7679304603572774
1160,3346,CLIP2,ENSG00000106665,3349,0.5041858304229647,0.767809840553096
1161,12689,TOR1AIP2,ENSG00000169905,12692,0.5438889275547891,0.767765575807972
1162,3485,SMC3,ENSG00000108055,3488,0.5264953762955108,0.7677269017500645
1163,16651,PLSCR1,ENSG00000188313,16654,0.4886420429646558,0.7675160013446934
1164,3915,CHD4,ENSG00000111642,3918,0.5292575921629381,0.7673967581449055
1165,9371,DIP2C,ENSG00000151240,9374,0.4956315856744034,0.7670686921368768
1166,2205,TTC28,ENSG00000100154,2208,0.46226713849200796,0.7670556301069861
1167,8573,RAB5A,ENSG00000144566,8576,0.535597981197913,0.7661237534262081
1168,11610,NEMF,ENSG00000165525,11613,0.5380589231401703,0.7659353087699898
1169,5578,SSR1,ENSG00000124783,5581,0.536513943518325,0.7650242387713608
1170,6050,MYO1B,ENSG00000128641,6053,0.5024150210116278,0.7639744362966812
1171,7950,NCOA2,ENSG00000140396,7953,0.5315395046203517,0.7635090602786714
1172,5473,ZNFX1,ENSG00000124201,5476,0.503891080703894,0.763342441655398
1173,1961,HECTD1,ENSG00000092148,1964,0.5385272852670535,0.7632010179860746
1174,17281,IGF2R,ENSG00000197081,17284,0.5264975946412158,0.7628409180923006
1175,2934,EEF1D,ENSG00000104529,2937,0.5315839089768809,0.7623704409341375
1176,14287,CAVIN1,ENSG00000177469,14290,0.4909835900330184,0.7612861595364484
1177,1981,MYL6,ENSG00000092841,1984,0.5278412958018411,0.7610646090477863
1178,4057,PERP,ENSG00000112378,4060,0.4967131423648937,0.7610555779178992
1179,14975,EHMT1,ENSG00000181090,14978,0.5294356970251445,0.7610371399711151
1180,8487,WDPCP,ENSG00000143951,8490,0.5027996106720426,0.7610263893990867
1181,8871,CCT6A,ENSG00000146731,8874,0.522700041699148,0.760797692379014
1182,5478,RAB22A,ENSG00000124209,5481,0.5233087967026844,0.7607825628070092
1183,7150,DHX9,ENSG00000135829,7153,0.514816320662104,0.760771867170103
1184,10713,USP24,ENSG00000162402,10716,0.5368761858451271,0.7602521153876056
1185,7997,PMM2,ENSG00000140650,8000,0.5176753755923299,0.7598525773657132
1186,103,IBTK,ENSG00000005700,106,0.5250511413624664,0.7597912882975084
1187,15932,ARL15,ENSG00000185305,15935,0.49489269112106643,0.759554610948004
1188,11054,PPP4R2,ENSG00000163605,11057,0.5310217218391305,0.7594790833048669
1189,2456,PSMA7,ENSG00000101182,2459,0.5174377343910791,0.7591272219786718
1190,7295,TANK,ENSG00000136560,7298,0.5200233021019026,0.7588121993022301
1191,10000,NPTN,ENSG00000156642,10003,0.5137939127880776,0.75813809861418
1192,7766,AEBP2,ENSG00000139154,7769,0.5136407338600748,0.7580988787492284
1193,649,FAM120A,ENSG00000048828,652,0.5350835129263202,0.7580629428316356
1194,999,TRAM1,ENSG00000067167,1002,0.5175181761034465,0.7578212458199225
1195,524,TIMP2,ENSG00000035862,527,0.49442237619419854,0.7576055345330143
1196,1998,LRRFIP2,ENSG00000093167,2001,0.5081788435738709,0.7567834082171931
1197,11534,KIAA1958,ENSG00000165185,11537,0.5044305921253667,0.7564257146833393
1198,16246,SEPTIN10,ENSG00000186522,16249,0.5212569917529378,0.7564195039670832
1199,5555,RPS10,ENSG00000124614,5558,0.509385548650685,0.7558525207266447
1200,8545,UBR3,ENSG00000144357,8548,0.5251741023319494,0.7555157094746954
1201,7947,SCAPER,ENSG00000140386,7950,0.5115088482594282,0.7551735116052126
1202,4209,WWC1,ENSG00000113645,4212,0.4556896781652386,0.7547710886063584
1203,23668,UMAD1,ENSG00000219545,23671,0.5187253469861792,0.754265551277764
1204,3827,MLEC,ENSG00000110917,3830,0.5187842666227988,0.7540749422272717
1205,15614,DENND5A,ENSG00000184014,15617,0.5085314355130862,0.7538087520307986
1206,13420,HECTD4,ENSG00000173064,13423,0.5342860926045683,0.7535841710029871
1207,6460,UBE2D2,ENSG00000131508,6463,0.5309864743770968,0.7532211228604455
1208,8459,MBOAT2,ENSG00000143797,8462,0.46083281887153543,0.753064031204226
1209,2109,HNRNPM,ENSG00000099783,2112,0.5244180772577269,0.7527908571780941
1210,13902,FOSL1,ENSG00000175592,13905,0.4790929849945235,0.7527835130523401
1211,6628,PTPRA,ENSG00000132670,6631,0.5251424484818622,0.7526043291191504
1212,13805,ZNF654,ENSG00000175105,13808,0.5107164251540488,0.752339778338529
1213,29,LASP1,ENSG00000002834,32,0.501182747778496,0.7523318773868948
1214,1643,CD59,ENSG00000085063,1646,0.4837143302620698,0.7516080774450463
1215,7509,RDX,ENSG00000137710,7512,0.5180414299405836,0.7510570219086107
1216,29159,ACBD6,ENSG00000230124,29162,0.5189769896785983,0.7508407991960588
1217,6779,LARS1,ENSG00000133706,6782,0.5190357849766736,0.7507626503334
1218,3978,SERINC1,ENSG00000111897,3981,0.5276674915487103,0.7507560072549097
1219,17765,BAZ1A,ENSG00000198604,17768,0.506374173348082,0.7503761948029629
1220,8143,DYM,ENSG00000141627,8146,0.5188074854230365,0.7502682207158968
1221,11418,DLC1,ENSG00000164741,11421,0.38907416836322084,0.7498918459544248
1222,13666,RALGAPA1,ENSG00000174373,13669,0.5150509703377667,0.7498211602308855
1223,934,ZC3H15,ENSG00000065548,937,0.5175442135473407,0.7497651973089356
1224,43559,SLC38A4-AS1,ENSG00000257261,43562,0.4654413337428594,0.749692009098017
1225,16043,MORF4L1,ENSG00000185787,16046,0.5224650068527847,0.7487453400577294
1226,4542,RALGPS2,ENSG00000116191,4545,0.4788674799447446,0.7484360722984542
1227,10195,AUTS2,ENSG00000158321,10198,0.41481613560493985,0.7483512856749587
1228,5864,DYNC2I1,ENSG00000126870,5867,0.5084280297553535,0.7483238284720153
1229,3555,CCDC47,ENSG00000108588,3558,0.5227112447048045,0.7474348826033669
1230,2260,RPL3,ENSG00000100316,2263,0.5043601140514758,0.7473038601947123
1231,13380,SP3,ENSG00000172845,13383,0.5236275164348602,0.7472954552999207
1232,10927,IWS1,ENSG00000163166,10930,0.5235289352424791,0.7467355530545517
1233,4599,SMG7,ENSG00000116698,4602,0.5158103937807341,0.7465513851952092
1234,134,RALA,ENSG00000006451,137,0.5111326178867105,0.7462454407028991
1235,52982,PPP4R3B,ENSG00000275052,52985,0.5270158721492821,0.7455510535963934
1236,2461,DIDO1,ENSG00000101191,2464,0.5228366130536745,0.7454747433365904
1237,803,CDK17,ENSG00000059758,806,0.4968671081192066,0.7450616052915355
1238,5368,SPATS2,ENSG00000123352,5371,0.506475026387224,0.7448259197453679
1239,11415,CTSB,ENSG00000164733,11418,0.48056727890532824,0.7448042904084086
1240,1317,PLD1,ENSG00000075651,1320,0.4526620341609163,0.7440325637156759
1241,10358,GPBP1L1,ENSG00000159592,10361,0.5267845316614576,0.7435498844715176
1242,1403,PIAS2,ENSG00000078043,1406,0.48646177749114955,0.7432262951144938
1243,4194,SKP1,ENSG00000113558,4197,0.5235180350920633,0.7431369380574027
1244,9819,VOPP1,ENSG00000154978,9822,0.4917980554586414,0.7430704971835691
1245,5246,RBBP6,ENSG00000122257,5249,0.5165017611792289,0.7428207824457754
1246,4498,KYNU,ENSG00000115919,4501,0.37420243528819613,0.7427376084802885
1247,5835,NSRP1,ENSG00000126653,5838,0.5196614684377792,0.7424622992236461
1248,1418,PPP2R5C,ENSG00000078304,1421,0.519378051406209,0.7422406646610874
1249,5584,NUP153,ENSG00000124789,5587,0.5079843496062647,0.7422135677545734
1250,160,ADIPOR2,ENSG00000006831,163,0.5067242554990061,0.7419200137131237
1251,3982,NCOA7,ENSG00000111912,3985,0.4798910045473355,0.740973462366296
1252,6873,YWHAQ,ENSG00000134308,6876,0.5061244952518444,0.7404991648769608
1253,8612,NFKBIZ,ENSG00000144802,8615,0.47276473934496516,0.740405056500352
1254,9852,USP25,ENSG00000155313,9855,0.5091455705799703,0.7403803888571094
1255,15372,CAMK1D,ENSG00000183049,15375,0.4255664933250798,0.7403401261417574
1256,17868,OPA1,ENSG00000198836,17871,0.5210931540751051,0.7402764025890088
1257,1906,RBM27,ENSG00000091009,1909,0.5148024325938011,0.7399836306292397
1258,4710,BLZF1,ENSG00000117475,4713,0.4949133189419873,0.7398431555510305
1259,12757,PDCD6IP,ENSG00000170248,12760,0.516330369782468,0.7394610625350544
1260,4515,EPAS1,ENSG00000116016,4518,0.4514997318905103,0.7394109946302344
1261,15355,CADM1,ENSG00000182985,15358,0.38720232919492825,0.7390640324584858
1262,6769,BTG1,ENSG00000133639,6772,0.4853058485401683,0.7388661565263746
1263,15095,RFX7,ENSG00000181827,15098,0.4991127757832472,0.7386576971953323
1264,1574,NFE2L1,ENSG00000082641,1577,0.5077333576016742,0.7384602799339066
1265,5284,INHBA,ENSG00000122641,5287,0.3249643526943275,0.7383852079408391
1266,12684,SYAP1,ENSG00000169895,12687,0.5100778230269275,0.7382950766375596
1267,5466,CHD6,ENSG00000124177,5469,0.5102048060453519,0.7382432243136867
1268,12813,DENND5B,ENSG00000170456,12816,0.48256273075477474,0.7380672055606248
1269,9692,HS2ST1,ENSG00000153936,9695,0.4915902575956862,0.7375133976929583
1270,8004,FTO,ENSG00000140718,8007,0.5073031001946684,0.7374030721864395
1271,1371,PPP1R12B,ENSG00000077157,1374,0.5072398083357849,0.7370045660507003
1272,9881,PDIA4,ENSG00000155660,9884,0.4613282889914405,0.7360316258152484
1273,42,RBM5,ENSG00000003756,45,0.5079055955048973,0.7360273065907487
1274,8586,OSBPL10,ENSG00000144645,8589,0.45075315535346094,0.7357672895993976
1275,1146,SNX13,ENSG00000071189,1149,0.510567142097266,0.73562689462744
1276,8819,PNRC1,ENSG00000146278,8822,0.4949905289866959,0.7352975113488129
1277,14947,PITPNB,ENSG00000180957,14950,0.5074018078690399,0.7351614529467536
1278,12015,GOLGA2,ENSG00000167110,12018,0.49910479933105883,0.7351285297713035
1279,51276,ENSG00000271793,ENSG00000271793,51279,0.4871584022145796,0.7334546587757933
1280,12737,HNRNPA3,ENSG00000170144,12740,0.5094916970644195,0.7332397598624473
1281,12132,TRAPPC9,ENSG00000167632,12135,0.4784981995715856,0.7329511371918631
1282,11303,SERINC5,ENSG00000164300,11306,0.4551890213461196,0.7326757438397891
1283,4208,RARS1,ENSG00000113643,4211,0.5063734790467491,0.7325727247203283
1284,12507,CSNK1G1,ENSG00000169118,12510,0.5054551208433042,0.7324949353901185
1285,9977,UQCRB,ENSG00000156467,9980,0.49391361321055566,0.7323968690582587
1286,16616,NHS,ENSG00000188158,16619,0.4180874142856361,0.7319987768321026
1287,1105,SMG6,ENSG00000070366,1108,0.5026054805750817,0.7316205805649985
1288,17906,CAPZA2,ENSG00000198898,17909,0.49243714277262673,0.7312779172424536
1289,3443,MICU1,ENSG00000107745,3446,0.5013314445101091,0.73118829619618
1290,11117,RYK,ENSG00000163785,11120,0.4993936150993098,0.7306117056993596
1291,9515,UHMK1,ENSG00000152332,9518,0.5110392358223117,0.7297601823967722
1292,4257,TFDP2,ENSG00000114126,4260,0.49110971541262066,0.7294476452143146
1293,11739,SPRED1,ENSG00000166068,11742,0.4862818558456326,0.7287332331124221
1294,6706,COG6,ENSG00000133103,6709,0.4726030353740745,0.7285901472015603
1295,4476,HPCAL1,ENSG00000115756,4479,0.4595487211244549,0.7284486195832374
1296,9019,NFIB,ENSG00000147862,9022,0.44883385698547557,0.7280207117507989
1297,4964,AFTPH,ENSG00000119844,4967,0.49993361449404605,0.7278828571550322
1298,4461,FHL2,ENSG00000115641,4464,0.46478546961822603,0.7274257399004104
1299,4017,ZNF451,ENSG00000112200,4020,0.5001392828130655,0.7263901631197165
1300,6405,GSE1,ENSG00000131149,6408,0.4762357287298266,0.7262561779319441
1301,6128,ILF3,ENSG00000129351,6131,0.5034639523662043,0.7262123535546866
1302,4584,DOCK7,ENSG00000116641,4587,0.49216960763704365,0.7261430007512328
1303,2577,TBL1X,ENSG00000101849,2580,0.4704464758027419,0.725573918842595
1304,17775,NCOA6,ENSG00000198646,17778,0.4973064834861157,0.7254433838316541
1305,7856,WDFY2,ENSG00000139668,7859,0.4656244842925956,0.7251824469260129
1306,16092,IRS2,ENSG00000185950,16095,0.4482379145911685,0.7249891668494031
1307,7721,SEPTIN11,ENSG00000138758,7724,0.478841434548249,0.724551347268552
1308,8438,GALNT2,ENSG00000143641,8441,0.4814545731060933,0.7241329354524706
1309,1588,TUT7,ENSG00000083223,1591,0.49253486536934277,0.723776578335991
1310,7029,HILPDA,ENSG00000135245,7032,0.42217787310486027,0.723485849955452
1311,7100,NHSL1,ENSG00000135540,7103,0.4472191916981124,0.7231197305339165
1312,17007,SUPT5H,ENSG00000196235,17010,0.4752697844033644,0.7231152050674612
1313,4327,KLHL24,ENSG00000114796,4330,0.4811083354227324,0.7225323716072114
1314,10060,NRG1,ENSG00000157168,10063,0.34107467932403157,0.7224450183524933
1315,1135,OSBPL3,ENSG00000070882,1138,0.4537242278906681,0.7211665904007217
1316,13018,KRT19,ENSG00000171345,13021,0.40543299541362976,0.7210759249534561
1317,1825,KIF16B,ENSG00000089177,1828,0.47698644256784645,0.7210577866016911
1318,1178,EPN2,ENSG00000072134,1181,0.48622504529667165,0.720532549117019
1319,14639,PTPN11,ENSG00000179295,14642,0.5047567424188484,0.720322410260378
1320,5804,UBA2,ENSG00000126261,5807,0.4893245211273545,0.7198968480348127
1321,5083,ETF1,ENSG00000120705,5086,0.49903436444875776,0.719566361856038
1322,13202,EIF2AK3,ENSG00000172071,13205,0.4742505450460123,0.7194892635283217
1323,8132,RPTOR,ENSG00000141564,8135,0.49009408705426577,0.7194066461917235
1324,2326,PYGL,ENSG00000100504,2329,0.44159417886206925,0.7193712204428211
1325,6728,SLC39A11,ENSG00000133195,6731,0.45369116365623813,0.7191717748457622
1326,19728,PHACTR4,ENSG00000204138,19731,0.4927710931066916,0.7177517666350139
1327,8732,BTF3,ENSG00000145741,8735,0.4913929831797708,0.7177189652489094
1328,3833,ATP5F1B,ENSG00000110955,3836,0.4908897485436959,0.717538909892085
1329,17005,TUBB,ENSG00000196230,17008,0.4862084583995999,0.717371312928307
1330,4611,RO60,ENSG00000116747,4614,0.4973902603973006,0.7173470306121041
1331,9037,AUH,ENSG00000148090,9040,0.4848550417217714,0.7170178191138076
1332,1367,TOP2B,ENSG00000077097,1370,0.48403194695196616,0.7167520519048901
1333,2699,DGKH,ENSG00000102780,2702,0.4669046822149039,0.7164976025699875
1334,13391,NBEA,ENSG00000172915,13394,0.4226191460378667,0.7163664280470243
1335,15344,EWSR1,ENSG00000182944,15347,0.4899526832170381,0.7163291816432529
1336,10958,ANTXR2,ENSG00000163297,10961,0.4193460424863963,0.7162156096873337
1337,5202,PIK3CA,ENSG00000121879,5205,0.491661830553347,0.716049214609358
1338,7176,CAB39,ENSG00000135932,7179,0.4790117004647163,0.7158127565026751
1339,13562,AGFG1,ENSG00000173744,13565,0.47927371137671837,0.7155554756553175
1340,15476,EP400,ENSG00000183495,15479,0.5011194088879686,0.7150017417082837
1341,66,ST7,ENSG00000004866,69,0.46074665770108564,0.7148769309024267
1342,6149,EGLN3,ENSG00000129521,6152,0.451657910151418,0.714784165060778
1343,929,PDIA5,ENSG00000065485,932,0.48502783956847695,0.7140170843512932
1344,8443,CEP170,ENSG00000143702,8446,0.4761603930665033,0.7127304090915252
1345,8354,HDGF,ENSG00000143321,8357,0.48410541261829143,0.7125890223832557
1346,7955,TPM1,ENSG00000140416,7958,0.4335765456776109,0.7123245623849332
1347,58256,ENSG00000285976,ENSG00000285976,58259,0.443063209012478,0.7122830981959051
1348,2387,ACIN1,ENSG00000100813,2390,0.49741042977815303,0.7121666400566111
1349,4433,CCT4,ENSG00000115484,4436,0.4888198602909681,0.7121192995688806
1350,8718,LHFPL2,ENSG00000145685,8721,0.45119744015221935,0.7119924367312568
1351,12003,PBX3,ENSG00000167081,12006,0.41960702859423005,0.7111478210851967
1352,17636,MIER1,ENSG00000198160,17639,0.4889711639942288,0.7110496806842724
1353,3281,WASL,ENSG00000106299,3284,0.4950256570684445,0.7110420288396309
1354,17785,SKIC3,ENSG00000198677,17788,0.482047541565517,0.7108268166288269
1355,10926,RNF149,ENSG00000163162,10929,0.4734744308210203,0.710601022082243
1356,9618,SMARCA5,ENSG00000153147,9621,0.4929115514554204,0.7096651930118114
1357,3666,INPP4B,ENSG00000109452,3669,0.3965327760387767,0.7094430989300956
1358,17236,FAM3C,ENSG00000196937,17239,0.4465552893131085,0.7093151194029227
1359,31898,ENSG00000234147,ENSG00000234147,31901,0.3991153739407453,0.7089466138566421
1360,7924,SERF2,ENSG00000140264,7927,0.48098449024854134,0.7087210679941635
1361,5847,PCNX4,ENSG00000126773,5850,0.4735297330185489,0.7084280053528886
1362,10135,SPPL3,ENSG00000157837,10138,0.47931537447899364,0.7083136427933514
1363,8843,WTAP,ENSG00000146457,8846,0.4680021021442834,0.7082316384053993
1364,1430,NRDC,ENSG00000078618,1433,0.49478334145251857,0.7080777617047335
1365,8189,IFITM3,ENSG00000142089,8192,0.44849774784656316,0.7077751434365643
1366,7028,PNPLA8,ENSG00000135241,7031,0.47247385004108045,0.7076317008330171
1367,2845,HERC1,ENSG00000103657,2848,0.4859288279892566,0.70757429625954
1368,57641,ENSG00000284906,ENSG00000284906,57644,0.4180086663280776,0.7073586024661034
1369,11234,HMGB2,ENSG00000164104,11237,0.428708298883609,0.7073113435217174
1370,9633,RBMS1,ENSG00000153250,9636,0.46284463105285134,0.7071764149723674
1371,4509,AAK1,ENSG00000115977,4512,0.4817367029204917,0.7071728179668894
1372,8029,MAP1LC3B,ENSG00000140941,8032,0.46578720353527786,0.7071476923787624
1373,6295,COL5A1,ENSG00000130635,6298,0.34242358877589735,0.7070899788635658
1374,37218,UBE2V1,ENSG00000244687,37221,0.49328397463334855,0.7070576138421292
1375,725,SDCCAG8,ENSG00000054282,728,0.4601263628673271,0.7069447039277793
1376,1204,FBXW11,ENSG00000072803,1207,0.4908712669074432,0.7069287145164315
1377,935,MAP2K4,ENSG00000065559,938,0.47850394305929755,0.7068714119314758
1378,3939,LDHB,ENSG00000111716,3942,0.45955592294984104,0.7064199314178258
1379,6866,SPIRE1,ENSG00000134278,6869,0.47056448343446566,0.7062651649608443
1380,43972,ENSG00000258077,ENSG00000258077,43975,0.35392510981482467,0.7062645663691637
1381,6595,ZRANB2,ENSG00000132485,6598,0.48640859032362826,0.7061269126609853
1382,6147,SNX6,ENSG00000129515,6150,0.4919575943098033,0.7058341479159564
1383,7238,RAC1,ENSG00000136238,7241,0.48752703662360275,0.7058043559457144
1384,12304,IRF2BP2,ENSG00000168264,12307,0.46798684343624436,0.7050102192851184
1385,12677,TRIM56,ENSG00000169871,12680,0.46655973957886093,0.7048792010170347
1386,7568,ARHGAP29,ENSG00000137962,7571,0.4421965268345369,0.7047435649848266
1387,1553,WDR70,ENSG00000082068,1556,0.484956516946782,0.7044673430843921
1388,5087,PAIP2,ENSG00000120727,5090,0.4900234113132666,0.7038514567479806
1389,7339,NIBAN2,ENSG00000136830,7342,0.4617224174700789,0.7037011445068673
1390,9746,TNIK,ENSG00000154310,9749,0.42992925651917596,0.7036784550954773
1391,1103,SLC44A1,ENSG00000070214,1106,0.45690330050219186,0.7027459851986773
1392,17052,TRRAP,ENSG00000196367,17055,0.4726465004473809,0.7026162645115339
1393,3738,KMT5B,ENSG00000110066,3741,0.47911170313578416,0.7024723048019006
1394,4179,TARS1,ENSG00000113407,4182,0.47678036760542114,0.7024636011133584
1395,10278,CDC42SE2,ENSG00000158985,10281,0.4788321287343632,0.7024592957894049
1396,24124,CYTOR,ENSG00000222041,24127,0.4371001684497828,0.7021917481464497
1397,3635,SUPT6H,ENSG00000109111,3638,0.49013097802299993,0.7017654065926259
1398,6996,CEMIP2,ENSG00000135048,6999,0.4354224262550216,0.7010194770409145
1399,7723,SCARB2,ENSG00000138760,7726,0.4850614513305984,0.7008383126117793
1400,749,USP36,ENSG00000055483,752,0.46715257215644357,0.70074457965464
1401,5374,LRP1,ENSG00000123384,5377,0.4302742998059143,0.7006002335891949
1402,554,CDH1,ENSG00000039068,557,0.38763319973025884,0.7005950696288831
1403,11299,RHOBTB3,ENSG00000164292,11302,0.42766660789726907,0.6999845517997558
1404,11181,UBXN7,ENSG00000163960,11184,0.4828899017755936,0.6998848107447079
1405,11442,SUN1,ENSG00000164828,11445,0.4812336129761459,0.6995947626961124
1406,54733,ACACA,ENSG00000278540,54736,0.43781522809619267,0.6988310401521569
1407,4669,UAP1,ENSG00000117143,4672,0.4389498080861032,0.6985741411575378
1408,17776,STK39,ENSG00000198648,17779,0.441776680446845,0.6983074245778051
1409,14741,R3HDM2,ENSG00000179912,14744,0.4718718041368872,0.6982209746497094
1410,8070,VPS53,ENSG00000141252,8073,0.47425432757994285,0.6980018521706768
1411,8961,HMBOX1,ENSG00000147421,8964,0.4695945194387351,0.6979564071773453
1412,16030,YTHDF3,ENSG00000185728,16033,0.47984818806899704,0.6979124732817894
1413,7098,CD164,ENSG00000135535,7101,0.479489129633308,0.6978539721760095
1414,1988,DPYSL2,ENSG00000092964,1991,0.4421972383109459,0.6977578937487204
1415,845,WAPL,ENSG00000062650,848,0.48707290458160973,0.6977191501592073
1416,11811,TRIM44,ENSG00000166326,11814,0.4746939706305871,0.6976907143703127
1417,9445,BICD1,ENSG00000151746,9448,0.4401789193675356,0.6975671285039763
1418,1474,DDX1,ENSG00000079785,1477,0.3964281053327431,0.6962982905047346
1419,6150,MIS18BP1,ENSG00000129534,6153,0.4464673110965575,0.6955725858265108
1420,17359,TRIM33,ENSG00000197323,17362,0.47056249320189647,0.6951105629639531
1421,1586,BCKDHB,ENSG00000083123,1589,0.4529557536769777,0.6949227307193339
1422,1769,TPX2,ENSG00000088325,1772,0.402082503438067,0.6949196146819258
1423,22794,PPME1,ENSG00000214517,22797,0.4585392277784494,0.6947739485650575
1424,526,TBC1D23,ENSG00000036054,529,0.47085393431476125,0.6944289007829384
1425,17066,PTPN1,ENSG00000196396,17069,0.4653554511715177,0.6944246984471503
1426,4391,IFIH1,ENSG00000115267,4394,0.4183586561207426,0.6943787374910617
1427,2802,GSPT1,ENSG00000103342,2805,0.47828582128046276,0.6936260409374777
1428,2150,CABIN1,ENSG00000099991,2153,0.4576026711413339,0.6933971917658894
1429,332,PGM3,ENSG00000013375,335,0.4578280001351063,0.6931521020775854
1430,10930,S100A11,ENSG00000163191,10933,0.45370389708787184,0.6916089562201454
1431,833,SFSWAP,ENSG00000061936,836,0.4807535131156985,0.6916068163429172
1432,2052,SRPK1,ENSG00000096063,2055,0.47165229800631087,0.6913094196311423
1433,17823,CDC42BPB,ENSG00000198752,17826,0.47103020162655385,0.6911870174207222
1434,746,TAB2,ENSG00000055208,749,0.47421690847058834,0.6911648627148986
1435,11168,TKT,ENSG00000163931,11171,0.4612691340980429,0.6907438193557017
1436,1185,TFRC,ENSG00000072274,1188,0.44236163626496594,0.6906903146931391
1437,555,MTREX,ENSG00000039123,558,0.4775156983656512,0.6900975755669537
1438,13143,MLLT3,ENSG00000171843,13146,0.43255785293670806,0.6899279020618305
1439,3559,AKAP10,ENSG00000108599,3562,0.46551926299020346,0.6899151174196788
1440,7491,SDCBP,ENSG00000137575,7494,0.4608528544144996,0.689659088346304
1441,3989,PPARD,ENSG00000112033,3992,0.4275833963451812,0.6894831153352845
1442,3049,FBL,ENSG00000105202,3052,0.40545268730314704,0.6887502648690886
1443,11639,PDZD8,ENSG00000165650,11642,0.44956925061280273,0.6885381393635394
1444,8922,TAF1,ENSG00000147133,8925,0.4671678603111859,0.6884169468457474
1445,6247,TULP4,ENSG00000130338,6250,0.46180233029113643,0.6884073500454082
1446,3768,BIRC2,ENSG00000110330,3771,0.4609795719715102,0.6882223805664339
1447,1087,MAPK6,ENSG00000069956,1090,0.4655280855012112,0.6880715645148037
1448,1894,USP48,ENSG00000090686,1897,0.4738482876564256,0.6868707124949278
1449,7524,CTDSPL2,ENSG00000137770,7527,0.4674226029003491,0.6867959752564721
1450,14306,SAMD12,ENSG00000177570,14309,0.38517697499661036,0.6865551263760081
1451,7860,RB1,ENSG00000139687,7863,0.4629211888457511,0.6860836153439831
1452,4099,PRPF4B,ENSG00000112739,4102,0.4710100809439262,0.6858053418157639
1453,3249,HIBADH,ENSG00000106049,3252,0.45435009912336877,0.6857673800906332
1454,13738,SRP72,ENSG00000174780,13741,0.46976154976983264,0.6855461446373505
1455,4061,ADGRG6,ENSG00000112414,4064,0.4017765432718959,0.685311276790374
1456,9296,KIAA1328,ENSG00000150477,9299,0.45264969812221084,0.6851230580367913
1457,3486,SHOC2,ENSG00000108061,3489,0.46973895423101353,0.6849955889695563
1458,46205,LINC01572,ENSG00000261008,46208,0.4224086419417556,0.6847114316115442
1459,3609,PRKAR1A,ENSG00000108946,3612,0.46936190161338753,0.6845752952261386
1460,14372,GRB2,ENSG00000177885,14375,0.47090599287293444,0.6840745124784614
1461,6867,PPHLN1,ENSG00000134283,6870,0.4683073653227424,0.6839863559347339
1462,4969,EPCAM,ENSG00000119888,4972,0.3967372541537903,0.6829251067086841
1463,5623,TM9SF2,ENSG00000125304,5626,0.45643177647642524,0.6828723685235496
1464,7063,CD63,ENSG00000135404,7066,0.45679162413479224,0.6826423340525107
1465,15746,XPOT,ENSG00000184575,15749,0.4521835861284635,0.6824653170533276
1466,10241,TAGLN2,ENSG00000158710,10244,0.4466736694046021,0.6813654070684679
1467,9759,SH3RF1,ENSG00000154447,9762,0.4382234997482578,0.6807767617600031
1468,4135,LOX,ENSG00000113083,4138,0.3250792999439851,0.6803244340246897
1469,7165,USP37,ENSG00000135913,7168,0.4504488236703097,0.6799259931927171
1470,3699,SNX25,ENSG00000109762,3702,0.44902181646489464,0.6799087328432247
1471,566,STAU2,ENSG00000040341,569,0.45475763424072696,0.6798454169848329
1472,36206,ARFGAP3,ENSG00000242247,36209,0.45713807112994614,0.6796896742510341
1473,8889,TLK2,ENSG00000146872,8892,0.46401021579215274,0.6795266823270535
1474,17191,CD47,ENSG00000196776,17194,0.44671308403790405,0.679034948300007
1475,17696,UVRAG,ENSG00000198382,17699,0.4507712859696756,0.6789503240937642
1476,53309,AATF,ENSG00000275700,53312,0.4696525824300091,0.6787353534159603
1477,1914,LAMB1,ENSG00000091136,1917,0.4302725794843383,0.6780667016954192
1478,7761,FGD4,ENSG00000139132,7764,0.42154167513085117,0.6779850033876172
1479,3774,HIPK3,ENSG00000110422,3777,0.46720457435267465,0.6778782970618946
1480,1198,P4HA2,ENSG00000072682,1201,0.4391850945438837,0.6777425864577051
1481,2924,TRPS1,ENSG00000104447,2927,0.4066492122691036,0.6775865120941237
1482,8421,UBAP2L,ENSG00000143569,8424,0.465041657736113,0.6774315412202556
1483,1544,CADPS2,ENSG00000081803,1547,0.3906096124693225,0.6770969687331352
1484,1786,ATRN,ENSG00000088812,1789,0.4457613198329452,0.677048596929306
1485,8572,VGLL4,ENSG00000144560,8575,0.45037909918488034,0.6769274714550935
1486,6841,PRPF38B,ENSG00000134186,6844,0.4552266323812512,0.6768990671010766
1487,27999,LINC01004,ENSG00000228393,28002,0.42903453831448735,0.6767885199735021
1488,6972,ARGLU1,ENSG00000134884,6975,0.44318589323252944,0.6754487967056708
1489,4105,TENT5A,ENSG00000112773,4108,0.38469843686416544,0.6749411108534173
1490,5169,SEC22A,ENSG00000121542,5172,0.4503790824731881,0.674892183052373
1491,4647,MTR,ENSG00000116984,4650,0.4539436211670093,0.674719495345988
1492,2858,CEMIP,ENSG00000103888,2861,0.2957338660220884,0.6743516369756771
1493,2725,LONP2,ENSG00000102910,2728,0.4615842846915628,0.673879284108577
1494,23078,DDX3X,ENSG00000215301,23081,0.4573099310367895,0.6738485598670619
1495,7130,DYNC1LI2,ENSG00000135720,7133,0.4668792707967162,0.6735360508795013
1496,2558,CEP192,ENSG00000101639,2561,0.45019715897210766,0.6733864319388841
1497,6403,COX4I1,ENSG00000131143,6406,0.45247106137126847,0.6733163443759397
1498,531,ZZZ3,ENSG00000036549,534,0.46022296517060485,0.6725338711016501
1499,9054,ASTN2,ENSG00000148219,9057,0.4497118310167729,0.6720994322772827
1500,2266,MTMR3,ENSG00000100330,2269,0.44909046371563377,0.6720441728776443
1501,13965,UBE2O,ENSG00000175931,13968,0.44360363898959543,0.67178331040407
1502,4392,RPS15,ENSG00000115268,4395,0.44056215904076307,0.6715070463616638
1503,4687,ECE1,ENSG00000117298,4690,0.42522867361352656,0.6711119431073842
1504,2070,ABL1,ENSG00000097007,2073,0.4393914104592111,0.6710908599709183
1505,13523,NABP1,ENSG00000173559,13526,0.4184606733052548,0.6709833124691605
1506,13244,ZNF131,ENSG00000172262,13247,0.4614716401251605,0.6706195387127767
1507,7097,MAP7,ENSG00000135525,7100,0.3955207666333395,0.6705357533226033
1508,1307,SLC25A3,ENSG00000075415,1310,0.4499545664575913,0.6700654717768868
1509,14371,AP3S1,ENSG00000177879,14374,0.43790380154789693,0.6698820736552289
1510,9334,FOXO1,ENSG00000150907,9337,0.3905297067167002,0.6698031538568442
1511,6971,UBAC2,ENSG00000134882,6974,0.44573675365982773,0.6688274841489987
1512,1505,PSEN1,ENSG00000080815,1508,0.4563745757172866,0.6686091944938377
1513,43550,LINC01619,ENSG00000257242,43553,0.3996666921466277,0.6681269086551558
1514,2403,NFKBIA,ENSG00000100906,2406,0.39719747400044336,0.6677419329737242
1515,11352,SFXN1,ENSG00000164466,11355,0.4479019327346206,0.6676048690042758
1516,4480,PLEKHB2,ENSG00000115762,4483,0.44271810275055784,0.6669944379210815
1517,3553,CPD,ENSG00000108582,3556,0.44298985424478016,0.6663983627036035
1518,8948,RBMX,ENSG00000147274,8951,0.4511266370410612,0.6661325654270801
1519,3074,HNRNPUL1,ENSG00000105323,3077,0.4569238956181918,0.6657826826258827
1520,4847,RAB3GAP2,ENSG00000118873,4850,0.4496752668465434,0.6649028838749022
1521,3234,DNAJB6,ENSG00000105993,3237,0.44467979292898996,0.6645465859093418
1522,7825,SLC7A1,ENSG00000139514,7828,0.42064516272671365,0.6645178653576969
1523,1192,SMC1A,ENSG00000072501,1195,0.43487835122384877,0.6635705376633949
1524,12642,CNBP,ENSG00000169714,12645,0.4563501066459484,0.6630937664458796
1525,1085,NEDD4,ENSG00000069869,1088,0.42306546665841466,0.6630756100992373
1526,8499,SNRNP200,ENSG00000144028,8502,0.4523087544625044,0.6625776586772385
1527,2081,NRP1,ENSG00000099250,2084,0.37906460342700643,0.662134839692536
1528,1018,SYT1,ENSG00000067715,1021,0.3458282618152159,0.6619925801206129
1529,12687,TPST1,ENSG00000169902,12690,0.4172244850737233,0.6618896507623839
1530,8379,PIP5K1A,ENSG00000143398,8382,0.44652563405746276,0.66121364541274
1531,9368,SLC2A13,ENSG00000151229,9371,0.398964378726117,0.6611622572292204
1532,3847,METAP2,ENSG00000111142,3850,0.44636388367977775,0.6610575137766685
1533,6858,NOTCH2,ENSG00000134250,6861,0.4359592254397498,0.660178345725409
1534,15681,CCSER1,ENSG00000184305,15684,0.35735439358163984,0.6600952070568429
1535,36578,MICAL3,ENSG00000243156,36581,0.4386020029470343,0.6599889713015433
1536,4852,KLF12,ENSG00000118922,4855,0.41691093560007203,0.6597045630418993
1537,75,SLC25A5,ENSG00000005022,78,0.4347121355509619,0.6596285991651656
1538,7890,FRMD6,ENSG00000139926,7893,0.36912382315158687,0.6595434354027552
1539,2774,USP10,ENSG00000103194,2777,0.44855404901020157,0.6593621094248163
1540,15145,TNRC18,ENSG00000182095,15148,0.44116859693399757,0.6592923904647664
1541,783,SEC61A1,ENSG00000058262,786,0.43168636492927726,0.6591134851725673
1542,8390,POGZ,ENSG00000143442,8393,0.44852663285769334,0.6589553087882346
1543,2611,PLS3,ENSG00000102024,2614,0.41988516818788213,0.6588986413753568
1544,11724,ARL5B,ENSG00000165997,11727,0.4321964007506761,0.6585476332564488
1545,8,GCLC,ENSG00000001084,11,0.37466370623019185,0.6585052374651822
1546,3325,CHCHD3,ENSG00000106554,3328,0.44274077686537466,0.6582714872409161
1547,4181,LNPEP,ENSG00000113441,4184,0.4475741495578094,0.6582328370309725
1548,7726,USO1,ENSG00000138768,7729,0.44226539067874016,0.657887027517932
1549,5573,SOX4,ENSG00000124766,5576,0.37819406080093226,0.6570592803440553
1550,1475,DNM2,ENSG00000079805,1478,0.4376926601719779,0.6568533759466175
1551,6423,TRAF3,ENSG00000131323,6426,0.4356023532390436,0.6567279110226735
1552,10094,RNF111,ENSG00000157450,10097,0.4472560938468681,0.6565046569551045
1553,2502,TM9SF4,ENSG00000101337,2505,0.4472652273876056,0.656096869325889
1554,10440,CSTB,ENSG00000160213,10443,0.37442404214636976,0.656059789209988
1555,11577,WRN,ENSG00000165392,11580,0.43161447025693256,0.6557364533509362
1556,1621,REST,ENSG00000084093,1624,0.4457909667186039,0.6552916541788314
1557,11038,PRKCI,ENSG00000163558,11041,0.4442022200458353,0.6550706766253104
1558,12519,XPO6,ENSG00000169180,12522,0.43679641281157555,0.6550596257571227
1559,4936,TTLL5,ENSG00000119685,4939,0.44371391220561995,0.6548832763238199
1560,5940,SMARCA4,ENSG00000127616,5943,0.43480775614969375,0.654371351821365
1561,12831,PA2G4,ENSG00000170515,12834,0.42794106763987383,0.6543472987181312
1562,2952,ARHGEF10,ENSG00000104728,2955,0.4163776808674628,0.6539490103433587
1563,13794,SNHG29,ENSG00000175061,13797,0.42482244977720957,0.6535624882477971
1564,3392,FUBP3,ENSG00000107164,3395,0.43777315478409673,0.6534873127798422
1565,17637,MAN1A2,ENSG00000198162,17640,0.4338454354903912,0.6533335292534057
1566,7879,CUL4A,ENSG00000139842,7882,0.43760872795080175,0.6531870300850098
1567,15546,TBK1,ENSG00000183735,15549,0.43841545092633366,0.6530854580571941
1568,9117,ADD3,ENSG00000148700,9120,0.41261364860945215,0.6527154568481967
1569,10348,UBR1,ENSG00000159459,10351,0.43513185436944923,0.6526348831709844
1570,50237,MIR222HG,ENSG00000270069,50240,0.40215631015369047,0.6525121543309523
1571,3043,URI1,ENSG00000105176,3046,0.4392295269115734,0.6521998855845441
1572,6991,UBQLN1,ENSG00000135018,6994,0.43976583873957864,0.6520351594589673
1573,5064,EPC1,ENSG00000120616,5067,0.43584968987693823,0.651131586289043
1574,5703,GPCPD1,ENSG00000125772,5706,0.4038989291917589,0.6507230989423056
1575,10856,REL,ENSG00000162924,10859,0.42420072354078175,0.6503990361723958
1576,10913,RPRD2,ENSG00000163125,10916,0.4330172635438915,0.6499791324663332
1577,17751,DDX39B,ENSG00000198563,17754,0.43984737948314834,0.6498948282523269
1578,6947,ELP2,ENSG00000134759,6950,0.4248182034374812,0.6497874283302961
1579,12100,RPL13,ENSG00000167526,12103,0.42741583117059767,0.6495811933286654
1580,706,FOXN3,ENSG00000053254,709,0.41782590282162413,0.6495565818071063
1581,812,CCAR1,ENSG00000060339,815,0.44127017783919575,0.6490981314615358
1582,16933,HMGB1,ENSG00000189403,16936,0.42460466664142926,0.6488655257677874
1583,5188,TBC1D15,ENSG00000121749,5191,0.43457230249903644,0.6485080600089036
1584,1416,SYNJ2,ENSG00000078269,1419,0.4088558448476967,0.6483501577743037
1585,22412,PPP1CB,ENSG00000213639,22415,0.42851604979727986,0.6482474526897197
1586,10305,UBE2Z,ENSG00000159202,10308,0.43736993445533634,0.6481576044068327
1587,4118,MAN2A1,ENSG00000112893,4121,0.43046142675020305,0.6478986957091298
1588,6791,MICAL2,ENSG00000133816,6794,0.3890116181295221,0.6478985765709073
1589,281,BTBD7,ENSG00000011114,284,0.4335041033946793,0.6478485888130607
1590,39727,ENSG00000251574,ENSG00000251574,39730,0.29100640931889393,0.6477332949523491
1591,3785,AMBRA1,ENSG00000110497,3788,0.4340990784008774,0.647486043878834
1592,2066,HNRNPH3,ENSG00000096746,2069,0.43321077466776703,0.6470818494834765
1593,2323,SOS2,ENSG00000100485,2326,0.43206202541038696,0.6470637036186703
1594,26015,JPX,ENSG00000225470,26018,0.4283511591067103,0.6467804249739303
1595,5250,ANXA11,ENSG00000122359,5253,0.40352585244470907,0.6467734907622339
1596,12318,PCMTD1,ENSG00000168300,12321,0.4394848161204538,0.646699626977526
1597,7060,CAPRIN1,ENSG00000135387,7063,0.443114249086383,0.6466071621392327
1598,4174,GOLPH3,ENSG00000113384,4177,0.43952993429832266,0.6464983088721517
1599,14906,ZDHHC20,ENSG00000180776,14909,0.42762123897216825,0.6463777359031793
1600,8696,PDGFC,ENSG00000145431,8699,0.37791626633554365,0.6461337391601107
1601,1025,CBFB,ENSG00000067955,1028,0.43367316574560033,0.645863314620756
1602,1577,ITGB5,ENSG00000082781,1580,0.41881675309182,0.6457838186335372
1603,16950,IL1RAP,ENSG00000196083,16953,0.39264808409231994,0.6457524740363566
1604,6792,RRAS2,ENSG00000133818,6795,0.42302598899221616,0.6455560978979162
1605,5413,LPGAT1,ENSG00000123684,5416,0.4285822419885053,0.6449587512493119
1606,13806,TVP23C,ENSG00000175106,13809,0.42004526382970614,0.6449532288680725
1607,19769,COL5A2,ENSG00000204262,19772,0.3023630727139151,0.6445347528603256
1608,4357,SLC35F5,ENSG00000115084,4360,0.436751526076427,0.6442725841621574
1609,6874,KIDINS220,ENSG00000134313,6877,0.4345365395454775,0.6441547479755836
1610,3734,OSBP,ENSG00000110048,3737,0.4328469467496602,0.6441099562684643
1611,1134,CDC42,ENSG00000070831,1137,0.4414100050319721,0.6437473577321493
1612,9604,CDYL,ENSG00000153046,9607,0.4335597665874572,0.6434150955098543
1613,1889,GOLGA3,ENSG00000090615,1892,0.4296477876879767,0.6422882152894666
1614,15846,ROBO2,ENSG00000185008,15849,0.259296387311632,0.6419506761483985
1615,30378,TAPBP,ENSG00000231925,30381,0.4334269388636634,0.6419356277149803
1616,3206,HBP1,ENSG00000105856,3209,0.42198178014379656,0.641792773191262
1617,7348,CDK5RAP2,ENSG00000136861,7351,0.4324495530194676,0.6416130899596666
1618,17887,LTN1,ENSG00000198862,17890,0.43278399300702614,0.641083727415154
1619,22554,CSNK1E,ENSG00000213923,22557,0.41896721136802295,0.6410801799666637
1620,11357,PDSS2,ENSG00000164494,11360,0.4302532910924645,0.6409610615375333
1621,6435,SLC6A6,ENSG00000131389,6438,0.3909452901118895,0.6407348864308117
1622,270,SCMH1,ENSG00000010803,273,0.4213669253574426,0.6407305186962129
1623,6580,SEC61G,ENSG00000132432,6583,0.4119522445037074,0.6405948158537896
1624,8559,SUMF1,ENSG00000144455,8562,0.4022847308245018,0.640582649608148
1625,1486,CRYBG3,ENSG00000080200,1489,0.4228294275927903,0.6405357360116246
1626,10280,EPB41,ENSG00000159023,10283,0.41256613750412063,0.6402019740380946
1627,11845,RNF169,ENSG00000166439,11848,0.4305077586746263,0.6401855992243964
1628,1808,ESF1,ENSG00000089048,1811,0.41715372766393394,0.6399952367372619
1629,9624,RANBP2,ENSG00000153201,9627,0.4301125635639772,0.6398747820980308
1630,12952,FEZ2,ENSG00000171055,12955,0.4243357767308074,0.639818989748658
1631,6296,ATXN10,ENSG00000130638,6299,0.42538722056452466,0.6397495089529441
1632,12500,DHRSX,ENSG00000169084,12503,0.4088026574358769,0.6396602137987227
1633,11359,STXBP5,ENSG00000164506,11362,0.40631912442713286,0.6395592109021846
1634,1458,SAR1A,ENSG00000079332,1461,0.42847870056894627,0.6390096369068972
1635,7188,ANKRD36,ENSG00000135976,7191,0.41606997025633685,0.6389701913647217
1636,6078,INO80,ENSG00000128908,6081,0.42711193990986107,0.6389397562760609
1637,2599,XIAP,ENSG00000101966,2602,0.4332910777253676,0.6388906639746391
1638,7244,BZW2,ENSG00000136261,7247,0.4133266781684491,0.6387267359613833
1639,8738,COMMD10,ENSG00000145781,8741,0.4199289542613438,0.6387136883570759
1640,950,MTHFD2,ENSG00000065911,953,0.4162140578796144,0.6386570775773608
1641,39271,GMDS-DT,ENSG00000250903,39274,0.40713577328527484,0.6385787401482617
1642,7314,WDR33,ENSG00000136709,7317,0.4322863015290513,0.6384485261537842
1643,36886,MRPS6,ENSG00000243927,36889,0.3876481773098919,0.6379914605417991
1644,7397,RNF38,ENSG00000137075,7400,0.42822497236075135,0.6374525404929803
1645,7201,WASHC4,ENSG00000136051,7204,0.4326258185918364,0.6373064681422408
1646,16275,ZFP91,ENSG00000186660,16278,0.4349912760833465,0.6370722192760341
1647,6997,AGTPBP1,ENSG00000135049,7000,0.3950310249266875,0.6365985552539891
1648,2078,ABLIM1,ENSG00000099204,2081,0.39257187153402956,0.636418343982386
1649,13642,PRPF8,ENSG00000174231,13645,0.4233589802935529,0.6362421020722748
1650,4189,RAD50,ENSG00000113522,4192,0.4231340954706524,0.63619273614096
1651,14566,FBXO34,ENSG00000178974,14569,0.428799316586762,0.635915164982845
1652,6683,POMP,ENSG00000132963,6686,0.42074458369029377,0.6359085892075572
1653,15155,IST1,ENSG00000182149,15158,0.42366776312656224,0.6356844958717722
1654,2636,MAGT1,ENSG00000102158,2639,0.423701630277433,0.6356653581472863
1655,4262,PDCD10,ENSG00000114209,4265,0.43027984052267787,0.6356025713002205
1656,39,CFLAR,ENSG00000003402,42,0.40830354807824126,0.6350779687215973
1657,9989,HK1,ENSG00000156515,9992,0.4026506338335312,0.6349626365532202
1658,5867,NUP214,ENSG00000126883,5870,0.4276234364980102,0.6348089436293567
1659,1039,ACSL4,ENSG00000068366,1042,0.4033702467475154,0.6346604458241305
1660,17248,ANXA4,ENSG00000196975,17251,0.41180588631305626,0.6345231096794046
1661,12135,ZNF146,ENSG00000167635,12138,0.4272253209386872,0.6344086345325293
1662,9375,CSNK1G3,ENSG00000151292,9378,0.4258430425006698,0.6344057934380682
1663,32654,DANT2,ENSG00000235244,32657,0.39916912698947743,0.6343790560142574
1664,821,QSER1,ENSG00000060749,824,0.43038335195155153,0.6343075358292978
1665,16402,MT1X,ENSG00000187193,16405,0.3452709349154598,0.6341159095499721
1666,3458,TNKS2,ENSG00000107854,3461,0.42897317313129546,0.6337675824490521
1667,287,MBTD1,ENSG00000011258,290,0.42409932004111073,0.633161821517873
1668,17451,FAR1,ENSG00000197601,17454,0.4152087474967158,0.6331502645370923
1669,10053,FCHO2,ENSG00000157107,10056,0.42603224295306213,0.6330490478223612
1670,13167,ZNF217,ENSG00000171940,13170,0.4206492410769275,0.6329983750505392
1671,11769,BTRC,ENSG00000166167,11772,0.4245554616126558,0.6329096569799664
1672,153,VPS41,ENSG00000006715,156,0.42497441880580133,0.6323204800523354
1673,2687,UGGT2,ENSG00000102595,2690,0.40896954245965667,0.6319615402452141
1674,4213,SMAD5,ENSG00000113658,4216,0.42556616501488687,0.6316490550850203
1675,10994,ELF3,ENSG00000163435,10997,0.3593954290777227,0.6311387547024008
1676,15156,ERCC6L2,ENSG00000182150,15159,0.4187060160221936,0.6311316554529327
1677,3770,DDX6,ENSG00000110367,3773,0.4290201027046862,0.6310158395999077
1678,6420,RLIM,ENSG00000131263,6423,0.42855774573788,0.6310046509594407
1679,4144,FAF2,ENSG00000113194,4147,0.4289894177344543,0.6306052697627442
1680,7740,SEC24B,ENSG00000138802,7743,0.42048432225026805,0.6304421091614119
1681,14608,SAMD4B,ENSG00000179134,14611,0.40474374069294405,0.6302997490325362
1682,7893,ARMH4,ENSG00000139971,7896,0.421052440722218,0.6299939181483234
1683,11413,LMTK2,ENSG00000164715,11416,0.3932344029827992,0.6298107101540535
1684,11644,NSD1,ENSG00000165671,11647,0.42225491685655664,0.6293674604096929
1685,7093,OS9,ENSG00000135506,7096,0.4198132646675299,0.6293602394234029
1686,13265,SUCLG2,ENSG00000172340,13268,0.42129308691102285,0.6293409695883576
1687,1689,EIF2AK1,ENSG00000086232,1692,0.4277106376871389,0.6292308373444229
1688,6905,CCNH,ENSG00000134480,6908,0.4116135952437009,0.6289967850256936
1689,9538,USP12,ENSG00000152484,9541,0.41288284987546614,0.6288827126255354
1690,3554,GOSR1,ENSG00000108587,3557,0.4238571649877657,0.6286002961805863
1691,57389,ENSG00000284461,ENSG00000284461,57392,0.41026193927554466,0.6284175684397797
1692,52323,CYFIP1,ENSG00000273749,52326,0.42243951712130506,0.6283040130845566
1693,11368,STK17A,ENSG00000164543,11371,0.4033503938697853,0.6282774325913572
1694,7664,ABI2,ENSG00000138443,7667,0.41844281012610385,0.6282761540643121
1695,27137,ENSG00000227088,ENSG00000227088,27140,0.31076791608355947,0.6281541853631285
1696,1382,DYNC1I2,ENSG00000077380,1385,0.42695878333515547,0.6281390593149018
1697,6100,PALLD,ENSG00000129116,6103,0.3674844766035085,0.6279974877223945
1698,9197,HYOU1,ENSG00000149428,9200,0.39032435798513865,0.6279877433560277
1699,17245,FUT11,ENSG00000196968,17248,0.4011014463270372,0.6279441666118181
1700,4750,ARID1A,ENSG00000117713,4753,0.4225319151067314,0.6278566104847816
1701,17112,AFAP1,ENSG00000196526,17115,0.3771923963763637,0.6276646755528916
1702,7330,TXN,ENSG00000136810,7333,0.41101168944375904,0.627440853214281
1703,8282,CCN1,ENSG00000142871,8285,0.33668914904010877,0.6273275371452969
1704,12237,DDB1,ENSG00000167986,12240,0.42245115891115265,0.6270986379688419
1705,1396,FGFR1,ENSG00000077782,1399,0.3688035929231744,0.6270829098528393
1706,1656,WDFY1,ENSG00000085449,1659,0.4120247301865466,0.6265945775834418
1707,3902,CAND1,ENSG00000111530,3905,0.42805315377976083,0.6263613763559188
1708,3823,CAPRIN2,ENSG00000110888,3826,0.37867226064578496,0.626174825765509
1709,4222,CPEB4,ENSG00000113742,4225,0.3900408243671812,0.6259920735017109
1710,1700,TMED2,ENSG00000086598,1703,0.41866300979841103,0.6259543418583393
1711,6359,UBE4B,ENSG00000130939,6362,0.4166482284267439,0.6258167937999838
1712,1964,SUPT16H,ENSG00000092201,1967,0.41437684116532625,0.6257414126163294
1713,492,ARID4A,ENSG00000032219,495,0.4155048551566306,0.6257104726420719
1714,2382,RPS6KA5,ENSG00000100784,2385,0.3889926558404794,0.6254215842041596
1715,2389,TRIP11,ENSG00000100815,2392,0.4185265654481624,0.6252889856136052
1716,11034,CLASP2,ENSG00000163539,11037,0.41385724872146873,0.6248922803705778
1717,5089,KDM3B,ENSG00000120733,5092,0.42008455587890536,0.6247641233198059
1718,1053,KIF2A,ENSG00000068796,1056,0.4221959279042064,0.6247021300595561
1719,12655,NLGN1,ENSG00000169760,12658,0.2662227342538093,0.6246410472910191
1720,10124,UBN2,ENSG00000157741,10127,0.4126772917531562,0.6246258521423954
1721,8844,ZMYM4,ENSG00000146463,8847,0.41945583131315917,0.6245793823595809
1722,6564,RAN,ENSG00000132341,6567,0.41353812820258984,0.6244763514507004
1723,17120,MME,ENSG00000196549,17123,0.3007192086810937,0.6244673916756356
1724,3276,EIF3B,ENSG00000106263,3279,0.40935847162415,0.6244530213495048
1725,907,ANKS1A,ENSG00000064999,910,0.41670939004866725,0.6241234677714115
1726,4738,RSRP1,ENSG00000117616,4741,0.41493958624461413,0.6240833201411656
1727,12904,MTSS1,ENSG00000170873,12907,0.313921248380589,0.6238861101930735
1728,6992,NAA35,ENSG00000135040,6995,0.4162847182325609,0.6238557231192835
1729,1154,SEL1L,ENSG00000071537,1157,0.4019451739542057,0.6238204343492604
1730,4216,ERGIC1,ENSG00000113719,4219,0.4104582980071512,0.6237464766378071
1731,17395,MAP3K5,ENSG00000197442,17398,0.38861163707135665,0.6237228598943616
1732,1190,PALS1,ENSG00000072415,1193,0.41586185561143046,0.6234861738951858
1733,14511,SUZ12,ENSG00000178691,14514,0.42071302165090274,0.6229727553168998
1734,14724,MYADM,ENSG00000179820,14727,0.397040179465495,0.6227648337589244
1735,654,ADAMTS6,ENSG00000049192,657,0.2796352018803522,0.6226165112691364
1736,2185,LGALS1,ENSG00000100097,2188,0.3785564410461461,0.6223856337767059
1737,2216,TCF20,ENSG00000100207,2219,0.4181112063475055,0.6222691864287841
1738,2383,PPP4R3A,ENSG00000100796,2386,0.4149440140400822,0.6220977368837173
1739,11350,CREBRF,ENSG00000164463,11353,0.40086226929905533,0.6218458036594718
1740,9462,PARP8,ENSG00000151883,9465,0.3830446416269417,0.6216779785820801
1741,17076,XRCC6,ENSG00000196419,17079,0.41498529467033785,0.6212470097799749
1742,15582,KIRREL1,ENSG00000183853,15585,0.3860064742250945,0.6209872960369294
1743,4052,HBS1L,ENSG00000112339,4055,0.40486570022769436,0.6205738264396328
1744,12850,HSPA4,ENSG00000170606,12853,0.40897540522256665,0.6202869205581374
1745,1092,LRP6,ENSG00000070018,1095,0.4049259402999058,0.6198210570705492
1746,9109,LRMDA,ENSG00000148655,9112,0.3252956836373839,0.6193489121672302
1747,11886,NDEL1,ENSG00000166579,11889,0.4096233643332634,0.6192516912152112
1748,12819,RALGAPB,ENSG00000170471,12822,0.41811095812753224,0.6192038061203696
1749,8045,TCF25,ENSG00000141002,8048,0.4167537621391294,0.6191153241604602
1750,6045,KLHDC10,ENSG00000128607,6048,0.4064152698075354,0.6190282610170151
1751,11798,CUL5,ENSG00000166266,11801,0.4153452034963695,0.6189647565649183
1752,7202,SLC41A2,ENSG00000136052,7205,0.3902047234275293,0.6189545843083022
1753,2391,PABPN1,ENSG00000100836,2394,0.40691394390149727,0.6186684215635048
1754,4352,PIKFYVE,ENSG00000115020,4355,0.41362904996487015,0.6186477873899965
1755,7138,KCNK1,ENSG00000135750,7141,0.3493379484003141,0.6181559317164417
1756,4917,YLPM1,ENSG00000119596,4920,0.41524540939391885,0.6176428336612433
1757,14001,TMEM39A,ENSG00000176142,14004,0.40417855730866137,0.6176408146115695
1758,1097,NUCB2,ENSG00000070081,1100,0.39896793775939415,0.6174825809961144
1759,433,STRAP,ENSG00000023734,436,0.40573966443287834,0.6174710549171329
1760,4905,MAPKAP1,ENSG00000119487,4908,0.398949227141806,0.6172449730949257
1761,1930,CDV3,ENSG00000091527,1933,0.41480175006103015,0.6169994835606102
1762,1762,DDX18,ENSG00000088205,1765,0.41105078498396824,0.6169814544984158
1763,57677,ENSG00000285016,ENSG00000285016,57680,0.38012185209036636,0.6169504839748172
1764,1581,RNF13,ENSG00000082996,1584,0.4146904342267213,0.6168514659239759
1765,8122,SLC16A3,ENSG00000141526,8125,0.39528994023951397,0.6166585012341852
1766,1070,VPS35,ENSG00000069329,1073,0.4164052834587951,0.616561680636133
1767,11286,PRRC1,ENSG00000164244,11289,0.3965039556229381,0.6164039484064516
1768,6632,KHDC4,ENSG00000132680,6635,0.4052173122871877,0.6159599573961676
1769,9625,AHCTF1,ENSG00000153207,9628,0.4059953897070135,0.6158937218000624
1770,609,OFD1,ENSG00000046651,612,0.4068449494074378,0.615749565044198
1771,6263,ARPC1B,ENSG00000130429,6266,0.35737349826168335,0.6153964196693359
1772,11545,GAPVD1,ENSG00000165219,11548,0.4121190638061185,0.6153837936338037
1773,6211,LDLR,ENSG00000130164,6214,0.3836196620275253,0.6153068938969187
1774,7298,SKIL,ENSG00000136603,7301,0.40336702673448166,0.614897402026375
1775,16332,ZNF395,ENSG00000186918,16335,0.38354656350149147,0.6139858707088821
1776,7676,SECISBP2L,ENSG00000138593,7679,0.4067237209782127,0.613955244437323
1777,7944,ETFA,ENSG00000140374,7947,0.4114198818252891,0.613867669330724
1778,650,R3HDM1,ENSG00000048991,653,0.4042131707498023,0.6135990239732706
1779,4836,RPN2,ENSG00000118705,4839,0.41044372102408255,0.6132149627169324
1780,15561,SLC35F3,ENSG00000183780,15564,0.32068051234919387,0.6129403937294368
1781,10438,PDXK,ENSG00000160209,10441,0.40601258893455716,0.6128540389779792
1782,2886,CSPP1,ENSG00000104218,2889,0.4016906353507445,0.6128107815256262
1783,12408,AHCYL1,ENSG00000168710,12411,0.4099381944788388,0.612798555996989
1784,12382,SLC20A2,ENSG00000168575,12385,0.39027634688772067,0.6125630271721805
1785,2522,CHMP4B,ENSG00000101421,2525,0.4031953427349373,0.6124513632407629
1786,17799,CEP290,ENSG00000198707,17802,0.40727606835947816,0.6122281458561534
1787,8441,LYST,ENSG00000143669,8444,0.38874604069814955,0.6122116481431852
1788,17033,POM121,ENSG00000196313,17036,0.40068678577567235,0.6120849755902975
1789,3568,CYTH1,ENSG00000108669,3571,0.4034069394360851,0.6119716666324909
1790,1672,EPS15,ENSG00000085832,1675,0.4098699610656839,0.6119360281611672
1791,17659,DDX42,ENSG00000198231,17662,0.41380601411523016,0.6116182714126885
1792,10014,ATAD2,ENSG00000156802,10017,0.36938384169124494,0.6115240100086065
1793,1511,DLGAP4,ENSG00000080845,1514,0.40160018122453167,0.611400000622473
1794,2780,ABCC1,ENSG00000103222,2783,0.402535019912689,0.6113913672384979
1795,3357,TMEM245,ENSG00000106771,3360,0.4088813217935327,0.6110672062350242
1796,13247,BSG,ENSG00000172270,13250,0.40824590882024836,0.6110059260022591
1797,3937,GOLT1B,ENSG00000111711,3940,0.40314409903681575,0.6109231316442697
1798,1890,PABPC4,ENSG00000090621,1893,0.40659034656170007,0.6108410408036197
1799,1737,ADD1,ENSG00000087274,1740,0.4099473583495913,0.6108395579844843
1800,9464,CACUL1,ENSG00000151893,9467,0.4089925298920667,0.6108181183283312
1801,4247,KPNA1,ENSG00000114030,4250,0.40463181750810423,0.6107651025697436
1802,4196,PPP2CA,ENSG00000113575,4199,0.4088356242873292,0.6107172463087898
1803,17944,SGMS1,ENSG00000198964,17947,0.4010855507877075,0.6106978628079736
1804,3197,DNAJC2,ENSG00000105821,3200,0.40211715668887876,0.6106907950440961
1805,8490,ASXL2,ENSG00000143970,8493,0.41045553770879806,0.6104294677184376
1806,5776,CEP250,ENSG00000126001,5779,0.3925095529633733,0.6103073735218107
1807,8924,NONO,ENSG00000147140,8927,0.4107516432156392,0.610200650438782
1808,14816,FGD6,ENSG00000180263,14819,0.3756610918355588,0.6100327252918838
1809,9954,CCT8,ENSG00000156261,9957,0.40945164460898403,0.609710479530039
1810,44381,HIF1A-AS3,ENSG00000258667,44384,0.34631493398064744,0.6096510806749401
1811,12658,UGP2,ENSG00000169764,12661,0.40422282672274334,0.6093861851144925
1812,1792,DNAAF9,ENSG00000088854,1795,0.380976658048665,0.6092981374869261
1813,10112,MX1,ENSG00000157601,10115,0.3400394168536782,0.6092508423138775
1814,5465,ATP5F1E,ENSG00000124172,5468,0.3931959251190841,0.6089145004056652
1815,2072,SH3GLB1,ENSG00000097033,2075,0.40884704951196665,0.608557201868662
1816,9717,UBASH3B,ENSG00000154127,9720,0.3619931471162464,0.6081759324136706
1817,3488,CCDC6,ENSG00000108091,3491,0.4008749413511221,0.6078048892440113
1818,2115,MTAP,ENSG00000099810,2118,0.37396699818180074,0.6078035516193331
1819,17818,ZNF652,ENSG00000198740,17821,0.40405563642287623,0.6076288306536528
1820,2228,TIMP3,ENSG00000100234,2231,0.24721054575075568,0.6072861971181375
1821,15020,DDX60L,ENSG00000181381,15023,0.3504202654597677,0.6072473405996922
1822,1028,HDAC4,ENSG00000068024,1031,0.37594210782158954,0.6071660455595447
1823,3331,COA1,ENSG00000106603,3334,0.4022878257799083,0.6069567833816394
1824,11253,NAA15,ENSG00000164134,11256,0.3977300083418351,0.6068832732769338
1825,5075,UFM1,ENSG00000120686,5078,0.39199974100003865,0.6068056680988583
1826,4121,TENT4A,ENSG00000112941,4124,0.39746702070132767,0.606641952392777
1827,6512,RHPN2,ENSG00000131941,6515,0.37947809972842145,0.6063893937644071
1828,11464,FOXK1,ENSG00000164916,11467,0.39765211460364097,0.6062034292726028
1829,13693,ANKRD36C,ENSG00000174501,13696,0.3862920147274713,0.606199945099004
1830,11257,ICE1,ENSG00000164151,11260,0.4082721178486522,0.6059967592210236
1831,12184,ANGPTL4,ENSG00000167772,12187,0.33979303460945603,0.6059767681662052
1832,4482,STRN,ENSG00000115808,4485,0.40873515517857584,0.6056187120089855
1833,3933,SLCO1B3,ENSG00000111700,3936,0.31989659059178516,0.6055304291527743
1834,51584,POM121C,ENSG00000272391,51587,0.39843992945337325,0.6055296269656323
1835,9341,ITPR1,ENSG00000150995,9344,0.32500953004514405,0.6053133474338759
1836,8488,VPS54,ENSG00000143952,8491,0.39458536534502375,0.6052302690619463
1837,10761,MYSM1,ENSG00000162601,10764,0.4066569506170873,0.6046880831694879
1838,881,TAF2,ENSG00000064313,884,0.40305043289789655,0.6044570956175057
1839,2652,TIMP1,ENSG00000102265,2655,0.3339861700108526,0.6041178169194709
1840,11072,ATXN7,ENSG00000163635,11075,0.4041485468814663,0.6040985190254767
1841,13440,RAPH1,ENSG00000173166,13443,0.3902803595305221,0.6040444196192204
1842,29062,MIR181A1HG,ENSG00000229989,29065,0.34627200346537795,0.6037527072218156
1843,14841,MCFD2,ENSG00000180398,14844,0.4019483816345499,0.6033907785435748
1844,10319,MORC3,ENSG00000159256,10322,0.39968833544459714,0.6033862262648315
1845,2,DPM1,ENSG00000000419,5,0.3932128968503831,0.6032840810624729
1846,11488,TMEM65,ENSG00000164983,11491,0.37520746822601964,0.6032066370212922
1847,4707,PRDX1,ENSG00000117450,4710,0.3938163690150442,0.6024721705297217
1848,647,VPS13D,ENSG00000048707,650,0.40466045442688303,0.6024505165552155
1849,13580,DPY19L1,ENSG00000173852,13583,0.39047244326169517,0.6020458582026182
1850,218,CRY1,ENSG00000008405,221,0.37290808948237275,0.6018122517672339
1851,13382,DMXL1,ENSG00000172869,13385,0.399536448590429,0.6017731650497864
1852,1241,MAP3K13,ENSG00000073803,1244,0.3868400392987229,0.6017645049831781
1853,23,CD99,ENSG00000002586,26,0.38062619380362855,0.6017475942269805
1854,16454,USP7,ENSG00000187555,16457,0.40210212962129493,0.6017343731213641
1855,9467,TIAL1,ENSG00000151923,9470,0.3969949915896429,0.6016614568782327
1856,4210,MACROH2A1,ENSG00000113648,4213,0.40453057521539554,0.6015994313668966
1857,2370,DICER1,ENSG00000100697,2373,0.39953277011132887,0.601574024520081
1858,3216,PALS2,ENSG00000105926,3219,0.3783053951509946,0.6015712772231815
1859,2863,ZNF106,ENSG00000103994,2866,0.4020642088207762,0.6006544720709756
1860,3772,CBL,ENSG00000110395,3775,0.398745453637767,0.6005423158254866
1861,10061,ODR4,ENSG00000157181,10064,0.39650878276500146,0.6001479901436673
1862,3446,BMPR1A,ENSG00000107779,3449,0.3901088735229291,0.6001140777839711
1863,12627,LUZP1,ENSG00000169641,12630,0.387816432689264,0.6000693791634008
1864,5667,PPDPF,ENSG00000125534,5670,0.386972175167821,0.5999582683671325
1865,14417,NDUFV2,ENSG00000178127,14420,0.38578300472525257,0.5998727457459742
1866,847,APPBP2,ENSG00000062725,850,0.3968837657799775,0.5998185652920436
1867,14727,SERTAD2,ENSG00000179833,14730,0.37665516406602234,0.5994545642558904
1868,4555,QSOX1,ENSG00000116260,4558,0.389706842095503,0.5990268628450293
1869,2134,MED15,ENSG00000099917,2137,0.3975405745119671,0.5981381893536913
1870,12121,AXL,ENSG00000167601,12124,0.36554970143320037,0.5981239615561774
1871,12419,TET2,ENSG00000168769,12422,0.384763704193188,0.5981087331461858
1872,15801,TMED9,ENSG00000184840,15804,0.3944398725719616,0.5979189082036123
1873,22636,CPNE1,ENSG00000214078,22639,0.4012691319919424,0.5978869432616652
1874,9686,DDAH1,ENSG00000153904,9689,0.36596865510552307,0.5976203745269498
1875,5174,NAA50,ENSG00000121579,5177,0.39820291073480973,0.597232792181578
1876,3227,CAV1,ENSG00000105974,3230,0.35136464705389975,0.5970197903195317
1877,1721,NLK,ENSG00000087095,1724,0.3915907795144471,0.5969180991591598
1878,10209,AHCYL2,ENSG00000158467,10212,0.37772467821648525,0.5969083391900885
1879,15448,KIAA2026,ENSG00000183354,15451,0.39060636113169833,0.5968287593846473
1880,1009,TP53BP1,ENSG00000067369,1012,0.39512549985522266,0.5967507568674546
1881,1684,NFX1,ENSG00000086102,1687,0.3924594591521975,0.5964750055545556
1882,5268,BBS9,ENSG00000122507,5271,0.3674059870149305,0.5961955286125531
1883,743,CUL1,ENSG00000055130,746,0.3947497192934209,0.5961602934236849
1884,244,RANBP9,ENSG00000010017,247,0.39224033282315846,0.5959325767364805
1885,24849,CCDC18-AS1,ENSG00000223745,24852,0.3802641133706223,0.5957259333108113
1886,5282,HYCC1,ENSG00000122591,5285,0.3577440165221896,0.5953207864162648
1887,2549,USP14,ENSG00000101557,2552,0.3978954786899734,0.595202598448084
1888,5958,SEM1,ENSG00000127922,5961,0.3923559720046752,0.5950783232926119
1889,2017,ARCN1,ENSG00000095139,2020,0.3945027109658533,0.5950199373487421
1890,9077,GPR107,ENSG00000148358,9080,0.3913870812123665,0.594996141393638
1891,12903,KIAA0232,ENSG00000170871,12906,0.39464107644908897,0.5949874263582833
1892,13551,PSMD1,ENSG00000173692,13554,0.3973249161098489,0.5948319178774215
1893,557,ZFYVE16,ENSG00000039319,560,0.3941708287864039,0.5945543517572791
1894,1595,DIS3,ENSG00000083520,1598,0.38602911923577793,0.5945286312561836
1895,111,LAMP2,ENSG00000005893,114,0.38857555564978274,0.594444632638814
1896,11172,GNL3,ENSG00000163938,11175,0.3894426313208091,0.5944346565336351
1897,17481,FAM114A1,ENSG00000197712,17484,0.38334413785419996,0.5942198377206429
1898,20126,SARNP,ENSG00000205323,20129,0.39587714449581646,0.5938576296736897
1899,9833,AZIN1,ENSG00000155096,9836,0.3896436167051892,0.5936459657556151
1900,15493,PCBP3,ENSG00000183570,15496,0.31685122209100747,0.5933404939209538
1901,51858,DCP1A,ENSG00000272886,51861,0.3954094621812023,0.5932733512081034
1902,19348,7SK,ENSG00000202198,19351,0.31994131641152357,0.593041407791352
1903,411,AQR,ENSG00000021776,414,0.3933599854179641,0.5925598913701445
1904,1489,RFX3,ENSG00000080298,1492,0.37550778230154774,0.5924545286709682
1905,982,MSANTD3,ENSG00000066697,985,0.37475147253854035,0.5924433051083724
1906,539,FBXO42,ENSG00000037637,542,0.3784797638080172,0.5917985236359296
1907,7867,DENR,ENSG00000139726,7870,0.3905824990886831,0.5913528904001487
1908,1640,HADHA,ENSG00000084754,1643,0.40010401808725565,0.5909725824916912
1909,8385,ENSA,ENSG00000143420,8388,0.38985322249679183,0.5909336594176232
1910,9571,FARP1,ENSG00000152767,9574,0.36686767882704596,0.5908567422687223
1911,2290,ST13,ENSG00000100380,2293,0.3893242699770408,0.5906552824737396
1912,3368,TLE4,ENSG00000106829,3371,0.33868896251381425,0.5906326719136534
1913,2641,EEA1,ENSG00000102189,2644,0.3849224864304396,0.590568810629628
1914,4331,SSR3,ENSG00000114850,4334,0.38317268981914,0.5902460600959422
1915,14144,FAM91A1,ENSG00000176853,14147,0.3882757853078652,0.5902114143657571
1916,8870,NIPSNAP2,ENSG00000146729,8873,0.38856261531674846,0.5898740796106559
1917,8356,XPR1,ENSG00000143324,8359,0.38220054197607534,0.5897841503530504
1918,1746,DNM1L,ENSG00000087470,1749,0.38922282772355055,0.5896716371416698
1919,8266,KIAA0319L,ENSG00000142687,8269,0.39136467013942594,0.5894890793175249
1920,12057,MYO5B,ENSG00000167306,12060,0.3309666800255204,0.58916649747743
1921,23120,ZNF407,ENSG00000215421,23123,0.38140325021200333,0.5886229798578334
1922,11786,FRS2,ENSG00000166225,11789,0.3939241996889688,0.5883424061455389
1923,6830,ARL8B,ENSG00000134108,6833,0.3829067615671303,0.5883146536615256
1924,6965,CLOCK,ENSG00000134852,6968,0.38199131600485964,0.5881160860096831
1925,3267,CHCHD2,ENSG00000106153,3270,0.3834703157433007,0.5880453704005689
1926,2080,RAB18,ENSG00000099246,2083,0.37775987956219875,0.5880376544141657
1927,1549,PHLPP1,ENSG00000081913,1552,0.36489705095615604,0.5876069305095404
1928,36778,NME2,ENSG00000243678,36781,0.383036414016976,0.5875356449173688
1929,1526,PCNP,ENSG00000081154,1529,0.39696060338657335,0.5874181751652862
1930,2398,CHD8,ENSG00000100888,2401,0.3933390027015567,0.5870907213346843
1931,5639,SOX9,ENSG00000125398,5642,0.3596622378684896,0.5870891202895786
1932,17940,TGM2,ENSG00000198959,17943,0.3225953516337442,0.58699820041536
1933,8857,CREB5,ENSG00000146592,8860,0.31908971332338026,0.5867283378778884
1934,10190,CUL4B,ENSG00000158290,10193,0.3745473518107092,0.5865756602661181
1935,4175,SUB1,ENSG00000113387,4178,0.3923702622094131,0.5865116184333243
1936,9658,FBXL2,ENSG00000153558,9661,0.36997733669190297,0.5865114081804427
1937,11476,VIRMA,ENSG00000164944,11479,0.38974490788484584,0.5864646515662588
1938,3445,CCSER2,ENSG00000107771,3448,0.3863130598426379,0.5864628473632684
1939,7659,CIR1,ENSG00000138433,7662,0.38692795862922336,0.5864548676802652
1940,8631,EIF2A,ENSG00000144895,8634,0.3855409416818053,0.5863141269741801
1941,2367,EIF5,ENSG00000100664,2370,0.3853627568832708,0.586185444212597
1942,16710,NBR1,ENSG00000188554,16713,0.38991050426387197,0.5861022328897769
1943,7650,SSB,ENSG00000138385,7653,0.3837644709806677,0.5860747567416398
1944,2047,HIVEP1,ENSG00000095951,2050,0.376697303908861,0.5859328264666769
1945,17279,KIAA1671,ENSG00000197077,17282,0.3731407166959595,0.5858544408778743
1946,422,GRAMD1B,ENSG00000023171,425,0.26225605370580335,0.5855074264896887
1947,16390,SHTN1,ENSG00000187164,16393,0.38549676369657054,0.5852985666114849
1948,12262,SF1,ENSG00000168066,12265,0.3874853093756108,0.5851507307775958
1949,11557,VCP,ENSG00000165280,11560,0.3835498692137548,0.5851041736956663
1950,19894,ABCF1,ENSG00000204574,19897,0.3889884856680955,0.5850337201219791
1951,10236,EMSY,ENSG00000158636,10239,0.38039656053718596,0.5845275868965076
1952,4009,MDN1,ENSG00000112159,4012,0.37276638627217507,0.5844548174260984
1953,4721,F3,ENSG00000117525,4724,0.3076045416315773,0.5839572454249695
1954,9484,FAM168B,ENSG00000152102,9487,0.3849844503745433,0.5836293499559679
1955,2552,LPIN2,ENSG00000101577,2555,0.3767545299162004,0.5835362081435622
1956,2948,PPP2CB,ENSG00000104695,2951,0.3816804906159364,0.5835050473835609
1957,5128,TRIM25,ENSG00000121060,5131,0.37649929874433,0.5832216295052324
1958,16633,TUBB4B,ENSG00000188229,16636,0.36100327459825654,0.5831856813208594
1959,3789,CARS1,ENSG00000110619,3792,0.37037949054137675,0.5828019045291194
1960,53127,PRAG1,ENSG00000275342,53130,0.3441883090039519,0.5827710036306128
1961,6556,IMMT,ENSG00000132305,6559,0.39022946806375364,0.5827702175224135
1962,6573,UBE2G1,ENSG00000132388,6576,0.378256196656039,0.5827295218497012
1963,2999,OAZ1,ENSG00000104904,3002,0.3817891392450539,0.5820839055528124
1964,5517,USP22,ENSG00000124422,5520,0.3871232540946184,0.581941335806569
1965,7940,ANP32A,ENSG00000140350,7943,0.38278231943042956,0.5819323047165491
1966,7427,TMEM14B,ENSG00000137210,7430,0.3765924279090941,0.5815064347866066
1967,6684,CDK8,ENSG00000132964,6687,0.3681142944274449,0.5814354000172629
1968,17313,PSMD12,ENSG00000197170,17316,0.3884244016153101,0.5814205103868203
1969,2062,ITPR3,ENSG00000096433,2065,0.37249236600657604,0.5812895204098751
1970,4872,TJP2,ENSG00000119139,4875,0.35927614632159205,0.5811861762227829
1971,8518,SLC20A1,ENSG00000144136,8521,0.35531325281058795,0.5809625059929415
1972,10792,SLC30A7,ENSG00000162695,10795,0.3810570189743778,0.5809550648934498
1973,1235,FERMT2,ENSG00000073712,1238,0.36840156515557193,0.580845399882643
1974,1412,PIK3C3,ENSG00000078142,1415,0.37467724685181186,0.5808243183671502
1975,375,RALBP1,ENSG00000017797,378,0.3870994306371552,0.5808091853597919
1976,10991,LRRC58,ENSG00000163428,10994,0.38455688457425924,0.580581312149522
1977,692,PIK3CB,ENSG00000051382,695,0.3884365840149515,0.5804904604786244
1978,802,MXD1,ENSG00000059728,805,0.3585345959087194,0.5804822996028943
1979,271,FYN,ENSG00000010810,274,0.3321031764105633,0.5802647659838509
1980,11827,ATP9B,ENSG00000166377,11830,0.37674208503157347,0.5801040051481571
1981,8736,TNFAIP8,ENSG00000145779,8739,0.3604793055738435,0.5799091751612908
1982,9925,MIDEAS,ENSG00000156030,9928,0.37668273682716696,0.5797248865074338
1983,1145,WDR1,ENSG00000071127,1148,0.3854155908031893,0.5792942080977765
1984,1728,UIMC1,ENSG00000087206,1731,0.3837622230299938,0.5790937115503842
1985,5381,TUBA1B,ENSG00000123416,5384,0.36501184907871403,0.579065852540921
1986,1375,USP33,ENSG00000077254,1378,0.38356608153543215,0.5789456278172409
1987,2349,SPTLC2,ENSG00000100596,2352,0.38347460714499404,0.5789228915167303
1988,11173,PBRM1,ENSG00000163939,11176,0.3851241414070855,0.5787972449853691
1989,1026,PDK3,ENSG00000067992,1029,0.3548892538411757,0.5786617752173366
1990,3470,GTPBP4,ENSG00000107937,3473,0.3769385849707156,0.5783101264464202
1991,2940,SLC39A14,ENSG00000104635,2943,0.3570729801729453,0.5781438304977966
1992,2718,PHKB,ENSG00000102893,2721,0.3801243082039887,0.5776554568861327
1993,12091,GATAD2A,ENSG00000167491,12094,0.37702999927773423,0.5775851791463724
1994,9400,SCLT1,ENSG00000151466,9403,0.3593247744434751,0.5775824242278231
1995,1843,GANAB,ENSG00000089597,1846,0.38543192611631816,0.5775653591519112
1996,10675,SHANK2,ENSG00000162105,10678,0.32858845410382587,0.5773109448069312
1997,525,RFC1,ENSG00000035928,528,0.3846835301608595,0.5772110260182364
1998,617,POLR2B,ENSG00000047315,620,0.3811028266961554,0.577123158724397
1999,5780,KDM5C,ENSG00000126012,5783,0.3775455500265333,0.577087319717675
2000,6751,LARGE1,ENSG00000133424,6754,0.33959698382431464,0.5769971340338009
2001,5286,NT5C3A,ENSG00000122643,5289,0.36558020845987277,0.5767625655921678
2002,9112,GLUD1,ENSG00000148672,9115,0.36611796328786006,0.5764909465637125
2003,6596,EIF5A,ENSG00000132507,6599,0.3734202092963974,0.5764085687684348
2004,1113,ZXDC,ENSG00000070476,1116,0.380396557839788,0.5758255856878989
2005,1863,CCNK,ENSG00000090061,1866,0.3776209827936176,0.5754113105435824
2006,52990,SYNRG,ENSG00000275066,52993,0.37544138203049393,0.5753333392478912
2007,5476,CSE1L,ENSG00000124207,5479,0.37395286542180756,0.574577166448092
2008,4156,RNF130,ENSG00000113269,4159,0.37279225518008763,0.5745334045471406
2009,8679,TBCK,ENSG00000145348,8682,0.3717912414403595,0.5742871873125669
2010,3383,RIC1,ENSG00000107036,3386,0.3689810568767888,0.5740686028221742
2011,13013,CHST11,ENSG00000171310,13016,0.31476831395833826,0.5739457799965124
2012,482,NUP160,ENSG00000030066,485,0.38021625807536963,0.5739072850670995
2013,13145,RRM2,ENSG00000171848,13148,0.31845830141601367,0.5738268013419833
2014,4384,ASB3,ENSG00000115239,4387,0.3773420335623652,0.5736904542975081
2015,6123,PHF20L1,ENSG00000129292,6126,0.37843030803283384,0.5736433765135736
2016,17568,MBP,ENSG00000197971,17571,0.35457398519790223,0.573459224546361
2017,9331,PIP4K2A,ENSG00000150867,9334,0.36783661529687117,0.5732431602433004
2018,11698,ARHGAP42,ENSG00000165895,11701,0.32710825059715015,0.5732304161650262
2019,1019,NAV3,ENSG00000067798,1022,0.2871839829715045,0.57286289878652
2020,5079,HSPH1,ENSG00000120694,5082,0.33365048947071796,0.5725508826148082
2021,2877,SPG11,ENSG00000104133,2880,0.3769876447471826,0.5721096992060357
2022,17150,HRH1,ENSG00000196639,17153,0.3445566703130572,0.5719400410240839
2023,10515,ANO10,ENSG00000160746,10518,0.3691613205068134,0.5710557940513462
2024,1623,SSH1,ENSG00000084112,1626,0.36010491422061464,0.5708525079730289
2025,3362,TGFBR1,ENSG00000106799,3365,0.35693273774590795,0.5707258651120962
2026,13219,SNTB1,ENSG00000172164,13222,0.3056771070041386,0.5705928090199728
2027,7594,PREPL,ENSG00000138078,7597,0.3629639801099062,0.5705869730404906
2028,3108,KDELR1,ENSG00000105438,3111,0.37474470255267034,0.5703884541433766
2029,9832,PTPRN2,ENSG00000155093,9835,0.31024279518079656,0.5701389472155711
2030,6653,CTNNBL1,ENSG00000132792,6656,0.3724349384386615,0.5700569481436952
2031,15982,PRKG1,ENSG00000185532,15985,0.2545076132853525,0.5700386700321072
2032,17626,HIBCH,ENSG00000198130,17629,0.37283702368831884,0.5697195649523366
2033,3797,C11orf58,ENSG00000110696,3800,0.3791745206459913,0.5695140032118211
2034,6934,YARS1,ENSG00000134684,6937,0.36521559310394114,0.5694547388904065
2035,4050,SNX3,ENSG00000112335,4053,0.37545061746522446,0.5694350744138632
2036,12918,TPT1-AS1,ENSG00000170919,12921,0.36049472142720773,0.569120713434846
2037,6627,RIN2,ENSG00000132669,6630,0.3425677940611044,0.5690641058146911
2038,15535,UPP1,ENSG00000183696,15538,0.33645812002104625,0.5689860737746318
2039,19853,PRRC2A,ENSG00000204469,19856,0.3766484927175278,0.5689474156058865
2040,9516,ATG10,ENSG00000152348,9519,0.3599341024056034,0.568584184325923
2041,8298,MTF2,ENSG00000143033,8301,0.36489035769906786,0.5684858225627901
2042,2347,DAAM1,ENSG00000100592,2350,0.35886277495397506,0.5683200878099894
2043,19873,HLA-C,ENSG00000204525,19876,0.35130939473760286,0.568195418724438
2044,6519,LGALS3,ENSG00000131981,6522,0.3459778867171855,0.5678931593598903
2045,17566,MPZL1,ENSG00000197965,17569,0.3667855246540715,0.5678249287407895
2046,5979,PAICS,ENSG00000128050,5982,0.3704251852217594,0.5676630624249897
2047,16501,TCEA1,ENSG00000187735,16504,0.3700405276344371,0.5676056063120739
2048,5676,CCDC93,ENSG00000125633,5679,0.37422094916591275,0.5673176148321946
2049,9293,LATS2,ENSG00000150457,9296,0.35601249732569457,0.5671171899770115
2050,1905,EXOC1,ENSG00000090989,1908,0.3678411315880702,0.5670970676813423
2051,1058,ERLEC1,ENSG00000068912,1061,0.3713816768426419,0.566998832608249
2052,3437,PLEKHA1,ENSG00000107679,3440,0.35778986079826175,0.5669818768641361
2053,1628,WBP11,ENSG00000084463,1631,0.370998299818085,0.5668096071595927
2054,6651,NASP,ENSG00000132780,6654,0.36976700110549854,0.5665966115479865
2055,7728,SHROOM3,ENSG00000138771,7731,0.3143970063972392,0.5665517363449285
2056,8102,ESCO1,ENSG00000141446,8105,0.37338227837803056,0.5665426398884696
2057,4958,ATAD2B,ENSG00000119778,4961,0.3683471041133181,0.5664907893578636
2058,331,NUB1,ENSG00000013374,334,0.37131040014779493,0.5663699331995369
2059,4342,EEF1B2,ENSG00000114942,4345,0.36504649195418193,0.5661381111338678
2060,252,CD9,ENSG00000010278,255,0.3409369281784089,0.5660362958612118
2061,2688,ARHGEF7,ENSG00000102606,2691,0.36504300192469435,0.5659148871696942
2062,5159,PSPC1,ENSG00000121390,5162,0.36964197349183125,0.5658816576580552
2063,4580,GON4L,ENSG00000116580,4583,0.3745444367820365,0.5658602274039592
2064,5219,POLK,ENSG00000122008,5222,0.3732072593354324,0.5657122074044898
2065,6459,NDFIP1,ENSG00000131507,6462,0.37066972357559475,0.565697053384489
2066,9137,CNNM2,ENSG00000148842,9140,0.3578446384249115,0.565437683694218
2067,15748,PDE4B,ENSG00000184588,15751,0.26217777616946064,0.5654054822586974
2068,15335,ZNF721,ENSG00000182903,15338,0.3724662343158382,0.5653497120821647
2069,9320,CCT5,ENSG00000150753,9323,0.36770003693881825,0.5651998272324912
2070,3975,RNGTT,ENSG00000111880,3978,0.37237018456504845,0.5651235124183683
2071,966,ASPM,ENSG00000066279,969,0.30867195291722266,0.5650863808113256
2072,15159,CREB3L2,ENSG00000182158,15162,0.3499167602543496,0.5650329887748168
2073,17918,RPL39,ENSG00000198918,17921,0.36797376602743354,0.5646784651534813
2074,2520,RPRD1B,ENSG00000101413,2523,0.3738211812103174,0.5644978293991418
2075,22868,HNRNPUL2,ENSG00000214753,22871,0.375314644701534,0.5642569637300436
2076,16795,RPL14,ENSG00000188846,16798,0.3666882831879408,0.5639470717012925
2077,4481,GORASP2,ENSG00000115806,4484,0.36880698309841514,0.56363495316499
2078,9744,MIA3,ENSG00000154305,9747,0.37082138243339563,0.5635506047180071
2079,13223,MALT1,ENSG00000172175,13226,0.35266075199212626,0.5634579088167646
2080,4123,HMGCS1,ENSG00000112972,4126,0.3307613888541509,0.5628578456394605
2081,8841,TMEM181,ENSG00000146433,8844,0.36684810606779034,0.5626549368407928
2082,7800,DUSP6,ENSG00000139318,7803,0.33756771203217045,0.5624328976939325
2083,56640,IQCJ-SCHIP1,ENSG00000283154,56643,0.3212757760260022,0.5624056816614993
2084,4960,ATL2,ENSG00000119787,4963,0.36816849532255674,0.5618990799842303
2085,6220,NECTIN2,ENSG00000130202,6223,0.3549619235399879,0.5616931963625322
2086,5341,WWP1,ENSG00000123124,5344,0.3708438848126585,0.5615191003301256
2087,7731,CENPE,ENSG00000138778,7734,0.31818468422853985,0.561500995577821
2088,3311,EZH2,ENSG00000106462,3314,0.35243685971201877,0.5613970328668016
2089,4907,INVS,ENSG00000119509,4910,0.35900019794991683,0.5613927958752353
2090,151,GTF2IRD1,ENSG00000006704,154,0.35999971359595084,0.5611652356229225
2091,1960,G2E3,ENSG00000092140,1963,0.35205517981309126,0.5606303834628611
2092,3994,MAPK14,ENSG00000112062,3997,0.3692529643324419,0.5606095502610801
2093,6975,TPP2,ENSG00000134900,6978,0.3631466563244203,0.5604180913701522
2094,1500,PUM3,ENSG00000080608,1503,0.3559140616489155,0.5604100799704974
2095,2448,DNAJC5,ENSG00000101152,2451,0.3657605204588766,0.5604048268227724
2096,7493,DDX60,ENSG00000137628,7496,0.3309121074446672,0.5596740416313152
2097,13817,PSMD2,ENSG00000175166,13820,0.36110570342423226,0.5596178070151757
2098,11923,PPIB,ENSG00000166794,11926,0.35677566518397696,0.5593505167266787
2099,12360,ATXN2L,ENSG00000168488,12363,0.36771015878878516,0.5591147915472983
2100,9600,CWC27,ENSG00000153015,9603,0.366067461810733,0.5590401152151077
2101,11080,TIPARP,ENSG00000163659,11083,0.35416555725277543,0.5590091132458473
2102,4483,CEBPZ,ENSG00000115816,4486,0.36426631575964474,0.5585900767739682
2103,7189,EPC2,ENSG00000135999,7192,0.36722727330007804,0.5584580040154957
2104,11543,STRBP,ENSG00000165209,11546,0.3537339395506395,0.5580155273505761
2105,6777,KRAS,ENSG00000133703,6780,0.3592724033748234,0.5579516309309206
2106,2951,TUSC3,ENSG00000104723,2954,0.334794009021024,0.5579114760559077
2107,3221,OGDH,ENSG00000105953,3224,0.3620449463778808,0.5577081865431753
2108,4361,EPB41L5,ENSG00000115109,4364,0.35508824150682944,0.5575129009357191
2109,10736,DHRS3,ENSG00000162496,10739,0.3354276925462849,0.5574177912234796
2110,12606,ZEB2,ENSG00000169554,12609,0.30236061858301516,0.557190941739628
2111,1491,RAB21,ENSG00000080371,1494,0.3630129690378736,0.5571877427313006
2112,2164,MAPK1,ENSG00000100030,2167,0.3684673467341971,0.557037055341322
2113,7622,KIF20B,ENSG00000138182,7625,0.3398755403607281,0.557017006981416
2114,318,ELOVL5,ENSG00000012660,321,0.34529753266633195,0.5568022026151365
2115,29894,SPRY4-AS1,ENSG00000231185,29897,0.31297848175684784,0.556625199405378
2116,3424,DNMBP,ENSG00000107554,3427,0.3522194127403309,0.5563964037197817
2117,221,ST3GAL1,ENSG00000008513,224,0.32432165493631143,0.5561305869007522
2118,6088,ARPP19,ENSG00000128989,6091,0.3687147582771935,0.5561107702936201
2119,16060,DNAH14,ENSG00000185842,16063,0.3378625134660876,0.5557290123937828
2120,5463,VAPB,ENSG00000124164,5466,0.36324930601624766,0.5551284491926991
2121,6786,SWAP70,ENSG00000133789,6789,0.3640681911095054,0.5549699499663298
2122,15548,MACC1,ENSG00000183742,15551,0.2801686811939044,0.5544435787850401
2123,11752,RAB8B,ENSG00000166128,11755,0.3422558108690407,0.5542634204267887
2124,3706,UGDH,ENSG00000109814,3709,0.34329625404315184,0.5540458298173678
2125,12515,ZBTB43,ENSG00000169155,12518,0.35101965826511633,0.5539463816276999
2126,7370,PSMB7,ENSG00000136930,7373,0.36401323854144985,0.5539063449575742
2127,17540,KIF13B,ENSG00000197892,17543,0.3464417653055921,0.5537399086156202
2128,4527,PARD3B,ENSG00000116117,4530,0.32884284991929713,0.553697839550931
2129,6935,PHC2,ENSG00000134686,6938,0.3312268119954378,0.5536366630331389
2130,13579,NET1,ENSG00000173848,13582,0.3296882615673063,0.5535522367816478
2131,8192,COL6A1,ENSG00000142156,8195,0.28174346827377134,0.5534521733620521
2132,11176,ARHGEF3,ENSG00000163947,11179,0.3426721539015883,0.5533296431742114
2133,10286,PAXBP1,ENSG00000159086,10289,0.3591834761087296,0.5529466415702426
2134,3077,TGFB1,ENSG00000105329,3080,0.3331654680327448,0.552924024113219
2135,10029,VPS8,ENSG00000156931,10032,0.3610785256077611,0.5528752623005283
2136,3859,ARPC3,ENSG00000111229,3862,0.3659064999849407,0.5521579815629979
2137,17,CYP51A1,ENSG00000001630,20,0.34968678915661927,0.5517709531204202
2138,17380,HTT,ENSG00000197386,17383,0.3623686515787855,0.5516938845751499
2139,1349,PAG1,ENSG00000076641,1352,0.3179910622644143,0.5514741291335264
2140,8127,CSNK1D,ENSG00000141551,8130,0.3652222077876089,0.5513670156169261
2141,1871,ICAM1,ENSG00000090339,1874,0.30799257454448925,0.5506377517893964
2142,7758,KIF21A,ENSG00000139116,7761,0.34887095173741284,0.550621117885921
2143,10002,SAMD8,ENSG00000156671,10005,0.36084717729113236,0.5504343147362629
2144,11779,NOLC1,ENSG00000166197,11782,0.35193683153373667,0.5502923491026125
2145,9159,EIF3M,ENSG00000149100,9162,0.3588449422582198,0.5500692182741922
2146,1985,RFFL,ENSG00000092871,1988,0.35338151633660936,0.5498888880935816
2147,8133,FOXK2,ENSG00000141568,8136,0.3554208800859794,0.5497929188241975
2148,7583,PNPT1,ENSG00000138035,7586,0.33818074771431184,0.5496981088938167
2149,13421,FAM222B,ENSG00000173065,13424,0.3615686018756898,0.5496120290024511
2150,4867,SATB2,ENSG00000119042,4870,0.3405889277961264,0.5492090469437257
2151,13282,GNG12,ENSG00000172380,13285,0.35907636318659814,0.5489737379685458
2152,11918,BMERB1,ENSG00000166780,11921,0.31897673302349216,0.5487044913643085
2153,16187,PPP1CC,ENSG00000186298,16190,0.35972108299419736,0.5487028143740338
2154,13873,CCDC14,ENSG00000175455,13876,0.35810228115645826,0.5485813127114327
2155,5303,DCAF10,ENSG00000122741,5306,0.3550316594867256,0.5485080104818788
2156,6896,NARS1,ENSG00000134440,6899,0.35612221446893094,0.5482632539701096
2157,3300,C1GALT1,ENSG00000106392,3303,0.3572859545399348,0.548039212410442
2158,3910,CPSF6,ENSG00000111605,3913,0.35940490640717776,0.5477883536868171
2159,9362,ANK3,ENSG00000151150,9365,0.311363072033159,0.5477858845682457
2160,6630,DAP3,ENSG00000132676,6633,0.3609483216863479,0.54776680119863
2161,4080,FAM120B,ENSG00000112584,4083,0.35840895449834664,0.5476932312272348
2162,4372,ACVR1,ENSG00000115170,4375,0.34680935377454436,0.5475490538879998
2163,17378,ADARB1,ENSG00000197381,17381,0.3171654923219265,0.5474599779872231
2164,10003,RAB11FIP1,ENSG00000156675,10006,0.333210021908819,0.5472878094771567
2165,290,TTC19,ENSG00000011295,293,0.35075922794415204,0.5471780156247414
2166,12424,TSPAN5,ENSG00000168785,12427,0.3374857990424754,0.5471566292481627
2167,4484,PRKD3,ENSG00000115825,4487,0.35225322814395355,0.5471340184139193
2168,9167,CSTPP1,ENSG00000149179,9170,0.34945716895961704,0.5467617689315247
2169,13087,CLSTN1,ENSG00000171603,13090,0.36122417072925705,0.5467342097827843
2170,474,BMAL2,ENSG00000029153,477,0.3274789107973949,0.546708279977014
2171,4479,NOL10,ENSG00000115761,4482,0.3563311112156293,0.5464376954342457
2172,2956,KCTD9,ENSG00000104756,2959,0.34481265790243765,0.5461788897429458
2173,6490,CHD1L,ENSG00000131778,6493,0.3378442448901727,0.5459422717006365
2174,14879,PCGF5,ENSG00000180628,14882,0.3480857910520814,0.5456725769537273
2175,6373,PPIL4,ENSG00000131013,6376,0.35637033377644955,0.54562396969414
2176,47709,OTUD7B,ENSG00000264522,47712,0.3528188924680872,0.5455645092138847
2177,419,RNF10,ENSG00000022840,422,0.35777180198428,0.5454915401272642
2178,467,VRK2,ENSG00000028116,470,0.34914512865042796,0.5454489718806352
2179,4789,CREB1,ENSG00000118260,4792,0.35567880107435773,0.5452819584734211
2180,11593,REEP3,ENSG00000165476,11596,0.35704546277178417,0.5452510477223611
2181,12775,STX8,ENSG00000170310,12778,0.35116474299625333,0.5451628256304288
2182,12271,PAFAH1B2,ENSG00000168092,12274,0.3598123106877249,0.5451314312043184
2183,7711,LARP1B,ENSG00000138709,7714,0.35221656695468606,0.5450110081932678
2184,3849,ELK3,ENSG00000111145,3852,0.3345550382345643,0.5449992853683313
2185,980,TRMT11,ENSG00000066651,983,0.34755013929953055,0.5447988840251079
2186,4569,RAP1A,ENSG00000116473,4572,0.3542642766620465,0.5445959639974973
2187,12784,TMED10,ENSG00000170348,12787,0.3552573019476457,0.5444796045407143
2188,3646,DCUN1D4,ENSG00000109184,3649,0.3508479267668534,0.5443063031908011
2189,10500,SAFB,ENSG00000160633,10503,0.356858161422223,0.544258002765575
2190,8540,LNPK,ENSG00000144320,8543,0.3485268586645698,0.5436581439291044
2191,3432,DDX50,ENSG00000107625,3435,0.35455716182543917,0.5436507505083332
2192,8791,TNFRSF21,ENSG00000146072,8794,0.3009445585093865,0.5436307568920337
2193,3769,UBE4A,ENSG00000110344,3772,0.35438765401075256,0.5435029942062078
2194,7271,NMT1,ENSG00000136448,7274,0.3597161662357979,0.5433978473190595
2195,5222,RPL21,ENSG00000122026,5225,0.34231521119697106,0.5432313053560685
2196,7475,NUMA1,ENSG00000137497,7478,0.3586990319038518,0.5430868340955826
2197,9831,KLF10,ENSG00000155090,9834,0.32699005726810565,0.5428696713349703
2198,8660,FIP1L1,ENSG00000145216,8663,0.3512630577742044,0.5428052867880209
2199,3702,KLF3,ENSG00000109787,3705,0.33087035232145334,0.5426571034417454
2200,6763,MKRN1,ENSG00000133606,6766,0.355726091997902,0.5425653330867757
2201,3355,SPIN1,ENSG00000106723,3358,0.3579350368567378,0.5425649997067565
2202,5722,RBCK1,ENSG00000125826,5725,0.33992829877788994,0.5423317226044956
2203,2580,POLA1,ENSG00000101868,2583,0.33888220404657876,0.5423220868282626
2204,7044,NT5E,ENSG00000135318,7047,0.3265869538834844,0.5423115683190398
2205,5595,EREG,ENSG00000124882,5598,0.28132753349154693,0.5422539411127235
2206,1106,EXOC5,ENSG00000070367,1109,0.3569200405035542,0.5422128249386093
2207,13245,MACROD2,ENSG00000172264,13248,0.30143863872139526,0.5419400232607507
2208,2965,GYS1,ENSG00000104812,2968,0.33562067072512675,0.5417368799678052
2209,21434,MT-RNR1,ENSG00000211459,21437,5.432505974201828,0.5417199241796204
2210,4976,IFIT3,ENSG00000119917,4979,0.2790525005269383,0.5416726137460988
2211,2876,EIF3J,ENSG00000104131,2879,0.35051303845750026,0.5415405718990748
2212,15226,NPLOC4,ENSG00000182446,15229,0.3602546841939001,0.5413610555059208
2213,7979,ABHD2,ENSG00000140526,7982,0.3237261820402989,0.541154679175522
2214,17546,SPG7,ENSG00000197912,17549,0.3577934899285738,0.5411438673123945
2215,12492,MECP2,ENSG00000169057,12495,0.3569048608902613,0.5409659897933237
2216,4891,RAB14,ENSG00000119396,4894,0.35176087616721685,0.5408581835389621
2217,2278,EIF3D,ENSG00000100353,2281,0.3544328327260478,0.5404373418667857
2218,11713,IFI27,ENSG00000165949,11716,0.2939620526217044,0.5402263485382118
2219,451,KPNA6,ENSG00000025800,454,0.35568808961105247,0.539748780364029
2220,9518,SPOCK1,ENSG00000152377,9521,0.25860022303570646,0.5395832120891246
2221,2197,EIF3L,ENSG00000100129,2200,0.3519717689744906,0.5395243756962683
2222,3599,ABCC3,ENSG00000108846,3602,0.30858487076127095,0.5394733638160922
2223,4124,DAP,ENSG00000112977,4127,0.34980510313019125,0.539426651877029
2224,8170,NFIC,ENSG00000141905,8173,0.34873278922424306,0.5393121921016176
2225,9315,PRSS23,ENSG00000150687,9318,0.307663690059966,0.5391474457363741
2226,24093,UBA52,ENSG00000221983,24096,0.34603503971978516,0.5389359530709029
2227,6230,SAFB2,ENSG00000130254,6233,0.35044963503282134,0.538650327346234
2228,11884,TMEM135,ENSG00000166575,11887,0.33814964129817765,0.5384309866516737
2229,3198,TFPI2,ENSG00000105825,3201,0.27230159751551025,0.538365275019888
2230,16467,ISG15,ENSG00000187608,16470,0.30242704360009726,0.5383296360365185
2231,37324,SNHG6,ENSG00000245910,37327,0.33785872556909213,0.5382617016641927
2232,8087,SS18,ENSG00000141380,8090,0.3523661314298134,0.5380729433945382
2233,2451,PRPF6,ENSG00000101161,2454,0.3513407525811066,0.5379024092072995
2234,6553,EFR3A,ENSG00000132294,6556,0.354829619673897,0.5378504972145185
2235,46633,GAN,ENSG00000261609,46636,0.34823339506082485,0.5375298266008269
2236,5324,VPS26A,ENSG00000122958,5327,0.3504034104112622,0.5372785719044185
2237,5121,LYPLA1,ENSG00000120992,5124,0.3520714541709511,0.5371065333943688
2238,17795,MT-ND6,ENSG00000198695,17798,0.3492648975073466,0.536815197246569
2239,5000,GNA13,ENSG00000120063,5003,0.3466078854889488,0.5367733516260156
2240,4221,STC2,ENSG00000113739,4224,0.3137816347291566,0.5365593369639733
2241,17361,PELI1,ENSG00000197329,17364,0.3107987735307127,0.5365517808735094
2242,14163,ANKLE2,ENSG00000176915,14166,0.35376599049725166,0.5365259891411427
2243,14215,FAM210A,ENSG00000177150,14218,0.3330953222322063,0.5363862057879643
2244,12559,IL1RAPL1,ENSG00000169306,12562,0.246965300908672,0.5360086424573351
2245,688,HERPUD1,ENSG00000051108,691,0.32157839530180843,0.535871599784449
2246,14546,APOLD1,ENSG00000178878,14549,0.32971580568904063,0.5350956300813167
2247,17422,MYO5A,ENSG00000197535,17425,0.33623098852728284,0.5346472336015567
2248,7082,TFCP2,ENSG00000135457,7085,0.3442294758461443,0.5346270366199943
2249,8603,SLC25A26,ENSG00000144741,8606,0.33819774977231737,0.5344856232124598
2250,11715,CLMN,ENSG00000165959,11718,0.3225480770025682,0.5344143555015486
2251,2726,N4BP1,ENSG00000102921,2729,0.34807150715113694,0.5343771254945723
2252,14961,NQO1,ENSG00000181019,14964,0.32225601820130667,0.5343041855519007
2253,6032,PODXL,ENSG00000128567,6035,0.25931422874557886,0.5342396586505497
2254,14550,TAF7,ENSG00000178913,14553,0.34874263234853026,0.5338828291118526
2255,13914,TOM1L2,ENSG00000175662,13917,0.3389541927037831,0.5337467172931448
2256,16917,KAZN,ENSG00000189337,16920,0.30029513124600415,0.5335837570682622
2257,1550,ATP8B1,ENSG00000081923,1553,0.32031052922075537,0.5334294123621192
2258,426,ERP44,ENSG00000023318,429,0.34240245693114,0.5331984969807375
2259,11781,COPS2,ENSG00000166200,11784,0.34465578228556826,0.5327507473930682
2260,618,ATOSA,ENSG00000047346,621,0.3332066281173422,0.5327212984638899
2261,3306,GLCCI1,ENSG00000106415,3309,0.31916063477078,0.532679141564167
2262,44978,ENSG00000259354,ENSG00000259354,44981,0.28561477477243447,0.5322369048699631
2263,7915,WARS1,ENSG00000140105,7918,0.2999576171528179,0.5312375217005061
2264,908,AP3D1,ENSG00000065000,911,0.3512309442688807,0.5311117452989988
2265,2325,NIN,ENSG00000100503,2328,0.3445966562885511,0.530960723264047
2266,11682,CCDC186,ENSG00000165813,11685,0.3394747747879613,0.5307707734776294
2267,2624,FMR1,ENSG00000102081,2627,0.34446014979529554,0.530596813494037
2268,38246,LINC01411,ENSG00000249306,38249,0.22422578376822624,0.5301400805728466
2269,9380,FAM177A1,ENSG00000151327,9383,0.3473834265991522,0.530110247867338
2270,49156,MIR924HG,ENSG00000267374,49159,0.2764507304061186,0.5300275487755403
2271,10323,HLCS,ENSG00000159267,10326,0.33647904686675056,0.5295372414077122
2272,17137,HDAC2,ENSG00000196591,17140,0.33529422164625305,0.5294411414277779
2273,1562,CCNT2,ENSG00000082258,1565,0.34060897434781084,0.5292391746978381
2274,10795,ARPC5,ENSG00000162704,10798,0.3466615415407863,0.5284200482595088
2275,164,MARK4,ENSG00000007047,167,0.3418719128575486,0.5283691979541185
2276,8006,CDR2,ENSG00000140743,8009,0.34166605466466127,0.5283480683666383
2277,1810,ANAPC5,ENSG00000089053,1813,0.34155627999157195,0.528160147291634
2278,12596,PLEKHA2,ENSG00000169499,12599,0.33176001564217145,0.5278099587046035
2279,9868,CNOT8,ENSG00000155508,9871,0.33994239991974606,0.5272604959601214
2280,11633,TAF3,ENSG00000165632,11636,0.3416526971762125,0.5267284094484863
2281,52,KDM1A,ENSG00000004487,55,0.3350880808110001,0.5266836927467609
2282,12178,ZNF83,ENSG00000167766,12181,0.3238115010071532,0.526527767850544
2283,8713,PLK2,ENSG00000145632,8716,0.31001730828794444,0.5259156497001142
2284,3998,SRSF3,ENSG00000112081,4001,0.34119741931643544,0.5258220796643585
2285,733,ATP9A,ENSG00000054793,736,0.32633262361405574,0.5256037669309851
2286,16406,SESTD1,ENSG00000187231,16409,0.3188557743904317,0.525576201183468
2287,7678,SPPL2A,ENSG00000138600,7681,0.3405544668259583,0.5255005995218144
2288,12571,SIN3A,ENSG00000169375,12574,0.3451575066183097,0.525096416162457
2289,6937,GNL2,ENSG00000134697,6940,0.34160439531158454,0.5250169069503801
2290,26636,LINC01876,ENSG00000226383,26639,0.2854338457162292,0.5246685269506316
2291,47071,GTF2I,ENSG00000263001,47074,0.3376271338689238,0.5243551017690526
2292,7345,STXBP1,ENSG00000136854,7348,0.3257019049278925,0.5241845040361468
2293,1410,ACER3,ENSG00000078124,1413,0.33196386677888723,0.5237262479517719
2294,2499,PLCB4,ENSG00000101333,2502,0.30477967628427866,0.5234710723961945
2295,11736,CEP57,ENSG00000166037,11739,0.3388713860783539,0.5234218645122584
2296,10015,FBXO32,ENSG00000156804,10018,0.2917430687442029,0.5233616051714964
2297,6808,COX16,ENSG00000133983,6811,0.3341714195714177,0.5230365690250276
2298,7764,SINHCAF,ENSG00000139146,7767,0.3284539259349186,0.5229792032040689
2299,5626,IRF1,ENSG00000125347,5629,0.3141786049149174,0.5229773359262319
2300,3414,ZFAND5,ENSG00000107372,3417,0.3382434053010628,0.5228186648177738
2301,3651,CHIC2,ENSG00000109220,3654,0.32855080616739935,0.5225377435514459
2302,9285,ARID5B,ENSG00000150347,9288,0.31259553301248016,0.5223931874434606
2303,5786,ST3GAL3,ENSG00000126091,5789,0.3285458760286049,0.5223410401918638
2304,4094,TMEM30A,ENSG00000112697,4097,0.3430048213210376,0.5221736819902006
2305,7335,SMC2,ENSG00000136824,7338,0.333415469851148,0.5220331077308679
2306,6692,MYH10,ENSG00000133026,6695,0.3230151185729729,0.5220183100565942
2307,10366,EFCAB14,ENSG00000159658,10369,0.3470736149210267,0.5220112744289324
2308,18,KRIT1,ENSG00000001631,21,0.34170075069905903,0.5218890241452874
2309,10628,LARP4,ENSG00000161813,10631,0.33632903311919593,0.5216503927210697
2310,8147,SMAD4,ENSG00000141646,8150,0.3366866182772842,0.5214639575548682
2311,11182,RNF168,ENSG00000163961,11185,0.3358440556068888,0.5212891869917999
2312,11957,PATL1,ENSG00000166889,11960,0.3358280943025547,0.5211641573859723
2313,7628,DNAJC13,ENSG00000138246,7631,0.34492434020553314,0.5211447887278928
2314,7521,MAP2K5,ENSG00000137764,7524,0.33273728818773,0.5208782323302615
2315,8196,COL6A2,ENSG00000142173,8199,0.2626513637811824,0.5207107108215048
2316,9082,SEC16A,ENSG00000148396,9085,0.33583088156035235,0.5205230506359007
2317,12547,NMD3,ENSG00000169251,12550,0.33888821425967364,0.520520645270683
2318,13724,TMEM167A,ENSG00000174695,13727,0.34192260620740783,0.5205113979907083
2319,49068,GP6-AS1,ENSG00000267265,49071,0.2934170558432617,0.5202940177299006
2320,11196,DNAJB14,ENSG00000164031,11199,0.3387791346005418,0.5202642389394849
2321,480,RABEP1,ENSG00000029725,483,0.3346300453020545,0.5200030869499425
2322,37461,TMEM161B-DT,ENSG00000247828,37464,0.321532367152608,0.5199992298844887
2323,2158,SPECC1L,ENSG00000100014,2161,0.3390179254071144,0.5199911513584669
2324,16039,KCNQ5,ENSG00000185760,16042,0.2690797771372795,0.519828834825262
2325,12777,UBB,ENSG00000170315,12780,0.329525423360152,0.5197169134409033
2326,14337,NAALADL2,ENSG00000177694,14340,0.2944475280519588,0.5193998835524202
2327,12034,CRK,ENSG00000167193,12037,0.33797124862409983,0.5193528111455822
2328,2588,ALG13,ENSG00000101901,2591,0.33259471088839543,0.5193208799979634
2329,16858,SF3B3,ENSG00000189091,16861,0.33444520789318755,0.5186986396228251
2330,16106,RASA3,ENSG00000185989,16109,0.312510561723716,0.5184807169683416
2331,775,ATG5,ENSG00000057663,778,0.34080357292886676,0.5184743480796221
2332,19971,RANBP17,ENSG00000204764,19974,0.3109515825800253,0.518469328241991
2333,20377,THUMPD3-AS1,ENSG00000206573,20380,0.3323184741001057,0.5182995216348577
2334,1774,DOCK9,ENSG00000088387,1777,0.32498098036589335,0.5179339874189938
2335,5306,TRIM24,ENSG00000122779,5309,0.32563268294488834,0.5179013880321441
2336,17453,ZNF841,ENSG00000197608,17456,0.3098291512499223,0.5177610736533145
2337,51548,NUDT3,ENSG00000272325,51551,0.3309047079272295,0.5173992946035129
2338,1017,IARS2,ENSG00000067704,1020,0.3385312956390758,0.5173908002179167
2339,10463,PRMT2,ENSG00000160310,10466,0.33433922699445623,0.51734260234971
2340,1680,MAST2,ENSG00000086015,1683,0.3340696584578794,0.5173136306977253
2341,13567,JUP,ENSG00000173801,13570,0.3085358464891217,0.5172101022381496
2342,13589,GOLIM4,ENSG00000173905,13592,0.33061959336494157,0.5171812289028519
2343,1261,CA12,ENSG00000074410,1264,0.26145049892417926,0.5171733818530774
2344,7019,DMTF1,ENSG00000135164,7022,0.3364187936389313,0.5168561832654979
2345,2759,WDR59,ENSG00000103091,2762,0.33287527782309795,0.5168143756456935
2346,3911,KRR1,ENSG00000111615,3914,0.32808181910932915,0.5167584168074394
2347,5086,SIL1,ENSG00000120725,5089,0.33528295380395884,0.5167437629689149
2348,9501,EPG5,ENSG00000152223,9504,0.32933068269679394,0.5162154424896166
2349,5392,AMD1,ENSG00000123505,5395,0.3219428632956879,0.5161120094401617
2350,8773,FARS2,ENSG00000145982,8776,0.33140661252145265,0.516007064054552
2351,7717,NUP54,ENSG00000138750,7720,0.32825752113497736,0.5158640729119824
2352,16663,FOCAD,ENSG00000188352,16666,0.3248358591954633,0.5158164072206917
2353,13861,PTPN2,ENSG00000175354,13864,0.33569787390625666,0.5156126853590842
2354,5031,CYSTM1,ENSG00000120306,5034,0.3204003347908487,0.5154874593258982
2355,22948,ARHGEF28,ENSG00000214944,22951,0.30609578098659596,0.5149604502892172
2356,1433,TNRC6C,ENSG00000078687,1436,0.32443286443894276,0.5147626522965675
2357,8302,CTTNBP2NL,ENSG00000143079,8305,0.3271978839535657,0.5147619090640568
2358,22459,CLIC1,ENSG00000213719,22462,0.3378873126963445,0.5147576508989509
2359,15942,PRKN,ENSG00000185345,15945,0.2919191137332377,0.5142606771462235
2360,5026,PCMT1,ENSG00000120265,5029,0.33574664275027677,0.5141716055238597
2361,16413,RSBN1L,ENSG00000187257,16416,0.3323755007674095,0.514014566946922
2362,6539,PPARG,ENSG00000132170,6542,0.29351830199792833,0.5139981569713226
2363,16994,MPHOSPH8,ENSG00000196199,16997,0.324198041217016,0.5139736322420043
2364,7582,PPM1B,ENSG00000138032,7585,0.3287122426255266,0.5138261123257094
2365,551,VCAN,ENSG00000038427,554,0.2531636660030883,0.513755910279039
2366,11732,R3HCC1L,ENSG00000166024,11735,0.3349944472001349,0.5137177694408339
2367,17770,MDM4,ENSG00000198625,17773,0.3342902709410862,0.5135907899035292
2368,6098,PSMA1,ENSG00000129084,6101,0.33251005139927825,0.5134779605664973
2369,9761,BUB3,ENSG00000154473,9764,0.3320291497866892,0.5133704512980511
2370,11194,SGMS2,ENSG00000164023,11197,0.30691029784412255,0.5132325813544047
2371,6537,RAF1,ENSG00000132155,6540,0.3275284611706301,0.5132183815318534
2372,9088,USP6NL,ENSG00000148429,9091,0.31958148308538753,0.5130692254607632
2373,62536,ENSG00000291136,ENSG00000291136,62539,0.3316710612709407,0.5129351144468137
2374,5296,CLTA,ENSG00000122705,5299,0.3337675971931865,0.5128723316011116
2375,7463,CPEB2,ENSG00000137449,7466,0.30932238344107216,0.5127345935755045
2376,16235,INSIG1,ENSG00000186480,16238,0.29930288858881615,0.5126042218634763
2377,15987,AHNAK2,ENSG00000185567,15990,0.30777363258087925,0.5122541681053768
2378,1651,SCAMP1,ENSG00000085365,1654,0.3356946640068688,0.5120873742690831
2379,13824,DDIT3,ENSG00000175197,13827,0.31304050942999045,0.5118842401116315
2380,11647,GHITM,ENSG00000165678,11650,0.33296082025409757,0.5118568991018226
2381,15316,HAPSTR1,ENSG00000182831,15319,0.33315897352146806,0.5114400363405126
2382,7840,SMARCC2,ENSG00000139613,7843,0.3363067276191178,0.5112319148187373
2383,16071,IFITM1,ENSG00000185885,16074,0.28923299724217705,0.5110754364422867
2384,14528,ZHX2,ENSG00000178764,14531,0.30911726930149125,0.5110522321631983
2385,9382,MIPOL1,ENSG00000151338,9385,0.3166247285437332,0.5109784594981803
2386,1682,B4GALT1,ENSG00000086062,1685,0.3217574396208737,0.5108827279104651
2387,7269,CALCOCO2,ENSG00000136436,7272,0.3352068052801493,0.510430872628937
2388,15347,SPATA13,ENSG00000182957,15350,0.29408947830465254,0.5103336562892804
2389,9860,SLC16A1,ENSG00000155380,9863,0.31942259243261767,0.5102069133143647
2390,3526,GOSR2,ENSG00000108433,3529,0.32534958450709917,0.5100390666510742
2391,7988,MCTP2,ENSG00000140563,7991,0.28816685601718006,0.5100089643351118
2392,2976,SNRNP70,ENSG00000104852,2979,0.3288533616600711,0.5098678415320378
2393,7935,SRP14,ENSG00000140319,7938,0.324734911428926,0.5091731754741509
2394,1563,FAM135A,ENSG00000082269,1566,0.31385268072200984,0.5090526936985946
2395,17205,ILRUN,ENSG00000196821,17208,0.33024302634861036,0.5090387133722201
2396,5008,PANK3,ENSG00000120137,5011,0.3343811648711294,0.5090297944905905
2397,6817,CTIF,ENSG00000134030,6820,0.3147469897847769,0.5088574550641668
2398,13731,NR1D2,ENSG00000174738,13734,0.3168730494910242,0.5088432367835135
2399,10846,MAPKAPK2,ENSG00000162889,10849,0.3269910481858299,0.508743927285425
2400,3684,TRIM2,ENSG00000109654,3687,0.2767428398785827,0.5084553069309198
2401,1200,NFATC3,ENSG00000072736,1203,0.32418533261692284,0.5081921665705883
2402,15648,SCFD2,ENSG00000184178,15651,0.30054827976759646,0.5080471768291336
2403,8096,GALNT1,ENSG00000141429,8099,0.32050432185623645,0.5079624804098432
2404,12302,DNAJC7,ENSG00000168259,12305,0.3326844505903938,0.5075589170850263
2405,6505,CHSY1,ENSG00000131873,6508,0.3035482512009957,0.5074969400546813
2406,8958,CSGALNACT1,ENSG00000147408,8961,0.2732745980078239,0.5074727558998984
2407,17330,TBC1D9B,ENSG00000197226,17333,0.3276258751648274,0.5073452393857756
2408,9141,BTBD10,ENSG00000148925,9144,0.32678389367933935,0.5073370070269683
2409,17034,ZBTB44,ENSG00000196323,17037,0.3274823158096986,0.507177743539877
2410,334,CLK1,ENSG00000013441,337,0.3146590896074144,0.5071758123018459
2411,5489,DDX27,ENSG00000124228,5492,0.32734504997745273,0.5071154131156255
2412,8840,TIAM2,ENSG00000146426,8843,0.3222016674318034,0.5070844088909024
2413,3870,DUSP16,ENSG00000111266,3873,0.30926781429680117,0.5068374571384691
2414,5091,SERP1,ENSG00000120742,5094,0.32467345255140834,0.5067945375911037
2415,2061,CDC5L,ENSG00000096401,2064,0.3325945042273339,0.5066462005784644
2416,4814,TNFAIP3,ENSG00000118503,4817,0.2791731437761848,0.5064999238181446
2417,8683,ANK2,ENSG00000145362,8686,0.27968364095603704,0.5064727327513251
2418,13558,C11orf80,ENSG00000173715,13561,0.3226343691384003,0.5060218497703388
2419,7195,SCYL2,ENSG00000136021,7198,0.32716794015486156,0.5059689193450452
2420,7362,TEX10,ENSG00000136891,7365,0.3161158510701066,0.50578943806931
2421,11256,ARFIP1,ENSG00000164144,11259,0.3273042372724682,0.5057065335329286
2422,11483,FAM219A,ENSG00000164970,11486,0.31283456582872593,0.5055784130636043
2423,1472,CARMIL1,ENSG00000079691,1475,0.31496714268335885,0.5054929212720085
2424,5047,TCP1,ENSG00000120438,5050,0.3264899717036834,0.5052128188515697
2425,38501,OSMR-DT,ENSG00000249740,38504,0.305872707681436,0.5051926960791959
2426,782,CDK14,ENSG00000058091,785,0.29835077797575027,0.5049280967751286
2427,46139,CCPG1,ENSG00000260916,46142,0.32065339246348323,0.5045264720140229
2428,640,ZNF800,ENSG00000048405,643,0.3240261758921608,0.5044857975588083
2429,16706,SRSF10,ENSG00000188529,16709,0.3262348113838159,0.5043446995826093
2430,11919,MARF1,ENSG00000166783,11922,0.3265931949201405,0.5042088323742293
2431,9917,GRIP1,ENSG00000155974,9920,0.28906963127456725,0.5038806899673388
2432,5273,EEPD1,ENSG00000122547,5276,0.2837858315250681,0.503647627774171
2433,217,MGST1,ENSG00000008394,220,0.30235619469000163,0.5036449989045847
2434,12928,ZNF160,ENSG00000170949,12931,0.3166447364827001,0.5030858341016535
2435,6132,MTUS1,ENSG00000129422,6135,0.2890296357671518,0.5030003365693448
2436,4501,ORC2,ENSG00000115942,4504,0.32549451869801643,0.5025561365786219
2437,8278,HSPG2,ENSG00000142798,8281,0.30558195890547696,0.5025388712600345
2438,1818,TASP1,ENSG00000089123,1821,0.3162620509037036,0.5021228405228324
2439,3876,NAA25,ENSG00000111300,3879,0.318379469263779,0.502087276481496
2440,2229,PPP6R2,ENSG00000100239,2232,0.3244623583841143,0.5020212133217841
2441,9255,FAU,ENSG00000149806,9258,0.320594040586256,0.5017493076970927
2442,14283,NR2C2,ENSG00000177463,14286,0.32695214165714315,0.5015874173183077
2443,8342,PFDN2,ENSG00000143256,8345,0.3136997001159773,0.501342788881318
2444,1855,DHX32,ENSG00000089876,1858,0.31914434300714606,0.5011318144117838
2445,12290,MAPK1IP1L,ENSG00000168175,12293,0.32608577719181014,0.5009469210412257
2446,11004,CCT3,ENSG00000163468,11007,0.32410807982408124,0.500945054699877
2447,11079,GMPS,ENSG00000163655,11082,0.3247373464825565,0.5007703944396841
2448,1861,SPTLC1,ENSG00000090054,1864,0.32734821613987375,0.5006431322326506
2449,3511,CASC3,ENSG00000108349,3514,0.3162883583414513,0.5006272318555195
2450,11092,RBM47,ENSG00000163694,11095,0.28935811524082683,0.500572061106488
2451,476,SLC39A9,ENSG00000029364,479,0.3234342205690909,0.5005558124267075
2452,37459,NR2F2-AS1,ENSG00000247809,37462,0.28880130996479125,0.5002972240133069
2453,11602,RPL36AL,ENSG00000165502,11605,0.31671620614885043,0.5002884204884566
2454,6261,NDUFA10,ENSG00000130414,6264,0.32570712293343557,0.5002234330708372
2455,15986,LSAMP,ENSG00000185565,15989,0.23010536342953383,0.5001545730259854
2456,3715,ELP4,ENSG00000109911,3718,0.3205815656315133,0.5001334724502119
2457,184,LUC7L,ENSG00000007392,187,0.31882887568938856,0.5000429840572379
2458,12513,UBE2V2,ENSG00000169139,12516,0.3255551507725066,0.49995950847966164
2459,3984,SASH1,ENSG00000111961,3987,0.2922655139196302,0.4998914019453163
2460,14605,SPTY2D1,ENSG00000179119,14608,0.31594267198369397,0.4997375356235764
2461,7899,DCAF5,ENSG00000139990,7902,0.3163303400105129,0.4993979638897144
2462,9021,PLIN2,ENSG00000147872,9024,0.2770929962640867,0.49913447189421967
2463,9674,JAZF1,ENSG00000153814,9677,0.2986209804179289,0.4990991642426379
2464,10234,PPP1R15B,ENSG00000158615,10237,0.31325883558344586,0.4990687839232035
2465,8875,ATXN7L1,ENSG00000146776,8878,0.3108535985843583,0.4989995506424203
2466,7710,RAP1GDS1,ENSG00000138698,7713,0.3186514497131453,0.4989811033071896
2467,17796,IPO9,ENSG00000198700,17799,0.32272966903015116,0.4988805888048974
2468,35978,ARPC1A,ENSG00000241685,35981,0.2925729513957812,0.4988053469987537
2469,14440,GALNT11,ENSG00000178234,14443,0.3208979535915354,0.4987224931541485
2470,6162,SEC14L1,ENSG00000129657,6165,0.3211228839571891,0.4986251083169653
2471,8101,GAREM1,ENSG00000141441,8104,0.2927742964131979,0.49809284078238997
2472,14875,MB21D2,ENSG00000180611,14878,0.30108375018019023,0.4980305265826968
2473,9289,TMCO3,ENSG00000150403,9292,0.3119517912833305,0.4978761950111281
2474,12863,ATF7,ENSG00000170653,12866,0.3224883155045553,0.4976670655042433
2475,2969,HNRNPL,ENSG00000104824,2972,0.32348036224574556,0.49754057421049047
2476,16881,ZNF33A,ENSG00000189180,16884,0.32040737141351794,0.4974627537769182
2477,5103,APAF1,ENSG00000120868,5106,0.31434050433913585,0.49700063896031255
2478,763,RC3H2,ENSG00000056586,766,0.32412175741053895,0.4969215702887563
2479,8408,TP53BP2,ENSG00000143514,8411,0.3113719136570877,0.49684812344522084
2480,17655,QRICH1,ENSG00000198218,17658,0.3232743296646814,0.49667771121104504
2481,3667,GAB1,ENSG00000109458,3670,0.30667978616204933,0.4964865727614981
2482,1234,PPP2R3A,ENSG00000073711,1237,0.3109031497057105,0.49645556147123604
2483,1850,DDX24,ENSG00000089737,1853,0.3196898788828131,0.4963361237877728
2484,7865,VPS37B,ENSG00000139722,7868,0.3134877610097115,0.49606901358877226
2485,4369,GPD2,ENSG00000115159,4372,0.3172838523818555,0.4960155826211058
2486,7442,RIPK1,ENSG00000137275,7445,0.31890431226167676,0.4959079235029985
2487,9886,HYCC2,ENSG00000155744,9889,0.31031618066018063,0.4957277651587177
2488,12110,TUBA1C,ENSG00000167553,12113,0.31939012036430237,0.4956949533521749
2489,9180,PAK1,ENSG00000149269,9183,0.3175272868908755,0.49554499120003365
2490,6479,WDR44,ENSG00000131725,6482,0.31844019690139896,0.4955157104064675
2491,8823,TBC1D32,ENSG00000146350,8826,0.3056090233181402,0.49534425539426513
2492,613,WDR37,ENSG00000047056,616,0.31439770490119934,0.4947382388527962
2493,9622,RASSF3,ENSG00000153179,9625,0.31466879639619294,0.49404948232159096
2494,8739,ATG12,ENSG00000145782,8742,0.31646291434568363,0.4939195124022404
2495,32164,FAM133B,ENSG00000234545,32167,0.31332541002276004,0.49383984018531357
2496,1800,KIZ,ENSG00000088970,1803,0.29525076218049723,0.49379596706484996
2497,16852,LITAF,ENSG00000189067,16855,0.3085188296240289,0.4937612704835204
2498,8366,TUFT1,ENSG00000143367,8369,0.2993795606939872,0.49371454138521004
2499,20102,LGR4,ENSG00000205213,20105,0.2939730513636757,0.4937009031773264
2500,7159,SP110,ENSG00000135899,7162,0.2928012499653213,0.4936985366243602
2501,3643,OCIAD1,ENSG00000109180,3646,0.3200194598201652,0.49364648872990996
2502,14561,ZBTB7A,ENSG00000178951,14564,0.31423294024540943,0.4931627429253715
2503,3347,EIF4H,ENSG00000106682,3350,0.32092438359634196,0.49312104748643837
2504,10700,CMPK1,ENSG00000162368,10703,0.32028065702937764,0.4930627240968367
2505,6637,ARHGEF11,ENSG00000132694,6640,0.31022899130260556,0.4930514291111462
2506,8005,UQCRC2,ENSG00000140740,8008,0.31825981659695,0.49299559522233444
2507,6430,CAPN7,ENSG00000131375,6433,0.31787413557940936,0.4928932570994774
2508,14547,RFLNA,ENSG00000178882,14550,0.3153167734774145,0.49252401047646127
2509,4881,HEATR1,ENSG00000119285,4884,0.30923333413861803,0.49239590227468977
2510,19743,MACO1,ENSG00000204178,19746,0.30774497107459514,0.4923900360529008
2511,9962,SCAF4,ENSG00000156304,9965,0.3108605251310596,0.4922956757566047
2512,2182,HIRA,ENSG00000100084,2185,0.3167406453255812,0.49220135060961345
2513,9018,UHRF2,ENSG00000147854,9021,0.3126898944424648,0.49197600147223985
2514,28,MAD1L1,ENSG00000002822,31,0.3139866185066172,0.49195198198490353
2515,9522,CWF19L2,ENSG00000152404,9525,0.31655204343619703,0.49145542002646314
2516,5621,EFNB2,ENSG00000125266,5624,0.27428612018478654,0.49144072582164205
2517,16232,PCLO,ENSG00000186472,16235,0.277137555708357,0.49123438521832136
2518,15086,COPG1,ENSG00000181789,15089,0.31762161951653917,0.4910671235372344
2519,7108,REPS1,ENSG00000135597,7111,0.3115424145624023,0.49068327278465096
2520,5855,ZBTB1,ENSG00000126804,5858,0.31073794480817407,0.49065374174746856
2521,5226,UBL3,ENSG00000122042,5229,0.3046264568145253,0.49047041107722433
2522,4993,ARMH3,ENSG00000120029,4996,0.3165263800159814,0.49041399038993844
2523,2905,UBE2W,ENSG00000104343,2908,0.3185238754526782,0.49028876731778703
2524,10168,NCK1,ENSG00000158092,10171,0.31904545155866326,0.4901647382588072
2525,6642,DCAF8,ENSG00000132716,6645,0.31753211114130553,0.4898906853398435
2526,7724,CCNG2,ENSG00000138764,7727,0.30484063872642947,0.48981917309890655
2527,472,SNX1,ENSG00000028528,475,0.3121370260416434,0.489633208351372
2528,10608,ITGA5,ENSG00000161638,10611,0.2782572748481813,0.4894229030155775
2529,9840,AGPAT5,ENSG00000155189,9843,0.2959686831490745,0.48938380570525686
2530,65,SLC25A13,ENSG00000004864,68,0.3101623076897997,0.489187397746239
2531,8737,FEM1C,ENSG00000145780,8740,0.3019085603456807,0.48918281981685285
2532,10225,PPP1R9A,ENSG00000158528,10228,0.29027526568200324,0.48917845171849383
2533,10742,RBBP4,ENSG00000162521,10745,0.31344163220004545,0.48906556263028844
2534,3225,H2AZ2,ENSG00000105968,3228,0.31400634261405164,0.4890424240465482
2535,3569,PSMD11,ENSG00000108671,3572,0.3187447945266621,0.48897092750827886
2536,3677,CLCN3,ENSG00000109572,3680,0.3080474174572974,0.4889067508712096
2537,6986,APC,ENSG00000134982,6989,0.31617065882708006,0.4887128560934396
2538,8372,SNX27,ENSG00000143376,8375,0.3177979310612606,0.4886803317013666
2539,9096,RSU1,ENSG00000148484,9099,0.30598560126298335,0.48850423238679436
2540,1772,EPB41L1,ENSG00000088367,1775,0.2881350150728783,0.4884220668423951
2541,4608,PRDM2,ENSG00000116731,4611,0.31285919008399765,0.48840239847407296
2542,12783,FOS,ENSG00000170345,12786,0.28562242592749004,0.48833597010341884
2543,1064,MAST4,ENSG00000069020,1067,0.27912456041240685,0.48831859015454804
2544,16465,TET3,ENSG00000187605,16468,0.3077538687440766,0.48800912747986824
2545,1372,DNAJC10,ENSG00000077232,1375,0.316127993820448,0.48792872127420134
2546,11407,COL1A2,ENSG00000164692,11410,0.2018641327580694,0.48785790923078315
2547,10888,SMC6,ENSG00000163029,10891,0.316285180195617,0.4878096012073794
2548,2365,SRSF5,ENSG00000100650,2368,0.31390752925152215,0.4875077610562012
2549,11989,MARS1,ENSG00000166986,11992,0.30465376217186074,0.4874406133012202
2550,13621,LEMD3,ENSG00000174106,13624,0.31463051540615494,0.48727065584540535
2551,11271,NDUFAF2,ENSG00000164182,11274,0.30546305878360425,0.4872541325628956
2552,15428,SELENOF,ENSG00000183291,15431,0.31788891153526866,0.4872262717064423
2553,9057,SURF4,ENSG00000148248,9060,0.3108123755909168,0.4871775962200824
2554,2075,PCSK5,ENSG00000099139,2078,0.2701228965717872,0.48697149675513873
2555,4693,PRPF3,ENSG00000117360,4696,0.3109429504066719,0.4869543975384684
2556,4593,LEPR,ENSG00000116678,4596,0.30802669747853795,0.4869171766741802
2557,3970,CEP85L,ENSG00000111860,3973,0.3006005042530876,0.48656984795727026
2558,7996,GLYR1,ENSG00000140632,7999,0.31720981445471763,0.4864558356950116
2559,10492,MED27,ENSG00000160563,10495,0.3057700929879795,0.4862403145471981
2560,1271,HACD3,ENSG00000074696,1274,0.3086631472012202,0.4861743351972389
2561,415,RTF2,ENSG00000022277,418,0.31548965114133143,0.4860813663055701
2562,263,IDS,ENSG00000010404,266,0.31356224762288726,0.4859689662691833
2563,355,YAF2,ENSG00000015153,358,0.30936466829700093,0.4857957042755963
2564,5266,RPAP2,ENSG00000122484,5269,0.3103416925556115,0.4855868727115524
2565,14797,MED14,ENSG00000180182,14800,0.31107314510106193,0.4855685232973864
2566,8821,RARS2,ENSG00000146282,8824,0.3136374774293972,0.4852718321812074
2567,4385,PPM1G,ENSG00000115241,4388,0.31238574793256946,0.4850461790592505
2568,11489,PSIP1,ENSG00000164985,11492,0.30299673377798075,0.4850212807019422
2569,3679,GALNT7,ENSG00000109586,3682,0.30626627889528274,0.48498903010882893
2570,25072,SNHG14,ENSG00000224078,25075,0.2825392806834079,0.4849401694423677
2571,11006,SSR2,ENSG00000163479,11009,0.307177790414445,0.48489313878006995
2572,8530,SPOPL,ENSG00000144228,8533,0.3068102182860098,0.48485918669437805
2573,16841,NDUFA4,ENSG00000189043,16844,0.3063245952798248,0.4845772025062277
2574,8568,DIS3L2,ENSG00000144535,8571,0.31183800862538785,0.4838686828087479
2575,1203,STK10,ENSG00000072786,1206,0.29617320326950647,0.4837770546233421
2576,4581,ARHGEF2,ENSG00000116584,4584,0.3017633382611902,0.4837616645734109
2577,17146,TCF4,ENSG00000196628,17149,0.23957108821441545,0.48335023112498815
2578,3882,OAS3,ENSG00000111331,3885,0.2942495754786708,0.48332613735609825
2579,10384,ABR,ENSG00000159842,10387,0.30360572679907405,0.4832629115635555
2580,8450,FBXO28,ENSG00000143756,8453,0.3101411313616914,0.48318594404159787
2581,9740,ABCA5,ENSG00000154265,9743,0.2913796952804962,0.48318552986828545
2582,2864,CEP152,ENSG00000103995,2867,0.30732238490618985,0.48314731580093984
2583,12963,INSR,ENSG00000171105,12966,0.29879884244340116,0.4829419644987958
2584,5130,SPOP,ENSG00000121067,5133,0.3113906886867008,0.4827844675975957
2585,3466,ANKRD26,ENSG00000107890,3469,0.3079480583226864,0.48276237070701344
2586,5531,TRERF1,ENSG00000124496,5534,0.2829293366700495,0.48251926197824424
2587,11914,SLFN5,ENSG00000166750,11917,0.29162685147809936,0.4824346540203877
2588,11279,STARD4,ENSG00000164211,11282,0.28809794960283913,0.48223000944842587
2589,6836,KATNBL1,ENSG00000134152,6839,0.308660476081585,0.48169631838935134
2590,7613,ATAD1,ENSG00000138138,7616,0.30773658220795513,0.4814534656791728
2591,35716,NSUN6,ENSG00000241058,35719,0.2884808946289556,0.48123710289323285
2592,3703,KLHL5,ENSG00000109790,3706,0.2960986107021521,0.4812226402062817
2593,1052,SRBD1,ENSG00000068784,1055,0.30879424152556345,0.480944666205424
2594,4765,CTSD,ENSG00000117984,4768,0.2964415292369171,0.48074550969081675
2595,19725,RUFY2,ENSG00000204130,19728,0.30904018256406873,0.48057518903014224
2596,2420,PYGB,ENSG00000100994,2423,0.2841552579921697,0.48042690416478856
2597,10461,DIP2A,ENSG00000160305,10464,0.31034891547808713,0.4804013228577294
2598,13455,IQCB1,ENSG00000173226,13458,0.307725150004819,0.4803589963553707
2599,57056,ENSG00000283782,ENSG00000283782,57059,0.3057212145274066,0.47997518279019463
2600,7273,SRSF1,ENSG00000136450,7276,0.3086552666982651,0.47928668222972065
2601,5760,MAX,ENSG00000125952,5763,0.30212959765335506,0.4792491400753959
2602,9302,PDCD4,ENSG00000150593,9305,0.30870709312452227,0.4789576964960611
2603,5686,MED1,ENSG00000125686,5689,0.29887197808262667,0.47890766653801636
2604,1659,MAP3K4,ENSG00000085511,1662,0.3046713618065299,0.4788848978157234
2605,7651,NAB1,ENSG00000138386,7654,0.2966067753475419,0.478801638788973
2606,9182,ZC3H12C,ENSG00000149289,9185,0.28855303363161827,0.4787079828293638
2607,4294,SNX4,ENSG00000114520,4297,0.30658063834342764,0.47858180480983026
2608,14500,ERN1,ENSG00000178607,14503,0.285020459870065,0.478470310265407
2609,9805,PPP4R1,ENSG00000154845,9808,0.3025196654166382,0.47787264453869216
2610,1229,SMARCE1,ENSG00000073584,1232,0.3098181948255605,0.47777049647277015
2611,15475,MX2,ENSG00000183486,15478,0.25662305674487806,0.47772785655014144
2612,62600,ENSG00000291203,ENSG00000291203,62603,0.30036568533790264,0.4775104813717498
2613,365,NUDCD3,ENSG00000015676,368,0.3100239403469644,0.4774651838710561
2614,7917,WDR20,ENSG00000140153,7920,0.30652649933784876,0.4773457383033057
2615,2789,SLC7A5,ENSG00000103257,2792,0.29541380233094855,0.4772483457882857
2616,10068,SSBP3,ENSG00000157216,10071,0.28902502894511506,0.47717500734582197
2617,4201,LIFR,ENSG00000113594,4204,0.28400082730078924,0.47700078606125107
2618,11116,TOPBP1,ENSG00000163781,11119,0.3090479462499688,0.4767396073040623
2619,1448,THOC1,ENSG00000079134,1451,0.30232289669453427,0.4766464043727914
2620,143,FARP2,ENSG00000006607,146,0.3045569413993537,0.47662455939494097
2621,2009,CBX5,ENSG00000094916,2012,0.30350506929498694,0.4765429629912521
2622,4885,CTNNAL1,ENSG00000119326,4888,0.2960054789965356,0.47646096181412056
2623,2902,BPNT2,ENSG00000104331,2905,0.30461442963876373,0.47642136843948724
2624,10596,SAP30BP,ENSG00000161526,10599,0.3099583113889992,0.4763661634564615
2625,31068,LINC00342,ENSG00000232931,31071,0.28652768924188815,0.47621046831006864
2626,4025,CCNC,ENSG00000112237,4028,0.30402234483888496,0.47612821748545797
2627,12718,UBE2E3,ENSG00000170035,12721,0.29851430589431255,0.4760864916086186
2628,9002,MAL2,ENSG00000147676,9005,0.2636366652080127,0.47606007540117934
2629,2232,CYB5R3,ENSG00000100243,2235,0.30230094738353874,0.4759103893640275
2630,3529,RPS6KB1,ENSG00000108443,3532,0.30086836409518103,0.475640824405168
2631,11596,MICU2,ENSG00000165487,11599,0.30030411985355926,0.4754705174177758
2632,1665,CPNE3,ENSG00000085719,1668,0.3063672755665682,0.47528782671700065
2633,9298,MIA2,ENSG00000150527,9301,0.2994301615849191,0.4751240389560749
2634,8094,RPRD1A,ENSG00000141425,8097,0.3046624379782083,0.4749985185615749
2635,9539,CCDC50,ENSG00000152492,9542,0.3040109539173028,0.4749682264705599
2636,1652,PREP,ENSG00000085377,1655,0.29674305765580616,0.4749473772299785
2637,4341,INO80D,ENSG00000114933,4344,0.306636246344661,0.4747499400997636
2638,26027,NUTM2B-AS1,ENSG00000225484,26030,0.3013657925621593,0.47464728565616743
2639,9307,VEGFC,ENSG00000150630,9310,0.26626326726095456,0.47454312225111717
2640,3309,NRF1,ENSG00000106459,3312,0.30063718990938815,0.47447274937151007
2641,10107,ETS2,ENSG00000157557,10110,0.2848968823466766,0.47430230169135346
2642,16875,JPT1,ENSG00000189159,16878,0.301044413754731,0.47419412857807086
2643,48145,RNF115,ENSG00000265491,48148,0.30225124739549186,0.47416139854515743
2644,8455,GUK1,ENSG00000143774,8458,0.3006517397990593,0.47411333993319027
2645,3475,SH3PXD2A,ENSG00000107957,3478,0.2809502715308965,0.474075504883286
2646,3917,BLTP3B,ENSG00000111647,3920,0.30261244524876396,0.4736551764593642
2647,16329,ZDHHC17,ENSG00000186908,16332,0.3033227264068307,0.4735635189434222
2648,11753,IKBIP,ENSG00000166130,11756,0.2956647499817172,0.4734313013000446
2649,11019,TGFBR2,ENSG00000163513,11022,0.28609686888231123,0.47339641377545305
2650,8561,RHBDD1,ENSG00000144468,8564,0.2965088436366321,0.4732335186851526
2651,7618,DUSP5,ENSG00000138166,7621,0.2856528425688232,0.4732264859119181
2652,4529,ALMS1,ENSG00000116127,4532,0.30299830060758814,0.47316663896072075
2653,380,AGPS,ENSG00000018510,383,0.30426635263002644,0.4731163767890162
2654,8893,NCAPG2,ENSG00000146918,8896,0.29426613960246834,0.4731151074766214
2655,6310,OSBPL2,ENSG00000130703,6313,0.3026983308261195,0.4726914042615568
2656,4807,ANKRD13C,ENSG00000118454,4810,0.3047761574275302,0.47267490085494906
2657,9523,JMY,ENSG00000152409,9526,0.29241886282414653,0.4725571151472908
2658,6288,HELZ2,ENSG00000130589,6291,0.28882803868226764,0.4725128194555043
2659,2581,MID1,ENSG00000101871,2584,0.27884970145149307,0.4721023475703872
2660,9512,TGOLN2,ENSG00000152291,9515,0.3068991049423456,0.4720310346782479
2661,10406,BSDC1,ENSG00000160058,10409,0.3019133583911045,0.4719027466699759
2662,424,NDUFS1,ENSG00000023228,427,0.3055950785257222,0.4716929404857273
2663,12433,STX18,ENSG00000168818,12436,0.3000636696854003,0.47166999187847036
2664,3499,TBC1D12,ENSG00000108239,3502,0.2950795996367813,0.4715428691645446
2665,914,IPO5,ENSG00000065150,917,0.2976758233294867,0.47149108077772617
2666,10882,CCDC138,ENSG00000163006,10885,0.29525679857255455,0.47147829560784593
2667,12887,FOXN2,ENSG00000170802,12890,0.29532589608409926,0.471227355405746
2668,4739,SLC35A3,ENSG00000117620,4742,0.2992354637990263,0.4711876574340016
2669,11465,COX6C,ENSG00000164919,11468,0.29670380962806125,0.4706767396996584
2670,7994,SEC11A,ENSG00000140612,7997,0.29894819138415324,0.47038919358295483
2671,1990,GPATCH2,ENSG00000092978,1993,0.3003673370298399,0.47033832632970746
2672,13368,DCP2,ENSG00000172795,13371,0.3051900416615132,0.47010432899954
2673,36089,PI4KA,ENSG00000241973,36092,0.30083290208634406,0.46997550140569844
2674,4092,EXOC2,ENSG00000112685,4095,0.3017068140838081,0.4698971666213523
2675,17661,RPL23A,ENSG00000198242,17664,0.30007094845853094,0.4698043380379573
2676,17812,CTR9,ENSG00000198730,17815,0.29769113963403154,0.46980178821960367
2677,8380,ANP32E,ENSG00000143401,8383,0.29582568307083723,0.4697791702472553
2678,13924,MLXIP,ENSG00000175727,13927,0.2936830183995431,0.46972498608817537
2679,3548,RAI1,ENSG00000108557,3551,0.2939894883127227,0.46962405098783294
2680,9735,CEP112,ENSG00000154240,9738,0.2834254107954109,0.4691495115968232
2681,141,PHTF2,ENSG00000006576,144,0.30181012281421266,0.46910618314940455
2682,3269,HSPB1,ENSG00000106211,3272,0.2760414306191688,0.46909091351060916
2683,16027,MOSMO,ENSG00000185716,16030,0.2969423768665519,0.4687618648703891
2684,254,NCAPD2,ENSG00000010292,257,0.2894505661330091,0.4687534527802363
2685,9363,IPMK,ENSG00000151151,9366,0.2943864629312262,0.46817911040855686
2686,4165,MSH3,ENSG00000113318,4168,0.3012887138785363,0.4678996954693053
2687,207,CYTH3,ENSG00000008256,210,0.2865219647408268,0.46767539688127185
2688,10542,IER2,ENSG00000160888,10545,0.2899146647100274,0.4675294893286366
2689,351,SLC30A9,ENSG00000014824,354,0.2997910063293825,0.46751670352314545
2690,37479,UBA6-DT,ENSG00000248049,37482,0.2654366791136716,0.467251138299973
2691,8011,NKD1,ENSG00000140807,8014,0.2012345403320392,0.4672496871289957
2692,2353,SNW1,ENSG00000100603,2356,0.3026184955391487,0.4671892078223179
2693,7673,PARP9,ENSG00000138496,7676,0.283734692909822,0.4671661300465958
2694,10030,GALK2,ENSG00000156958,10033,0.2929912495729587,0.4671463471068734
2695,395,ZRANB1,ENSG00000019995,398,0.3003154690587559,0.4670716014586049
2696,57113,TPTEP2-CSNK1E,ENSG00000283900,57116,0.29502975015119803,0.4666941926163064
2697,4504,ORC4,ENSG00000115947,4507,0.2902929408215238,0.4664259637205228
2698,14365,ZNF518A,ENSG00000177853,14368,0.2906263147280672,0.4663375371268088
2699,10148,SKI,ENSG00000157933,10151,0.29539711997602724,0.46632287765382746
2700,10687,STX5,ENSG00000162236,10690,0.2958383151532821,0.46625275008522465
2701,10328,PTMS,ENSG00000159335,10331,0.289633506775573,0.46620747375082816
2702,10976,YY1AP1,ENSG00000163374,10979,0.29663062461900613,0.46615044254980964
2703,4027,E2F3,ENSG00000112242,4030,0.29833808626825764,0.4660472978438488
2704,11087,SMIM14,ENSG00000163683,11090,0.29467545689240554,0.46590570654142877
2705,1624,GSTP1,ENSG00000084207,1627,0.28458948411329554,0.4657535616299268
2706,2773,COTL1,ENSG00000103187,2776,0.2893129005382773,0.4655528902597516
2707,7050,MAP3K7,ENSG00000135341,7053,0.30041712170006524,0.46543417095235456
2708,1785,PPP1R13B,ENSG00000088808,1788,0.2910162900137242,0.4653068915788339
2709,4400,CLIP4,ENSG00000115295,4403,0.26880567793854493,0.4651662916690418
2710,11943,TERF2IP,ENSG00000166848,11946,0.2913503589068752,0.4651315742948684
2711,4912,KDSR,ENSG00000119537,4915,0.2949234089619459,0.46503661252061496
2712,1822,PXN,ENSG00000089159,1825,0.293411705291482,0.46491280483545977
2713,1687,IPO11,ENSG00000086200,1690,0.3001021434495411,0.46490811878385785
2714,7992,EFL1,ENSG00000140598,7995,0.2867375609411081,0.4647207694470547
2715,228,HEATR5B,ENSG00000008869,231,0.2959978182357578,0.46457768637016883
2716,241,VTA1,ENSG00000009844,244,0.2966471277316657,0.4643700811199565
2717,11159,RPN1,ENSG00000163902,11162,0.2991255907226346,0.4641822953808635
2718,6681,XPO4,ENSG00000132953,6684,0.29526312719721315,0.46415214237299574
2719,4161,CNOT6,ENSG00000113300,4164,0.2997345281425185,0.4638096587084093
2720,8809,RPL7L1,ENSG00000146223,8812,0.2901185184235978,0.46376052047440897
2721,4141,IK,ENSG00000113141,4144,0.29952628843687745,0.4636206057891093
2722,3997,STK38,ENSG00000112079,4000,0.2993812162843594,0.46361539509623784
2723,1309,FOSL2,ENSG00000075426,1312,0.293797790216711,0.46361272773436135
2724,291,PTBP1,ENSG00000011304,294,0.2979331666274428,0.463546162902075
2725,6378,LATS1,ENSG00000131023,6381,0.296750543015816,0.4634650975397229
2726,10838,PPP1R21,ENSG00000162869,10841,0.2949717112077393,0.46326324687911735
2727,7730,PPA2,ENSG00000138777,7733,0.29320450837553624,0.46304798719234436
2728,10718,ZSWIM5,ENSG00000162415,10721,0.27397198882963625,0.46282231098154264
2729,8949,MCPH1,ENSG00000147316,8952,0.2895037628995731,0.46265411703950676
2730,7396,APTX,ENSG00000137074,7399,0.2930292381308464,0.46238352898634505
2731,7662,FAM117B,ENSG00000138439,7665,0.27669123252123135,0.4623552126219459
2732,2698,VWA8,ENSG00000102763,2701,0.2863866188785336,0.4617149342235004
2733,2661,RBM3,ENSG00000102317,2664,0.29120554880096533,0.4616988403752923
2734,538,NSUN2,ENSG00000037474,541,0.2939249393596454,0.46126005732569836
2735,37736,ENSG00000248515,ENSG00000248515,37739,0.23906735674699503,0.4612209726375774
2736,6104,SERGEF,ENSG00000129158,6107,0.28667258868373724,0.4610804253776837
2737,12086,GPX4,ENSG00000167468,12089,0.29225208035656425,0.4609769022243969
2738,7282,BRIP1,ENSG00000136492,7285,0.2685915182341311,0.460941989986801
2739,4955,KLHL29,ENSG00000119771,4958,0.268032394405915,0.4607361185204764
2740,4583,MEF2D,ENSG00000116604,4586,0.2897043859193571,0.4604853121995809
2741,1919,TXNL1,ENSG00000091164,1922,0.28934188796519994,0.46044656682929447
2742,11843,XRRA1,ENSG00000166435,11846,0.28746719133194865,0.46043889828453216
2743,17924,NOS1AP,ENSG00000198929,17927,0.27577617283482725,0.46038051276298547
2744,1683,CHMP5,ENSG00000086065,1686,0.2959036665293346,0.4603133391887845
2745,17803,TOGARAM1,ENSG00000198718,17806,0.28807472855144994,0.4599945682187132
2746,12165,TSR1,ENSG00000167721,12168,0.2891729459657262,0.4599567030870443
2747,20113,PDE7A,ENSG00000205268,20116,0.2886720524741481,0.45995581973090516
2748,7555,RSL24D1,ENSG00000137876,7558,0.29033994624582216,0.45993944415783095
2749,8663,CENPC,ENSG00000145241,8666,0.29241871998879754,0.4598111187140566
2750,9953,USP16,ENSG00000156256,9956,0.2946058346301729,0.4597699647243499
2751,12570,CRADD,ENSG00000169372,12573,0.27656015345723667,0.45918351917173905
2752,5334,RNF11,ENSG00000123091,5337,0.2948700514605366,0.45913680749387725
2753,13993,CSTF3,ENSG00000176102,13996,0.2934948757315637,0.4589938011427812
2754,11283,ANKRD33B,ENSG00000164236,11286,0.2584749882755512,0.45887828554110766
2755,3804,CHKA,ENSG00000110721,3807,0.2823063369931052,0.45863529363568534
2756,12504,SLC25A6,ENSG00000169100,12507,0.28691734164894545,0.4585498859695499
2757,12671,PCDH7,ENSG00000169851,12674,0.22808001642436124,0.458323627417884
2758,7725,CNOT6L,ENSG00000138767,7728,0.28382939485032405,0.45825951780203183
2759,11380,SLU7,ENSG00000164609,11383,0.29428969601387,0.4580012191452615
2760,9042,ZNF462,ENSG00000148143,9045,0.2825177114659242,0.4580006747649088
2761,10516,FDPS,ENSG00000160752,10519,0.2806975270162986,0.4578870862006045
2762,54596,MYO19,ENSG00000278259,54599,0.29282624875384716,0.45785395740745105
2763,13793,ATR,ENSG00000175054,13796,0.28984684818334266,0.4576872224829672
2764,52028,ENSG00000273184,ENSG00000273184,52031,0.2585543541885739,0.4575694570784784
2765,2128,MKNK2,ENSG00000099875,2131,0.2786813354857813,0.45733760306814697
2766,7088,KRT7,ENSG00000135480,7091,0.23511280319214725,0.4571970601709732
2767,976,FGFR2,ENSG00000066468,979,0.1542904468969171,0.45712098278745167
2768,12738,SIK2,ENSG00000170145,12741,0.28069269612130104,0.4570771887401847
2769,5947,METTL16,ENSG00000127804,5950,0.28806518920488317,0.45697564929573686
2770,3767,GALNT18,ENSG00000110328,3770,0.26440481192520204,0.4568510193673583
2771,1148,ARHGAP10,ENSG00000071205,1151,0.28512575138045776,0.4566916868359331
2772,8799,PRIM2,ENSG00000146143,8802,0.2867500419197498,0.456227780472292
2773,5768,DYNLRB1,ENSG00000125971,5771,0.2926786811047303,0.4560549281373144
2774,4987,HELLS,ENSG00000119969,4990,0.2706380343476417,0.4560253477699022
2775,10070,CLDN12,ENSG00000157224,10073,0.2909617882537787,0.45596247095738257
2776,1252,CLNS1A,ENSG00000074201,1255,0.2911942081455646,0.45594628431872564
2777,5588,RUNX2,ENSG00000124813,5591,0.2615922161936888,0.45585903021774166
2778,7223,ITM2B,ENSG00000136156,7226,0.29016726374987367,0.4554499316733814
2779,9525,XRCC4,ENSG00000152422,9528,0.29108732991309194,0.4550845867208801
2780,13620,MSRB3,ENSG00000174099,13623,0.2598242700452186,0.45508252404968164
2781,8826,RNF217,ENSG00000146373,8829,0.278729032029127,0.45489903113160507
2782,11787,CCT2,ENSG00000166226,11790,0.2866618600982723,0.4548572439653842
2783,14627,MAGED1,ENSG00000179222,14630,0.28000620647106794,0.4547571744429345
2784,6075,TTBK2,ENSG00000128881,6078,0.2891468253670102,0.4547367063815022
2785,6823,CDK7,ENSG00000134058,6826,0.28578134193080124,0.45471283578091226
2786,11879,TMED3,ENSG00000166557,11882,0.2814430125784596,0.45471222368116915
2787,4825,FBXL5,ENSG00000118564,4828,0.289107896338457,0.45451007410754907
2788,2873,DMXL2,ENSG00000104093,2876,0.28483727700466827,0.45446890577826615
2789,15883,PURA,ENSG00000185129,15886,0.2877264519857071,0.4543602027419136
2790,9608,TXNDC11,ENSG00000153066,9611,0.2821710178614719,0.4541768374536506
2791,3386,KANK1,ENSG00000107104,3389,0.2706340900944936,0.45402974455873635
2792,2402,PSMA6,ENSG00000100902,2405,0.29029794381305557,0.4539481984283752
2793,5718,PSMF1,ENSG00000125818,5721,0.2890157218234692,0.4538764862793884
2794,3044,PDCD5,ENSG00000105185,3047,0.28727301670597877,0.4538418326822487
2795,7265,IREB2,ENSG00000136381,7268,0.2914281074009777,0.4535480203148147
2796,3082,MYH14,ENSG00000105357,3085,0.24502713866847664,0.45354748437812975
2797,5959,GNGT1,ENSG00000127928,5962,0.24919550909437052,0.45347676480961246
2798,9476,AP1S3,ENSG00000152056,9479,0.2673559372869188,0.4534587009629441
2799,9164,SSRP1,ENSG00000149136,9167,0.2894455700112965,0.4533754426021218
2800,4462,MLPH,ENSG00000115648,4465,0.2676044239617768,0.4533180723308659
2801,490,SARS1,ENSG00000031698,493,0.28561981984203416,0.4531367273459481
2802,9659,UBP1,ENSG00000153560,9662,0.28642128797080135,0.45301662292214373
2803,3658,MANBA,ENSG00000109323,3661,0.2821389816774648,0.45285724785919107
2804,8654,SLIT2,ENSG00000145147,8657,0.20222889260852867,0.45284010873718084
2805,11665,BMS1,ENSG00000165733,11668,0.2889824087045897,0.45281821226535574
2806,6898,RELCH,ENSG00000134444,6901,0.2835202785518263,0.452603510005294
2807,15267,TRAK1,ENSG00000182606,15270,0.28556090124970995,0.4525523549925745
2808,951,SLC9A7,ENSG00000065923,954,0.28218790296390983,0.4520197545801198
2809,9503,ATP5F1A,ENSG00000152234,9506,0.28610788455920333,0.4519900544689233
2810,16160,ZNRF1,ENSG00000186187,16163,0.27921911082325734,0.45187185332003754
2811,2508,KIF3B,ENSG00000101350,2511,0.2931741300886505,0.4517968414225226
2812,824,BCAT1,ENSG00000060982,827,0.24604857258396978,0.45175724513843896
2813,37743,MTATP6P1,ENSG00000248527,37746,0.27425655994713816,0.4517360886854791
2814,49,AK2,ENSG00000004455,52,0.2860927400872236,0.4517075226620647
2815,6555,PTCD3,ENSG00000132300,6558,0.28829728610670646,0.4515515163287201
2816,13514,TNFRSF10D,ENSG00000173530,13517,0.2679117691198307,0.45153604174399475
2817,12299,UBTD2,ENSG00000168246,12302,0.28684159303769424,0.45148736341208795
2818,3642,SLAIN2,ENSG00000109171,3645,0.2895173910184362,0.45147174870940643
2819,7217,MED4,ENSG00000136146,7220,0.2871737592996594,0.4513698478274989
2820,8195,SOD1,ENSG00000142168,8198,0.2883783440512937,0.45129779431268763
2821,171,BLTP2,ENSG00000007202,174,0.2921908238971206,0.45099701038006634
2822,12350,STIP1,ENSG00000168439,12353,0.286360841221166,0.4509686277973381
2823,13876,PPP2R2D,ENSG00000175470,13879,0.28618438150562103,0.45089402515771165
2824,14342,NECTIN3,ENSG00000177707,14345,0.2778650861273813,0.45088283199943713
2825,5701,VASP,ENSG00000125753,5704,0.286591748080984,0.450827693392447
2826,23057,LINC02649,ENSG00000215244,23060,0.2613570751626148,0.45071554687847987
2827,1897,AARS1,ENSG00000090861,1900,0.2783299388016038,0.45057342299416836
2828,10042,SEC13,ENSG00000157020,10045,0.2851591905927819,0.45055909085892804
2829,17452,CPLANE1,ENSG00000197603,17455,0.2824415618859041,0.450320965810715
2830,4274,GNAI2,ENSG00000114353,4277,0.28332516639012395,0.4502543136635853
2831,29817,HCG18,ENSG00000231074,29820,0.28444877928637785,0.4501378338773058
2832,5469,SRSF6,ENSG00000124193,5472,0.28711130940370516,0.4501124973211911
2833,20150,SAMD9,ENSG00000205413,20153,0.2495392801014174,0.449969686381925
2834,5361,ATF1,ENSG00000123268,5364,0.2856599391738609,0.449816159684098
2835,4607,WLS,ENSG00000116729,4610,0.26739174547852707,0.4497549847801465
2836,15680,PRKD1,ENSG00000184304,15683,0.25751255393140005,0.4497108953457798
2837,6345,DNMT1,ENSG00000130816,6348,0.28242469740067455,0.4495668373126907
2838,9312,DLG2,ENSG00000150672,9315,0.25432131299321037,0.4494924372973535
2839,3403,RAPGEF1,ENSG00000107263,3406,0.28342784218854766,0.4493912787601682
2840,4300,ATP6V1A,ENSG00000114573,4303,0.28296210798017296,0.44926761259450554
2841,6796,SARAF,ENSG00000133872,6799,0.2822976791880479,0.4492413156661311
2842,1273,ZZEF1,ENSG00000074755,1276,0.28457059184177286,0.4490045232826381
2843,11598,PCF11,ENSG00000165494,11601,0.28363516280032175,0.4488633793255626
2844,17728,YTHDF2,ENSG00000198492,17731,0.28477385736646726,0.4487380452856553
2845,12470,MFF,ENSG00000168958,12473,0.27933646893459335,0.4485981496116774
2846,38587,LINC02742,ENSG00000249867,38590,0.19070792061470845,0.4483968887120266
2847,16661,GTF2F2,ENSG00000188342,16664,0.2830529074612467,0.44822848747715516
2848,7351,SLC31A1,ENSG00000136868,7354,0.2754210121617824,0.44820325339889483
2849,9524,HOMER1,ENSG00000152413,9527,0.2656777881674206,0.44818725716510854
2850,3257,PLEKHA8,ENSG00000106086,3260,0.285309403449553,0.4481772778826193
2851,8394,GOLPH3L,ENSG00000143457,8397,0.2790781837362708,0.4480964594589295
2852,39414,RIPK2-DT,ENSG00000251136,39417,0.2743646549636385,0.44801433098527055
2853,6368,UBA1,ENSG00000130985,6371,0.28733707187378643,0.4476569790920637
2854,7624,EXOC6,ENSG00000138190,7627,0.28050433050338563,0.4474199950199832
2855,20098,ZBTB10,ENSG00000205189,20101,0.26873210347003385,0.4474094654587766
2856,4992,WDR11,ENSG00000120008,4995,0.2819060340330699,0.4473889904848571
2857,5104,DUSP4,ENSG00000120875,5107,0.2547060462765806,0.44724670794802596
2858,7729,ANXA3,ENSG00000138772,7732,0.2569790687813884,0.4471012780786261
2859,11760,FBN1,ENSG00000166147,11763,0.2169322985202823,0.446866202318078
2860,38287,LINC01060,ENSG00000249378,38290,0.2010380049596426,0.44685674505491546
2861,51903,RBAK-RBAKDN,ENSG00000272968,51906,0.28186730447040437,0.4467344449872617
2862,7320,UGGT1,ENSG00000136731,7323,0.28756433859698516,0.44628949777373605
2863,3953,SRSF9,ENSG00000111786,3956,0.2847627459491769,0.44623031386533796
2864,7759,CPNE8,ENSG00000139117,7762,0.2681833172492224,0.44593540007805327
2865,6206,GNL3L,ENSG00000130119,6209,0.27670138522859355,0.44580900258763195
2866,4985,SMNDC1,ENSG00000119953,4988,0.27666197010363835,0.4458077288260325
2867,11291,NDUFS4,ENSG00000164258,11294,0.28369566159537274,0.4457891132975904
2868,9715,ANKH,ENSG00000154122,9718,0.2618259409276552,0.44521567687698105
2869,7534,RTF1,ENSG00000137815,7537,0.2844235247168112,0.4451565229763369
2870,20363,HACD2,ENSG00000206527,20366,0.2831758328331758,0.445083436283499
2871,12154,NXN,ENSG00000167693,12157,0.26759252042750514,0.4450804237454588
2872,4740,RCOR3,ENSG00000117625,4743,0.2826973706188615,0.44506426966645113
2873,5253,SHLD2,ENSG00000122376,5256,0.2829791252786716,0.4449191258867938
2874,3777,PDHX,ENSG00000110435,3780,0.28394235720664734,0.44479344761239237
2875,1911,PUS7,ENSG00000091127,1914,0.27345908632556676,0.444607159898571
2876,1604,CYLD,ENSG00000083799,1607,0.26982309269967997,0.4445556543293372
2877,2618,ZC3H12B,ENSG00000102053,2621,0.24207005164212453,0.4445404164296384
2878,17294,PGAP1,ENSG00000197121,17297,0.26785038959713203,0.44449510897659494
2879,2861,EHD4,ENSG00000103966,2864,0.2802015667893391,0.44439149641806014
2880,3099,CDC37,ENSG00000105401,3102,0.2837802922584232,0.4443444157297204
2881,17015,PPIA,ENSG00000196262,17018,0.28452043154396467,0.44418884022325333
2882,497,ZCCHC8,ENSG00000033030,500,0.27910336866759045,0.4440055634130631
2883,6819,MBD2,ENSG00000134046,6822,0.28184029499886354,0.44377156392032413
2884,8257,PEX14,ENSG00000142655,8260,0.28468940361887607,0.4436830092470319
2885,12667,CSGALNACT2,ENSG00000169826,12670,0.2768903237152382,0.4436709954498421
2886,4164,TTC1,ENSG00000113312,4167,0.2859892608698109,0.4436486957863561
2887,10098,APPL1,ENSG00000157500,10101,0.2842483632611304,0.4435703994113144
2888,5215,GTDC1,ENSG00000121964,5218,0.2755845539538776,0.4435480958281022
2889,13637,MGA,ENSG00000174197,13640,0.28424991035595976,0.4434847421050257
2890,17893,TYW1,ENSG00000198874,17896,0.28223535779635706,0.44347006461794153
2891,6022,SPECC1,ENSG00000128487,6025,0.2769234678573332,0.44319306689241855
2892,8003,PARN,ENSG00000140694,8006,0.2855596409067045,0.44311568878696683
2893,2361,CEP128,ENSG00000100629,2364,0.2688383475893873,0.4429350573422234
2894,32840,MSC-AS1,ENSG00000235531,32843,0.23573459024697963,0.44276437474812724
2895,7933,BNIP2,ENSG00000140299,7936,0.28451987655033245,0.44254526572401864
2896,8114,MINK1,ENSG00000141503,8117,0.28197137425468727,0.44237482240109594
2897,15497,ZNRF3,ENSG00000183579,15500,0.2528047302145968,0.44234926937947816
2898,8254,EPHA2,ENSG00000142627,8257,0.2643748097963294,0.4420796455794359
2899,6968,COL4A2,ENSG00000134871,6971,0.24790968858883652,0.44207186551570155
2900,2619,RBBP7,ENSG00000102054,2622,0.2822371955008876,0.4418987566214565
2901,552,CLEC16A,ENSG00000038532,555,0.278542591107144,0.44185347507456196
2902,6543,ENOSF1,ENSG00000132199,6546,0.2756365424273383,0.44183112905723176
2903,8131,NARF,ENSG00000141562,8134,0.2750411621237259,0.44152935361105644
2904,23110,MIR99AHG,ENSG00000215386,23113,0.18305322294852924,0.44148454721143726
2905,3292,RBM28,ENSG00000106344,3295,0.27850848991233057,0.44140496637624693
2906,4024,FBXL4,ENSG00000112234,4027,0.27735178501585256,0.44132971345299415
2907,7948,TSPAN3,ENSG00000140391,7951,0.2719640734752128,0.44128347691495373
2908,6998,GOLM1,ENSG00000135052,7001,0.27736897655277576,0.44116776254549916
2909,13104,ATF7IP,ENSG00000171681,13107,0.2750684273969109,0.4410342955332827
2910,41668,CASC19,ENSG00000254166,41671,0.21825454708449957,0.4409979066102504
2911,6988,WDR36,ENSG00000134987,6991,0.27619956149423197,0.44087425370870953
2912,1704,TXLNG,ENSG00000086712,1707,0.2777775994961739,0.44069633524693347
2913,3434,SEC23IP,ENSG00000107651,3437,0.2790464617506353,0.4405075038846707
2914,4449,CHMP3,ENSG00000115561,4452,0.2845765874572121,0.4404126700624931
2915,13094,SPSB1,ENSG00000171621,13097,0.266806524517322,0.44031923106673976
2916,5370,NR4A1,ENSG00000123358,5373,0.2556787593432601,0.4401275741105518
2917,8634,TRPC1,ENSG00000144935,8637,0.27006504706187406,0.44004943232817967
2918,5484,STX16,ENSG00000124222,5487,0.2835208582458761,0.43980614745636876
2919,6053,MTX2,ENSG00000128654,6056,0.2793401051875521,0.43941843389861196
2920,4547,TMEM59,ENSG00000116209,4550,0.27684359001221526,0.4392040519648148
2921,12409,DNAJC21,ENSG00000168724,12412,0.28240234454016405,0.43919784514744736
2922,504,ATP6V0A1,ENSG00000033627,507,0.2749485853321979,0.4390145082513206
2923,10376,ZFYVE28,ENSG00000159733,10379,0.26256134959115573,0.4387530922053349
2924,1749,ERGIC2,ENSG00000087502,1752,0.2807553778428068,0.43862700802855475
2925,8066,TOM1L1,ENSG00000141198,8069,0.2681037924399239,0.4384256621892987
2926,2426,UQCC1,ENSG00000101019,2429,0.2781865047957649,0.43837893885140283
2927,1129,CSNK2A2,ENSG00000070770,1132,0.2792929259525144,0.43831746098879704
2928,12665,HNRNPF,ENSG00000169813,12668,0.28092027527326763,0.4383028867014794
2929,8850,GNA12,ENSG00000146535,8853,0.2764973528019887,0.4382114902096986
2930,10251,F11R,ENSG00000158769,10254,0.27329571389597757,0.43820460766278535
2931,4419,FANCL,ENSG00000115392,4422,0.27445010140297826,0.43805937937723965
2932,4219,ATP6V0E1,ENSG00000113732,4222,0.27713178666593286,0.43804656164489386
2933,13401,LCLAT1,ENSG00000172954,13404,0.28128925079505984,0.4379360441021527
2934,1415,TULP3,ENSG00000078246,1418,0.2766436979642654,0.43696842653684276
2935,1239,PTGS2,ENSG00000073756,1242,0.1981830122406868,0.43693053151139855
2936,8446,SRP9,ENSG00000143742,8449,0.2826222792180239,0.4368989236211501
2937,5326,CIT,ENSG00000122966,5329,0.2555666052328302,0.4367055019194516
2938,16178,MRTFB,ENSG00000186260,16181,0.2771009752567245,0.43642867930419293
2939,6912,SOX5,ENSG00000134532,6915,0.21818785709698763,0.43639472272650337
2940,15484,PRR14L,ENSG00000183530,15487,0.2791945820441498,0.436239603340115
2941,345,UFL1,ENSG00000014123,348,0.27436028614127944,0.43613729824442393
2942,9698,NUS1,ENSG00000153989,9701,0.2735861174309709,0.4360932311635801
2943,17801,MT-CO2,ENSG00000198712,17804,0.2738802073990737,0.43607090533923476
2944,11485,SNAPC3,ENSG00000164975,11488,0.27140561083829606,0.4360347528222387
2945,12106,KMT2D,ENSG00000167548,12109,0.2796050715185223,0.43594984471406784
2946,16388,RNF220,ENSG00000187147,16391,0.2547622845611394,0.43591816562568575
2947,7172,TMBIM1,ENSG00000135926,7175,0.26526710783049406,0.43591114896052574
2948,8103,OSBPL1A,ENSG00000141447,8106,0.2694936089942408,0.4355855028916489
2949,7010,FBXO21,ENSG00000135108,7013,0.2770314070973475,0.4354050444259477
2950,1761,PTPN4,ENSG00000088179,1764,0.27268447703577964,0.4353217348262407
2951,10443,TRAPPC10,ENSG00000160218,10446,0.27949848739041167,0.4352258461509852
2952,6865,NAPG,ENSG00000134265,6868,0.27750839503050223,0.4351547500650329
2953,11032,SGO2,ENSG00000163535,11035,0.25623194090164925,0.43497190779308514
2954,3520,TRIM37,ENSG00000108395,3523,0.2780421360679306,0.4348027321410869
2955,309,BRCA1,ENSG00000012048,312,0.26951459192493293,0.43476004425370907
2956,3255,COBL,ENSG00000106078,3258,0.24881453592082756,0.43464948997745273
2957,4737,SYF2,ENSG00000117614,4740,0.2737517186311604,0.4344871379977387
2958,8837,SHPRH,ENSG00000146414,8840,0.27080184379304134,0.43437622871524856
2959,5627,UPF3B,ENSG00000125351,5630,0.272883264470464,0.43411086427342227
2960,15989,SP1,ENSG00000185591,15992,0.2794128253947763,0.43406380209019496
2961,36216,PEG10,ENSG00000242265,36219,0.21485447278684044,0.4339929596647293
2962,7492,NEK1,ENSG00000137601,7495,0.2708750414906868,0.4338758776502882
2963,661,LTBP1,ENSG00000049323,664,0.2272365770422372,0.433769591001933
2964,57757,ENSG00000285280,ENSG00000285280,57760,0.25048810800173565,0.43374839168252
2965,16591,ARL4C,ENSG00000188042,16594,0.24843000080148014,0.4337236280473154
2966,1658,SLC25A24,ENSG00000085491,1661,0.27765560082652757,0.43369610671307296
2967,15498,FBXL7,ENSG00000183580,15501,0.220210486403884,0.43366794870327674
2968,4170,DROSHA,ENSG00000113360,4173,0.2791420442468094,0.43354977714299836
2969,13439,COMMD1,ENSG00000173163,13442,0.27444421334063274,0.43346368928732537
2970,14560,GAK,ENSG00000178950,14563,0.2755184748449884,0.43342668640101584
2971,2526,CST3,ENSG00000101439,2529,0.26271726175136967,0.4333863058807924
2972,5923,SLC35E1,ENSG00000127526,5926,0.2738127958677186,0.4331539064538398
2973,6675,DCTN4,ENSG00000132912,6678,0.27555725384490193,0.4331244153504333
2974,12245,SLC3A2,ENSG00000168003,12248,0.2647152660887794,0.4329830974924397
2975,27912,LINC01320,ENSG00000228262,27915,0.16561537094460124,0.43276608615300716
2976,52967,MLLT6,ENSG00000275023,52970,0.26602343016148466,0.4320298873653357
2977,17335,SERPINA1,ENSG00000197249,17338,0.1638609295946703,0.4315771653440618
2978,9643,TRAPPC8,ENSG00000153339,9646,0.2750507592996162,0.43142050633636175
2979,1216,SCARB1,ENSG00000073060,1219,0.25512235973833913,0.4313386948251364
2980,7719,BMP2K,ENSG00000138756,7722,0.2606562765493413,0.4313136945819079
2981,1314,FSCN1,ENSG00000075618,1317,0.261746808662778,0.43122417953379794
2982,1834,IGBP1,ENSG00000089289,1837,0.27174366089026275,0.4311320180303284
2983,62518,ZNF767P-1,ENSG00000291118,62521,0.27209892931697294,0.4310885615661675
2984,10457,VAV2,ENSG00000160293,10460,0.26667112009707133,0.4308860220185029
2985,11832,GARRE1,ENSG00000166398,11835,0.27289781298062593,0.43075975000883704
2986,8008,ARHGAP17,ENSG00000140750,8011,0.26992131320968565,0.4306740464461699
2987,6717,RFC3,ENSG00000133119,6720,0.2538908915216016,0.43025145922571784
2988,5574,GLO1,ENSG00000124767,5577,0.2720053454318097,0.43024992268192747
2989,7057,EHF,ENSG00000135373,7060,0.2388391507962524,0.42964262669438497
2990,12998,JUNB,ENSG00000171223,13001,0.263501540054515,0.42958739444144434
2991,2330,DDHD1,ENSG00000100523,2333,0.26415127160716817,0.42954541501266474
2992,30348,PRH1,ENSG00000231887,30351,0.26098172563802025,0.42954440147982864
2993,15720,WDR27,ENSG00000184465,15723,0.2692030998802806,0.4294671564035774
2994,8389,ARNT,ENSG00000143437,8392,0.27169893557559904,0.4294393327355725
2995,8316,NME7,ENSG00000143156,8319,0.2648907591926249,0.42893302925609783
2996,8556,KANSL1L,ENSG00000144445,8559,0.26963852117846204,0.4287747183984428
2997,8105,GREB1L,ENSG00000141449,8108,0.23471610301716603,0.42875799726507946
2998,22571,ITGA1,ENSG00000213949,22574,0.221765051541592,0.4286840802403767
2999,4346,KANSL3,ENSG00000114982,4349,0.27470365064276825,0.4285656139348126
3000,1048,LAPTM4A,ENSG00000068697,1051,0.26949549128973016,0.42856507744171335
3001,10183,ABHD3,ENSG00000158201,10186,0.26253598468539374,0.42843463256043013
3002,3245,SSBP1,ENSG00000106028,3248,0.27117672026395456,0.4284204804112227
3003,33943,NR2F1-AS1,ENSG00000237187,33946,0.24444642038538877,0.428051905907754
3004,3590,COL1A1,ENSG00000108821,3593,0.1837947627460741,0.4280020246304079
3005,741,SZRD1,ENSG00000055070,744,0.2753811984289866,0.4279704923743761
3006,9377,SRFBP1,ENSG00000151304,9380,0.2655996607719907,0.427936996087293
3007,3907,NUP107,ENSG00000111581,3910,0.2733346139505552,0.42793272868179155
3008,1007,DNTTIP2,ENSG00000067334,1010,0.2705051019809755,0.4279169578679687
3009,2601,ATP11C,ENSG00000101974,2604,0.2699910168252945,0.4277879071818081
3010,1535,CDC14B,ENSG00000081377,1538,0.2660846013362806,0.42775905714578766
3011,16426,CHP1,ENSG00000187446,16429,0.2702851480310873,0.42766818975608833
3012,3081,PLIN3,ENSG00000105355,3084,0.26899977029675426,0.4275242770016077
3013,5726,SNRPB,ENSG00000125835,5729,0.2674111880789566,0.4275100322364127
3014,13207,CYCS,ENSG00000172115,13210,0.2697928451567454,0.42742906481748977
3015,4589,C1orf21,ENSG00000116667,4592,0.2499755713516232,0.427374752210976
3016,197,PSMB1,ENSG00000008018,200,0.2717903606944073,0.4272482091472797
3017,12713,CHD3,ENSG00000170004,12716,0.2698222721896105,0.42723224219422495
3018,8181,SH3GL1,ENSG00000141985,8184,0.26928624685133906,0.4271438262959995
3019,7603,DTNB,ENSG00000138101,7606,0.26428852160608324,0.42711011571230656
3020,870,INTS13,ENSG00000064102,873,0.2669572147366131,0.4269980802007531
3021,6590,ITGB4,ENSG00000132470,6593,0.23915807957196863,0.4269595788407649
3022,2895,RIPK2,ENSG00000104312,2898,0.2568165688075673,0.4266962365141454
3023,9598,SREK1IP1,ENSG00000153006,9601,0.26401283331484315,0.42668543731044245
3024,1882,P3H2,ENSG00000090530,1885,0.22439254926163002,0.42658295193782353
3025,8428,C1orf43,ENSG00000143612,8431,0.27299387903026795,0.42656200956396095
3026,2421,ABHD12,ENSG00000100997,2424,0.264367869244746,0.42652261453263585
3027,7438,LRRC1,ENSG00000137269,7441,0.2533188655953415,0.4264454221818104
3028,974,ATXN3,ENSG00000066427,977,0.2691386386871328,0.42643264414588283
3029,5178,DESI2,ENSG00000121644,5181,0.27178134538384285,0.4262605040961132
3030,5105,CLU,ENSG00000120885,5108,0.23810709731987162,0.4261984041812822
3031,10907,SMARCAD1,ENSG00000163104,10910,0.2709900927910039,0.42617812404588784
3032,8986,MRPS28,ENSG00000147586,8989,0.26647319279544185,0.42612996269421777
3033,12977,SOCS5,ENSG00000171150,12980,0.26459553366359523,0.4260455151871227
3034,55,RECQL,ENSG00000004700,58,0.2708040195922589,0.4259707296396362
3035,2020,PSMD5,ENSG00000095261,2023,0.2681183656340568,0.42585309295528073
3036,6900,RBM17,ENSG00000134453,6903,0.2695796170239782,0.42553565836414686
3037,7579,HADHB,ENSG00000138029,7582,0.26993590066108064,0.4253562137384693
3038,22092,DENND1B,ENSG00000213047,22095,0.26547695967678026,0.42522103522671906
3039,8789,FAM193B,ENSG00000146067,8792,0.2682051541670231,0.42507929798017546
3040,4084,BICRAL,ENSG00000112624,4087,0.2609953111453564,0.42489799639970693
3041,17175,VKORC1L1,ENSG00000196715,17178,0.26997760020482037,0.4248083291431586
3042,4062,PHACTR2,ENSG00000112419,4065,0.2601740799561464,0.4246768732748778
3043,4850,UBN1,ENSG00000118900,4853,0.2709019058114151,0.42466023674229314
3044,14629,LDLRAD3,ENSG00000179241,14632,0.2543492874705882,0.42463219381992856
3045,5487,RNF114,ENSG00000124226,5490,0.26542869591533386,0.42406599385974986
3046,10763,USP1,ENSG00000162607,10766,0.26974261536949723,0.4240624971436435
3047,32954,EOLA2-DT,ENSG00000235703,32957,0.2613982212572959,0.4240435116723803
3048,9419,ZNF827,ENSG00000151612,9422,0.2588701610807851,0.4239583623792113
3049,4728,PRDX6,ENSG00000117592,4731,0.2688162823843617,0.4239197093316468
3050,6522,DNAJB1,ENSG00000132002,6525,0.25715505382195025,0.4238479813651592
3051,4594,IVNS1ABP,ENSG00000116679,4597,0.26386872308320064,0.4236460515890872
3052,10356,RSPRY1,ENSG00000159579,10359,0.267230120373466,0.4235599040751665
3053,4511,C2orf42,ENSG00000115998,4514,0.26985454357093286,0.42345326266729544
3054,13687,LINGO2,ENSG00000174482,13690,0.20237554784419498,0.42335037848188745
3055,16029,ANKFY1,ENSG00000185722,16032,0.2686389340870775,0.4232209248132859
3056,4310,MRPL3,ENSG00000114686,4313,0.2678828474698945,0.42318495407266454
3057,8414,RAB13,ENSG00000143545,8417,0.26563475508158346,0.4231557512091609
3058,10442,AGPAT3,ENSG00000160216,10445,0.26896966620603735,0.4230422709640829
3059,5543,SERPINB6,ENSG00000124570,5546,0.26213093339460547,0.4228972271225265
3060,8727,PPIP5K2,ENSG00000145725,8730,0.2676398023162919,0.4227683323820428
3061,54495,DDX52,ENSG00000278053,54498,0.26518514854271225,0.4225517383667278
3062,7563,GTF2B,ENSG00000137947,7566,0.2626468913024106,0.4224847582555295
3063,5407,TTC21B,ENSG00000123607,5410,0.2639714549393677,0.42234675513647735
3064,1121,ASNS,ENSG00000070669,1124,0.24003909358214476,0.4223465193049096
3065,8129,TBCD,ENSG00000141556,8132,0.2633633612470498,0.42224141762890843
3066,3952,RIC8B,ENSG00000111785,3955,0.26667823635912524,0.42219554071503435
3067,8610,LIMD1,ENSG00000144791,8613,0.26240797740081917,0.4221792145848521
3068,48022,RBM8A,ENSG00000265241,48025,0.26312263401382885,0.4221440454662203
3069,11268,EDIL3,ENSG00000164176,11271,0.21975140485426833,0.4220400837399564
3070,6450,ACLY,ENSG00000131473,6453,0.26730420951170347,0.42188741797140555
3071,4972,SLF2,ENSG00000119906,4975,0.26825574034244204,0.4218114386324058
3072,16734,PTAR1,ENSG00000188647,16737,0.2668231328248065,0.421783354832242
3073,1742,GMCL1,ENSG00000087338,1745,0.2626394536288237,0.4217550068721131
3074,12087,MIDN,ENSG00000167470,12090,0.2613287819996935,0.4216405525264085
3075,10762,TM2D1,ENSG00000162604,10765,0.2687571109957369,0.4214353170211765
3076,7322,STAM,ENSG00000136738,7325,0.26031077254629653,0.42124135539989593
3077,7691,HERC3,ENSG00000138641,7694,0.24866180574051572,0.42112571991521475
3078,1803,SNX5,ENSG00000089006,1806,0.2641651145719485,0.4208857165646378
3079,4644,LGALS8,ENSG00000116977,4647,0.26091075497696986,0.42073367335308126
3080,13530,CEP83,ENSG00000173588,13533,0.26472516149914505,0.42065834620143394
3081,2328,PSMC6,ENSG00000100519,2331,0.25989392333806943,0.42050562989296275
3082,8685,SPATA5,ENSG00000145375,8688,0.2596953970623081,0.4204305931038091
3083,17165,TOMM7,ENSG00000196683,17168,0.26136819434947295,0.42036601166295723
3084,14062,RIMS2,ENSG00000176406,14065,0.21324304674816363,0.42009452906131484
3085,5691,C3,ENSG00000125730,5694,0.18562106338316983,0.4199924858636061
3086,6894,RPS15A,ENSG00000134419,6897,0.2601554139351316,0.41960862164750784
3087,6985,TMED7,ENSG00000134970,6988,0.26709780834650404,0.4193680092457084
3088,578,TNC,ENSG00000041982,581,0.20652094531375542,0.41869929526365074
3089,6565,PRKAA1,ENSG00000132356,6568,0.2670179487535341,0.41865848718911886
3090,12457,ZNF608,ENSG00000168916,12460,0.21850215799136602,0.4185205581202315
3091,13544,UQCRH,ENSG00000173660,13547,0.26129077493238195,0.4185063770214177
3092,6065,HERC2,ENSG00000128731,6068,0.2653672484145618,0.41850230393379795
3093,1899,KIF4A,ENSG00000090889,1902,0.24195154148567066,0.4184949358054448
3094,17478,PARVA,ENSG00000197702,17481,0.25410496887426687,0.41829465428612417
3095,7022,CCDC146,ENSG00000135205,7025,0.24609737728552358,0.4182700930355059
3096,831,MRPS35,ENSG00000061794,834,0.2627301572754821,0.4182350777323054
3097,13422,BNC2,ENSG00000173068,13425,0.22926029192985642,0.4182114495466258
3098,3522,DHX40,ENSG00000108406,3525,0.26499523283591964,0.418080576062013
3099,4913,VPS4B,ENSG00000119541,4916,0.2667073044261044,0.4180491489445033
3100,5861,RHOT1,ENSG00000126858,5864,0.26554649745174985,0.417913275726299
3101,10401,CALM3,ENSG00000160014,10404,0.26677717144689633,0.4178935718699277
3102,9726,TOMM70,ENSG00000154174,9729,0.2680767158186784,0.4178495242222505
3103,2852,RAB11A,ENSG00000103769,2855,0.2659803468773916,0.41779834221325
3104,5247,ZC3H7A,ENSG00000122299,5250,0.26182668516516444,0.41779008585198296
3105,4508,THADA,ENSG00000115970,4511,0.2614068745840151,0.41771646272656643
3106,13114,TMEM51,ENSG00000171729,13117,0.25137976735174333,0.41757946604092067
3107,4798,SPCS2,ENSG00000118363,4801,0.25946782897772586,0.4175621857873792
3108,7209,CKAP2,ENSG00000136108,7212,0.24279928312984503,0.4175269080036504
3109,1493,SMARCA2,ENSG00000080503,1496,0.25487986362601495,0.41736415486618905
3110,2615,SMARCA1,ENSG00000102038,2618,0.25076633616075567,0.4171481028472442
3111,11581,SUGT1,ENSG00000165416,11584,0.2620758211885858,0.41709844894227127
3112,1597,TDRD3,ENSG00000083544,1600,0.2568731036793547,0.4166486526766247
3113,7211,TBC1D4,ENSG00000136111,7214,0.24939821284635105,0.41662282913489185
3114,16157,BCL9L,ENSG00000186174,16160,0.2620913329631249,0.4164672485001074
3115,62554,PMS2P4-1,ENSG00000291154,62557,0.2562447216183958,0.41611887060496666
3116,877,ST3GAL6,ENSG00000064225,880,0.23435112366464467,0.41602189674343987
3117,11261,OTUD4,ENSG00000164164,11264,0.25782041988172477,0.41591776395100366
3118,15507,ZNF438,ENSG00000183621,15510,0.23197584959139156,0.4158520255499538
3119,10048,ZFYVE9,ENSG00000157077,10051,0.2615527679202526,0.4157667142328938
3120,36136,MUC20-OT1,ENSG00000242086,36139,0.24940381745839432,0.4153557732019234
3121,12617,ANTXR1,ENSG00000169604,12620,0.23144240678300476,0.4153230207467313
3122,58742,ENSG00000286481,ENSG00000286481,58745,0.1968976701139412,0.4153184228626622
3123,13535,SCAI,ENSG00000173611,13538,0.25966933308984713,0.41522549975346607
3124,62611,ENSG00000291214,ENSG00000291214,62614,0.2579525038201547,0.4152205968076701
3125,7137,PCNX2,ENSG00000135749,7140,0.2522026961691852,0.4150035195367371
3126,2917,ESRP1,ENSG00000104413,2920,0.2349894835794194,0.4149710094785193
3127,4741,STMN1,ENSG00000117632,4744,0.25280815328295425,0.4148584191157032
3128,12366,MTCL1,ENSG00000168502,12369,0.2509033346409641,0.41477969277858784
3129,26071,LINC02476,ENSG00000225546,26074,0.18164890531657052,0.4145314416912695
3130,1210,NDE1,ENSG00000072864,1213,0.2578726188352812,0.41429451505734655
3131,16409,DYNC2H1,ENSG00000187240,16412,0.24552433591472564,0.41420117449667454
3132,973,ZBTB11,ENSG00000066422,976,0.2610346067135813,0.41418740802347664
3133,46284,TMEM178B,ENSG00000261115,46287,0.21236185231181207,0.4140638386339486
3134,6825,IRAK2,ENSG00000134070,6828,0.2440773729899487,0.41403327059864425
3135,3481,GLRX3,ENSG00000108010,3484,0.2588385208319835,0.41401141111331974
3136,13974,TUBB6,ENSG00000176014,13977,0.24829587103300516,0.41384263770663327
3137,8595,CTDSPL,ENSG00000144677,8598,0.24039705851782228,0.4138383204093542
3138,9630,NR4A2,ENSG00000153234,9633,0.2308431732288442,0.413676539200019
3139,30818,KANTR,ENSG00000232593,30821,0.2554376658128456,0.41367137182169844
3140,4250,ARMC8,ENSG00000114098,4253,0.26398427123273177,0.4135776920518789
3141,12354,RAB31,ENSG00000168461,12357,0.24277395819643902,0.41344372683117714
3142,2809,GGA2,ENSG00000103365,2812,0.2563457684983102,0.4134237980404448
3143,38207,C1QTNF7-AS1,ENSG00000249252,38210,0.22685800059298017,0.4130603413631237
3144,19891,PPP1R10,ENSG00000204569,19894,0.2598489880142596,0.41301631146635387
3145,15073,DIPK2A,ENSG00000181744,15076,0.2502697683127281,0.4129673493410135
3146,6718,STARD13,ENSG00000133121,6721,0.24179214937956922,0.4129315945108251
3147,16807,MSL1,ENSG00000188895,16810,0.26549684684050295,0.41259026638002305
3148,220,NFIX,ENSG00000008441,223,0.24995320363609946,0.4124004466194546
3149,1162,HLTF,ENSG00000071794,1165,0.2594735539203009,0.4123133844756015
3150,947,ME1,ENSG00000065833,950,0.24505172153803867,0.4121937476341843
3151,5357,NLN,ENSG00000123213,5360,0.2580678770623289,0.4121391977131058
3152,13645,PITPNA,ENSG00000174238,13648,0.2576485091451122,0.4120927472632365
3153,14289,ARIH2,ENSG00000177479,14292,0.2601927050052932,0.41199561395642786
3154,5228,FYTTD1,ENSG00000122068,5231,0.26234790594168994,0.4119857013886256
3155,4658,ETV3,ENSG00000117036,4661,0.2527403876596063,0.4119137670630941
3156,12534,LMAN2,ENSG00000169223,12537,0.2623648472474716,0.4118400543532679
3157,11993,NUDT21,ENSG00000167005,11996,0.25953159479032006,0.4118000488954794
3158,16970,SERPINA3,ENSG00000196136,16973,0.17209574950297868,0.4117264139860514
3159,38619,PDCD6,ENSG00000249915,38622,0.2609469044771263,0.41169812407417694
3160,4676,ZNHIT6,ENSG00000117174,4679,0.25505209647631333,0.41168605846327067
3161,32779,LINC01278,ENSG00000235437,32782,0.2537782791042885,0.4114044495025172
3162,2513,MAPRE1,ENSG00000101367,2516,0.2619960867571956,0.4112387394690038
3163,11479,PDP1,ENSG00000164951,11482,0.2485476196991481,0.4111424075221727
3164,14374,UBE2N,ENSG00000177889,14377,0.25921863726308964,0.41113186000795443
3165,12898,KBTBD2,ENSG00000170852,12901,0.26094990304478266,0.4110494728703967
3166,7230,SCRN1,ENSG00000136193,7233,0.25738526585013816,0.4110110817503436
3167,1305,ZNF37A,ENSG00000075407,1308,0.25399809797892875,0.4109399851697836
3168,376,RUFY3,ENSG00000018189,379,0.25365151471660374,0.41076369925775
3169,7978,FANCI,ENSG00000140525,7981,0.2493473607733971,0.41067732146990166
3170,9005,NDUFB9,ENSG00000147684,9008,0.2577629270283718,0.4104888926364973
3171,6709,EPSTI1,ENSG00000133106,6712,0.200552670398117,0.41045209439715524
3172,7178,REV1,ENSG00000135945,7181,0.25956028445437335,0.410193449165545
3173,8742,YIPF5,ENSG00000145817,8745,0.25947039525413046,0.41016865423600257
3174,2741,CYB5B,ENSG00000103018,2744,0.25116367132096645,0.40992128689598883
3175,1006,DHX29,ENSG00000067248,1009,0.2587629267457928,0.40988627068319
3176,5320,ECD,ENSG00000122882,5323,0.2567854114917556,0.4097925576316196
3177,11066,PTPN13,ENSG00000163629,11069,0.23789310282092058,0.40962551711391704
3178,16682,CHM,ENSG00000188419,16685,0.25807644145060676,0.4096017912756219
3179,5513,MPHOSPH10,ENSG00000124383,5516,0.2560714449871737,0.40958043056099014
3180,3753,CHORDC1,ENSG00000110172,3756,0.24608366714422747,0.4091895634977031
3181,15906,TCEAL9,ENSG00000185222,15909,0.2512467076415734,0.4091313709801373
3182,8279,ITGB3BP,ENSG00000142856,8282,0.24690722306432317,0.40904081042112916
3183,5316,BICC1,ENSG00000122870,5319,0.21190905846556854,0.40903128756606766
3184,39718,MALAT1,ENSG00000251562,39721,5.873679052201882,0.40902752482454474
3185,10820,ATF3,ENSG00000162772,10823,0.2393447254697792,0.408838381836773
3186,7447,FLOT1,ENSG00000137312,7450,0.24893127693943093,0.40882363419418755
3187,1650,MECOM,ENSG00000085276,1653,0.23033471234568076,0.4087746219336345
3188,1615,CHMP2B,ENSG00000083937,1618,0.25295147958061903,0.40875902505305955
3189,9596,ADGRA3,ENSG00000152990,9599,0.25073679538213156,0.40848966296199263
3190,5464,PARD6B,ENSG00000124171,5467,0.24956730859109,0.4083862522876265
3191,5058,ENY2,ENSG00000120533,5061,0.2531159571763286,0.40837537286213654
3192,8527,AFF3,ENSG00000144218,8530,0.2119592633286329,0.4083056060267078
3193,11289,WDR41,ENSG00000164253,11292,0.2548722824382956,0.4082473695241531
3194,804,DNAJC25,ENSG00000059769,807,0.24927493524498154,0.40801130703606286
3195,7303,KCTD3,ENSG00000136636,7306,0.251806057206283,0.40795136204447435
3196,14801,RCC1,ENSG00000180198,14804,0.24645568203791127,0.4078562898239148
3197,11324,NSA2,ENSG00000164346,11327,0.2550225823256497,0.40785475508595637
3198,17585,ENTPD7,ENSG00000198018,17588,0.24549178483920936,0.4077827251536002
3199,37110,ETV5,ENSG00000244405,37113,0.2537032627763176,0.4077401582997597
3200,14709,PCED1B,ENSG00000179715,14712,0.23675024972244743,0.4073524592716921
3201,4316,WDR48,ENSG00000114742,4319,0.2544956192196011,0.40731699114658515
3202,14373,ZBTB41,ENSG00000177888,14376,0.2602129804604309,0.4071272560989617
3203,3932,NT5DC3,ENSG00000111696,3935,0.24810695934454263,0.4070184322353907
3204,7669,SENP7,ENSG00000138468,7672,0.25520845337653153,0.4067192450628232
3205,8605,ARL6IP5,ENSG00000144746,8608,0.25286129575652355,0.4067184075244657
3206,8030,MBTPS1,ENSG00000140943,8033,0.2588569808497658,0.4065206739317234
3207,7569,IFI44,ENSG00000137965,7572,0.23391069875486467,0.40647192499005963
3208,1296,CELSR1,ENSG00000075275,1299,0.24941291570786034,0.40640181986619595
3209,1228,SDHA,ENSG00000073578,1231,0.25612864435596916,0.40637609372024974
3210,17532,MYO1C,ENSG00000197879,17535,0.25579140652670934,0.4062716762950772
3211,3955,FGFR1OP2,ENSG00000111790,3958,0.2521726398728129,0.40547251330647394
3212,11612,ARF6,ENSG00000165527,11615,0.2556596518553272,0.40542506746505286
3213,14726,MROH1,ENSG00000179832,14729,0.25463356748296856,0.40532665114940925
3214,16623,ZC3H6,ENSG00000188177,16626,0.25275339761332943,0.40526841832117244
3215,12946,XKR6,ENSG00000171044,12949,0.22467358179809466,0.4052253272635472
3216,6227,XPO7,ENSG00000130227,6230,0.2540554533036326,0.40506175614296236
3217,1949,PSME1,ENSG00000092010,1952,0.2555624730004546,0.40488892221292677
3218,11903,PLEKHA7,ENSG00000166689,11906,0.24375498329916664,0.4047833513702412
3219,5743,TBC1D20,ENSG00000125875,5746,0.25232394071194786,0.4046910598106172
3220,10290,GART,ENSG00000159131,10293,0.2536123245012304,0.40468179580606767
3221,46795,LINC00662,ENSG00000261824,46798,0.24319796382738668,0.4046745183277384
3222,10944,CCNYL1,ENSG00000163249,10947,0.25231737805436044,0.40458605005800524
3223,20121,SNX2,ENSG00000205302,20124,0.25246483640636574,0.40453640573417604
3224,110,ZFX,ENSG00000005889,113,0.2541074353391148,0.4045337002146785
3225,5620,ABCC4,ENSG00000125257,5623,0.24473434615661613,0.40450981404715775
3226,3089,NOP53,ENSG00000105373,3092,0.2521538869405628,0.4044259182887584
3227,5096,TMPO,ENSG00000120802,5099,0.2518505023825758,0.4043033451002134
3228,1322,BCAP29,ENSG00000075790,1325,0.2584682255985093,0.40430207675722174
3229,10460,PCNT,ENSG00000160299,10463,0.25795558066707475,0.40417313483781425
3230,12841,CDH2,ENSG00000170558,12844,0.22424720072959117,0.40402395584745027
3231,3996,KCTD20,ENSG00000112078,3999,0.2548195280917588,0.4039541736129814
3232,5111,PPP3CC,ENSG00000120910,5114,0.2468836090781544,0.4037574436193851
3233,7198,APPL2,ENSG00000136044,7201,0.25235632460929375,0.4037257960382917
3234,2270,APOL1,ENSG00000100342,2273,0.21600322200064503,0.4036064690271476
3235,10581,PCYT1A,ENSG00000161217,10584,0.25580603077455927,0.40359760667200983
3236,13598,RBM4,ENSG00000173933,13601,0.25579065002759616,0.40335847707008066
3237,2374,ZC3H14,ENSG00000100722,2377,0.2553548648359956,0.40319849305302935
3238,4604,GADD45A,ENSG00000116717,4607,0.23100184511689076,0.40309665051113147
3239,6789,AMPD3,ENSG00000133805,6792,0.23730944479423374,0.40296524632288133
3240,4516,ARID3A,ENSG00000116017,4519,0.2446419609906209,0.4029462318375152
3241,616,ATP6V1H,ENSG00000047249,619,0.247556728878773,0.40290371746985804
3242,8152,PMAIP1,ENSG00000141682,8155,0.22880375731125,0.4027791230179315
3243,8163,FKBP10,ENSG00000141756,8166,0.24376027685495005,0.4023459095219356
3244,2833,TMC5,ENSG00000103534,2836,0.19764025767576918,0.40186357582133403
3245,11632,PRPF18,ENSG00000165630,11635,0.2525159668268503,0.40147796856602375
3246,7528,NUSAP1,ENSG00000137804,7531,0.23839262890965401,0.4013764641572254
3247,9664,PTPRD,ENSG00000153707,9667,0.1997189586481199,0.4013308568980568
3248,4378,NRBP1,ENSG00000115216,4381,0.2536197428518551,0.40118013072296144
3249,43087,ZNF432,ENSG00000256087,43090,0.23584700748706383,0.4008826519290511
3250,2936,SQLE,ENSG00000104549,2939,0.23604058155019528,0.4004148889179137
3251,4268,PRKAR2A,ENSG00000114302,4271,0.25102658176224746,0.40041345575948395
3252,4439,COQ10B,ENSG00000115520,4442,0.2514248141350417,0.4003415764857338
3253,431,SNAPC1,ENSG00000023608,434,0.23565968809598462,0.40018457486259174
3254,12846,STAT2,ENSG00000170581,12849,0.24859412618076704,0.4001394523225722
3255,15495,SETD3,ENSG00000183576,15498,0.2540376222284158,0.40002899367562306
3256,13110,HDAC3,ENSG00000171720,13113,0.24085376600433342,0.3999543084564517
3257,1258,TSG101,ENSG00000074319,1261,0.25402136103333495,0.39983827873268507
3258,2734,CTCF,ENSG00000102974,2737,0.25341462951183985,0.39982645800062766
3259,15543,TMEM50A,ENSG00000183726,15546,0.2530472187752032,0.3997970853641516
3260,1334,RBMS2,ENSG00000076067,1337,0.24194942975499079,0.399418790169465
3261,1820,GCN1,ENSG00000089154,1823,0.25404982519241787,0.39924315255242226
3262,1886,RAB11FIP3,ENSG00000090565,1889,0.24556363035492557,0.3989764948503148
3263,8500,MRPS5,ENSG00000144029,8503,0.25185700578683307,0.3987748361384247
3264,37,ALS2,ENSG00000003393,40,0.2517868756340469,0.39827085453180155
3265,1789,FKBP1A,ENSG00000088832,1792,0.24732156552322154,0.3980278920595173
3266,10783,ZNF326,ENSG00000162664,10786,0.246403264458159,0.39776468539925314
3267,8977,TACC1,ENSG00000147526,8980,0.24571442020496725,0.397728258082407
3268,9627,TMEM87B,ENSG00000153214,9630,0.25051753890558054,0.397723100802557
3269,8325,TMCO1,ENSG00000143183,8328,0.24950454233689073,0.39767983845792
3270,8194,IFNAR1,ENSG00000142166,8197,0.253184698740494,0.39765929876701434
3271,1783,CRLS1,ENSG00000088766,1786,0.24340028412979525,0.39765501176776563
3272,2198,SNU13,ENSG00000100138,2201,0.24373121679964332,0.3973512990928241
3273,1138,RAD18,ENSG00000070950,1141,0.24938368237343456,0.39733905007193315
3274,12811,NFXL1,ENSG00000170448,12814,0.24165703941639713,0.39726735694776527
3275,58042,ENSG00000285744,ENSG00000285744,58045,0.20506532758861445,0.39721019420072784
3276,12138,SPINT2,ENSG00000167642,12141,0.24082248012877808,0.3971741759622731
3277,2357,PPM1A,ENSG00000100614,2360,0.25322828744489617,0.39717086715769817
3278,4625,CD58,ENSG00000116815,4628,0.24735020913566222,0.39699730981957493
3279,106,FBXL3,ENSG00000005812,109,0.24650320894564406,0.3968974057941236
3280,38415,PCGF3-AS1,ENSG00000249592,38418,0.24235254998294947,0.3966974104256104
3281,23143,LINC00598,ENSG00000215483,23146,0.22215641595676006,0.3966240345350642
3282,16615,AGRN,ENSG00000188157,16618,0.24874601387691972,0.3965321876565493
3283,6952,FHOD3,ENSG00000134775,6955,0.23196377104509464,0.3964266561088694
3284,1811,SLC23A2,ENSG00000089057,1814,0.24320630261893492,0.3963597337278333
3285,11175,TASOR,ENSG00000163946,11178,0.25067522971901546,0.39633766518938973
3286,13595,MARCHF3,ENSG00000173926,13598,0.23023966171258825,0.396282316982163
3287,15444,BCOR,ENSG00000183337,15447,0.23848770203813383,0.3959685210624767
3288,6069,ARHGAP22,ENSG00000128805,6072,0.2085790015859788,0.39528567384674773
3289,6585,GRSF1,ENSG00000132463,6588,0.2480688608726353,0.3952357746841621
3290,11231,C4orf3,ENSG00000164096,11234,0.24265261558442122,0.39521905596335477
3291,15653,PPP1R2,ENSG00000184203,15656,0.24412119087355239,0.3951894386059865
3292,701,FNIP2,ENSG00000052795,704,0.23830156907425679,0.3949489801665643
3293,13728,RESF1,ENSG00000174718,13731,0.2438278974088896,0.39470122998398605
3294,2334,ATP6V1D,ENSG00000100554,2337,0.24628927938009665,0.394655889921304
3295,1194,MARK2,ENSG00000072518,1197,0.24935971135205037,0.39454135941198837
3296,9773,ELOC,ENSG00000154582,9776,0.2473594266652917,0.3941466713524524
3297,8965,BIN3,ENSG00000147439,8968,0.2428933025936589,0.39406320264595845
3298,1755,RFX2,ENSG00000087903,1758,0.2346213797156586,0.3939331417334738
3299,384,TTC27,ENSG00000018699,387,0.2454872758516282,0.39380533760614167
3300,11766,BRD7,ENSG00000166164,11769,0.24797329669930956,0.3937092291251816
3301,3565,UTP6,ENSG00000108651,3568,0.24884680376440538,0.393599897770462
3302,13975,LYSMD3,ENSG00000176018,13978,0.24417743789683466,0.3935614890264752
3303,41609,LYN,ENSG00000254087,41612,0.23550333063663606,0.39340644004072356
3304,2242,HMGXB4,ENSG00000100281,2245,0.24863692869637125,0.3932501729699833
3305,6215,PRKCSH,ENSG00000130175,6218,0.2476742960945082,0.3930608428460577
3306,7456,MTCH1,ENSG00000137409,7459,0.24781929679190218,0.39305105370763826
3307,13726,SH3PXD2B,ENSG00000174705,13729,0.23896279112012087,0.3930303849880731
3308,17909,PRC1,ENSG00000198901,17912,0.23758881298312554,0.39299615638376123
3309,8089,AFG3L2,ENSG00000141385,8092,0.24721133273939463,0.39286625834260835
3310,5889,COX7C,ENSG00000127184,5892,0.24407812595363004,0.392811919055408
3311,17871,ZNF277,ENSG00000198839,17874,0.24322103806729145,0.39269075662224545
3312,2677,NDFIP2,ENSG00000102471,2680,0.2397959456538102,0.3926858907735317
3313,15585,TOB2,ENSG00000183864,15588,0.2451309527626793,0.39253173257300583
3314,31185,CCDC144NL-AS1,ENSG00000233098,31188,0.1956650547631611,0.3925087323674495
3315,37437,GPRC5D-AS1,ENSG00000247498,37440,0.22135186259150108,0.3924845365058266
3316,2695,KPNA3,ENSG00000102753,2698,0.24482551915761314,0.39246370858896573
3317,9196,ST14,ENSG00000149418,9199,0.2177246364364249,0.39227663376620897
3318,17180,COL27A1,ENSG00000196739,17183,0.2288137312040683,0.39224794626177834
3319,5848,ATG14,ENSG00000126775,5851,0.24289412947129232,0.3921715144736293
3320,17872,MT-ND3,ENSG00000198840,17875,0.2414687296279811,0.3920216310177519
3321,6068,TWSG1,ENSG00000128791,6071,0.24553857352180708,0.391930032676002
3322,7617,TACC2,ENSG00000138162,7620,0.23548702802243296,0.3919102185398322
3323,4367,STAM2,ENSG00000115145,4370,0.2479565330870528,0.3919032617274411
3324,2746,PSMD7,ENSG00000103035,2749,0.24740784248968092,0.39178342405174327
3325,2510,NOP56,ENSG00000101361,2513,0.23534853162178612,0.39134142478741407
3326,13729,LARP7,ENSG00000174720,13732,0.24669699248254418,0.3909889651047516
3327,12539,CA5B,ENSG00000169239,12542,0.24482236884239558,0.3909836569832665
3328,2985,ARHGEF18,ENSG00000104880,2988,0.24216233234130535,0.3909310336324623
3329,10226,ZC3H18,ENSG00000158545,10229,0.24855494017669572,0.3906770255563758
3330,4523,MSH6,ENSG00000116062,4526,0.24524196951382327,0.390562216407069
3331,121,MAP3K14,ENSG00000006062,124,0.23518083881838725,0.3902922945914259
3332,10180,FANCC,ENSG00000158169,10183,0.24367035781702087,0.3902426301898008
3333,6680,USPL1,ENSG00000132952,6683,0.23559668165456094,0.3902418287861133
3334,14413,DDX10,ENSG00000178105,14416,0.23930458552982267,0.3901984934868262
3335,14129,NCKAP5,ENSG00000176771,14132,0.19191714897078285,0.3901825944702494
3336,8613,COL8A1,ENSG00000144810,8616,0.18845146600664878,0.3901666106709257
3337,10071,MMP14,ENSG00000157227,10074,0.22168820232861816,0.3901368760099627
3338,8828,ARHGAP18,ENSG00000146376,8831,0.22926864084087467,0.3900219110164843
3339,8479,HNRNPLL,ENSG00000143889,8482,0.24416443728530707,0.3899744987937165
3340,6349,DKC1,ENSG00000130826,6352,0.24195235884656355,0.3897850591080159
3341,14341,FAM20C,ENSG00000177706,14344,0.20141847301907356,0.38967528807837215
3342,13454,GLRX,ENSG00000173221,13457,0.2239021620359014,0.3896547119784554
3343,15860,CIB1,ENSG00000185043,15863,0.23968784367359963,0.38950358381753125
3344,16607,C6orf132,ENSG00000188112,16610,0.2074974921566956,0.38950197509373746
3345,648,CELF2,ENSG00000048740,651,0.1994429054306031,0.38935515826214184
3346,19816,SNHG32,ENSG00000204387,19819,0.23512974725154692,0.3892729473504626
3347,2795,UBE2I,ENSG00000103275,2798,0.24611810623169247,0.38923265759057635
3348,7704,GPAT3,ENSG00000138678,7707,0.22687563416623222,0.3892060792549788
3349,4904,HSDL2,ENSG00000119471,4907,0.24236688839346202,0.3891810694056695
3350,2820,RBL2,ENSG00000103479,2823,0.2470377077898425,0.3890504373116386
3351,4241,NPHP3,ENSG00000113971,4244,0.24216355637041803,0.389049612930903
3352,1932,ALKBH5,ENSG00000091542,1935,0.24044871706253826,0.38900244707619225
3353,16987,STK40,ENSG00000196182,16990,0.2416642996125114,0.3887466502812669
3354,11894,BLCAP,ENSG00000166619,11897,0.23497721439722422,0.3886100972936187
3355,5778,MMP24OS,ENSG00000126005,5781,0.23501619868049642,0.3885037892696724
3356,4345,MOB1A,ENSG00000114978,4348,0.24968651541053632,0.38845566285511923
3357,10242,ELK4,ENSG00000158711,10245,0.24663446377124473,0.38821911434564127
3358,2339,PSMA3,ENSG00000100567,2342,0.24247563962636962,0.38785126975182643
3359,4978,IFIT2,ENSG00000119922,4981,0.17609335847947338,0.3878445349452467
3360,3156,ELL,ENSG00000105656,3159,0.23984779918478205,0.38780069178224924
3361,7002,ADAM19,ENSG00000135074,7005,0.22130360174887512,0.3877983395414335
3362,8260,SH3BGRL3,ENSG00000142669,8263,0.2363856780573647,0.3877103490530601
3363,622,KATNIP,ENSG00000047578,625,0.24440055001006036,0.3876926274058332
3364,21432,STK38L,ENSG00000211455,21435,0.2347346436514469,0.387524192918455
3365,11338,UQCRQ,ENSG00000164405,11341,0.24038290146334074,0.38747542546626973
3366,3337,PRKAG2,ENSG00000106617,3340,0.22909715307351328,0.3874540698533663
3367,7483,RNF121,ENSG00000137522,7486,0.2441221680072628,0.3871907392464943
3368,11805,ANAPC16,ENSG00000166295,11808,0.2422075768246661,0.3871893297941772
3369,8950,MFHAS1,ENSG00000147324,8953,0.23604596625136298,0.3871442733854984
3370,3976,MAN1A1,ENSG00000111885,3979,0.20749463422758388,0.38707664403628134
3371,3595,LRRC59,ENSG00000108829,3598,0.24371801026151108,0.38677214255831543
3372,4034,MED23,ENSG00000112282,4037,0.23964631513251866,0.3866694184319356
3373,14599,PER1,ENSG00000179094,14602,0.2228399452076317,0.3865896160431463
3374,5213,CLCC1,ENSG00000121940,5216,0.24133795510943828,0.3865322383596219
3375,15790,UBE2G2,ENSG00000184787,15793,0.24038753475268076,0.3864750823683118
3376,642,SNX29,ENSG00000048471,645,0.23695517071616418,0.386363018923778
3377,4804,UBE3D,ENSG00000118420,4807,0.2332189084801517,0.3860800444841095
3378,17151,RABL6,ENSG00000196642,17154,0.23994552763115262,0.3860748186439831
3379,13155,PRNP,ENSG00000171867,13158,0.23219154900605538,0.38582432317638393
3380,11269,TMEM161B,ENSG00000164180,11272,0.2424919757079169,0.3855397262993697
3381,9174,CCDC82,ENSG00000149231,9177,0.24082837618933273,0.385336920091496
3382,3949,COX6A1,ENSG00000111775,3952,0.2406431591206739,0.38533691776379825
3383,10961,CGGBP1,ENSG00000163320,10964,0.24280217705808815,0.38521569118011667
3384,14020,RTTN,ENSG00000176225,14023,0.23836720724810723,0.3851615070803952
3385,7566,IFI44L,ENSG00000137959,7569,0.21134375388328827,0.38507863934085984
3386,9941,NDUFAF6,ENSG00000156170,9944,0.23396917519954877,0.3850384391341624
3387,20290,RNPS1,ENSG00000205937,20293,0.2422004882866916,0.3849170685054765
3388,5771,ERGIC3,ENSG00000125991,5774,0.24339771333651009,0.3848317298070522
3389,16305,TPCN1,ENSG00000186815,16308,0.2369192185684988,0.3847914822200986
3390,14523,COX5A,ENSG00000178741,14526,0.23769312421834213,0.38474642169616163
3391,1804,RPL6,ENSG00000089009,1807,0.23669106474301152,0.3847372058759734
3392,17938,SMG5,ENSG00000198952,17941,0.24209167469285514,0.38442859920846567
3393,12371,FNTA,ENSG00000168522,12374,0.2419039407580606,0.3842829949928634
3394,27524,LINC00355,ENSG00000227674,27527,0.2163313629605118,0.38424793237171884
3395,11202,PGRMC2,ENSG00000164040,11205,0.24149565263949307,0.3842441038743848
3396,2153,SF3A1,ENSG00000099995,2156,0.242183949395305,0.38415271580718374
3397,1277,MYDGF,ENSG00000074842,1280,0.23752311289789996,0.38393238968714516
3398,7689,ARHGAP24,ENSG00000138639,7692,0.21928836385044848,0.3839120444284889
3399,11791,CLMP,ENSG00000166250,11794,0.19821123067372798,0.38370663808721
3400,9834,ATP6V1C1,ENSG00000155097,9837,0.23838886405143908,0.3836602784051382
3401,2065,SIRT1,ENSG00000096717,2068,0.236549497138639,0.38358977322827165
3402,13449,ABLIM3,ENSG00000173210,13452,0.22634329129980144,0.3835861368243886
3403,41753,LINC00824,ENSG00000254275,41756,0.14910804041751716,0.3833694903775887
3404,8027,CDH11,ENSG00000140937,8030,0.17122670862209735,0.38317745817658877
3405,1763,KHSRP,ENSG00000088247,1766,0.24174613198287623,0.3831537448517862
3406,8838,AIG1,ENSG00000146416,8841,0.23549811746849597,0.38312702644952323
3407,2979,CLASRP,ENSG00000104859,2982,0.23755263404117702,0.3829208860062239
3408,4287,GNB4,ENSG00000114450,4290,0.22738343779978054,0.3828326080906165
3409,9446,SAV1,ENSG00000151748,9449,0.237602045729596,0.3827705523617181
3410,209,SYPL1,ENSG00000008282,212,0.23981214890911126,0.382486814810615
3411,15541,LHFPL6,ENSG00000183722,15544,0.22098530336658037,0.3824035949338158
3412,4053,TRIM38,ENSG00000112343,4056,0.23557546151167802,0.382372981167603
3413,4927,IFT43,ENSG00000119650,4930,0.23993039524344148,0.38233987216299004
3414,3514,RNF43,ENSG00000108375,3517,0.20141837823462713,0.3823249408111927
3415,4132,PFDN1,ENSG00000113068,4135,0.24281129231318213,0.3822963153083485
3416,5120,ZNF706,ENSG00000120963,5123,0.23633004595165263,0.38221348123825927
3417,4493,SRSF7,ENSG00000115875,4496,0.23710302136510644,0.38220896302425983
3418,13273,GNB2,ENSG00000172354,13276,0.23985706374229515,0.382157748762898
3419,17880,RUSC2,ENSG00000198853,17883,0.2287333276282406,0.38198643845109503
3420,437,GCLM,ENSG00000023909,440,0.22823440894669508,0.38196652845956547
3421,464,IFNGR1,ENSG00000027697,467,0.22897996883495622,0.3819367593370653
3422,17433,PIGN,ENSG00000197563,17436,0.23848161541534688,0.38185753422115576
3423,13518,MOB1B,ENSG00000173542,13521,0.23850790619824472,0.38184867355979246
3424,503,GAB2,ENSG00000033327,506,0.22480848192641412,0.3813017485491954
3425,9778,CXADR,ENSG00000154639,9781,0.22716513133255475,0.38120636341611147
3426,13302,ZNF24,ENSG00000172466,13305,0.23909958891592278,0.3811190375506693
3427,5962,POR,ENSG00000127948,5965,0.2364319202049333,0.38099246154105365
3428,14184,SEC24C,ENSG00000176986,14187,0.2389701642576748,0.38092135507739444
3429,9392,NUBPL,ENSG00000151413,9395,0.23475406349261527,0.3808863047833129
3430,7154,NIBAN1,ENSG00000135842,7157,0.22064877337982322,0.3808634308713433
3431,13532,NUDT4,ENSG00000173598,13535,0.2269565659909495,0.38084518981096144
3432,2949,ERICH1,ENSG00000104714,2952,0.23450477653568944,0.38052523224611573
3433,17694,WWP2,ENSG00000198373,17697,0.23561764927601717,0.3805096880676467
3434,9873,NUP205,ENSG00000155561,9876,0.24137575163127514,0.38048966365085385
3435,7810,GAS2L3,ENSG00000139354,7813,0.22240110917929498,0.38023881367828366
3436,26316,NOL7,ENSG00000225921,26319,0.23699938182841107,0.38017326329130674
3437,3204,PON2,ENSG00000105854,3207,0.23465735789018513,0.37991085720321865
3438,5258,ODF2L,ENSG00000122417,5261,0.2363271332531248,0.37971320121862745
3439,48386,SRGAP2,ENSG00000266028,48389,0.23323192349863203,0.37970423951333365
3440,12861,ACYP2,ENSG00000170634,12864,0.2301425106228519,0.3795676182044038
3441,574,PSMA4,ENSG00000041357,577,0.23932090904457853,0.3795316951514502
3442,4429,IGFBP5,ENSG00000115461,4432,0.158324517314102,0.37937455805380943
3443,6079,ICE2,ENSG00000128915,6082,0.23867693070405932,0.3793307770676921
3444,17115,MYO18A,ENSG00000196535,17118,0.23367327924977724,0.3793285043434659
3445,15911,PRPF39,ENSG00000185246,15914,0.2335734804276318,0.37929106227543696
3446,3570,LGALS3BP,ENSG00000108679,3573,0.23484005461946406,0.37889504684669895
3447,2758,FA2H,ENSG00000103089,2761,0.2028292811651162,0.3788144870674255
3448,10287,IFNAR2,ENSG00000159110,10290,0.23549836358080498,0.37861445451415165
3449,13294,FGGY,ENSG00000172456,13297,0.2330349472656111,0.37843280060504525
3450,955,PPP2R5A,ENSG00000066027,958,0.23623750232082283,0.3782193586471545
3451,3370,PTGR1,ENSG00000106853,3373,0.21988011616701997,0.3781744198612418
3452,1466,FDFT1,ENSG00000079459,1469,0.22688819243669284,0.378018051591877
3453,9366,DLG5,ENSG00000151208,9369,0.23820453014039605,0.37788557871761186
3454,5740,SNRPB2,ENSG00000125870,5743,0.2314871913008712,0.3777174899625954
3455,3967,GCNT2,ENSG00000111846,3970,0.21596515570422672,0.37768561935305484
3456,5799,CAPNS1,ENSG00000126247,5802,0.23901187018219527,0.37751145937467606
3457,17627,ZNF544,ENSG00000198131,17630,0.23167617155861844,0.37732911897995747
3458,16869,CLDN4,ENSG00000189143,16872,0.21179278719171954,0.3773031590493389
3459,2013,MAP3K1,ENSG00000095015,2016,0.22679804401583326,0.3771384674107236
3460,11260,ABCE1,ENSG00000164163,11263,0.23257954063678726,0.3770651488855513
3461,8057,RANBP10,ENSG00000141084,8060,0.23435037857445068,0.37695873670859625
3462,4884,FKBP15,ENSG00000119321,4887,0.22960762807109977,0.3767782699241493
3463,38893,PURPL,ENSG00000250337,38896,0.1866313216058457,0.3765465502495361
3464,4722,ABCD3,ENSG00000117528,4725,0.23488420786115463,0.37654474714652725
3465,62083,STAG3L5P-1,ENSG00000290682,62086,0.238299009673248,0.3762604402074352
3466,3549,NUP88,ENSG00000108559,3552,0.2355109003119097,0.3762040752711417
3467,16909,LIN54,ENSG00000189308,16912,0.23408538666393133,0.3760109556557132
3468,2457,SLCO4A1,ENSG00000101187,2460,0.22457761293883835,0.3758779962937418
3469,17416,RPF2,ENSG00000197498,17419,0.23145528821380512,0.3758759766181194
3470,11960,STX3,ENSG00000166900,11963,0.22873329808457651,0.3758032365791012
3471,1044,PRR11,ENSG00000068489,1047,0.2179950243619331,0.37574299211084855
3472,6879,LPIN1,ENSG00000134324,6882,0.21615380665075526,0.3757029191608634
3473,15588,UTY,ENSG00000183878,15591,0.2017701768799721,0.37562414179881365
3474,16613,COL4A5,ENSG00000188153,16616,0.1931069813411608,0.3755226188176397
3475,7122,GNS,ENSG00000135677,7125,0.23784819136952381,0.37540231685683917
3476,17342,GTF2E2,ENSG00000197265,17345,0.23656393196778572,0.37524753130548155
3477,10138,RAB28,ENSG00000157869,10141,0.23254862928676423,0.37496707987156475
3478,2494,SEC23B,ENSG00000101310,2497,0.22976347972170588,0.3749627718229387
3479,1223,ALPK1,ENSG00000073331,1226,0.22401688915192813,0.37494633112618225
3480,1050,IP6K2,ENSG00000068745,1053,0.2348995289545499,0.37494494238381604
3481,28635,DPY19L1P1,ENSG00000229358,28638,0.232198999685594,0.3749237694624701
3482,1468,OPHN1,ENSG00000079482,1471,0.2266088450481765,0.37483151489558525
3483,10131,SLC37A3,ENSG00000157800,10134,0.2318311996006258,0.3745731474049124
3484,3028,PPP6R1,ENSG00000105063,3031,0.2357589159039527,0.3743865067835863
3485,11383,CAMLG,ENSG00000164615,11386,0.2317052426446611,0.37395356824835374
3486,7888,MDGA2,ENSG00000139915,7891,0.16143835100372642,0.3738261314779912
3487,12907,RPS9,ENSG00000170889,12910,0.23364443197129484,0.37320555897589025
3488,3134,PLEKHA4,ENSG00000105559,3137,0.2124079068972287,0.3731453718488175
3489,4896,NEK6,ENSG00000119408,4899,0.23024982331182306,0.37306747069775636
3490,2068,JAK2,ENSG00000096968,2071,0.22543007948762667,0.3730644062941371
3491,16339,PPARA,ENSG00000186951,16342,0.22734680999038942,0.37292644805835345
3492,8256,EFHD2,ENSG00000142634,8259,0.22422898964716076,0.3728576677776071
3493,4126,BRD8,ENSG00000112983,4129,0.23387980815549247,0.372706417265317
3494,22545,LIPE-AS1,ENSG00000213904,22548,0.22107022115778807,0.37268652059205853
3495,778,MTA3,ENSG00000057935,781,0.235018445960386,0.3726624842118122
3496,3969,NEDD9,ENSG00000111859,3972,0.21013582640393677,0.37264697992935164
3497,3329,PSMA2,ENSG00000106588,3332,0.23448128255837888,0.37257440756928484
3498,17861,INPP5F,ENSG00000198825,17864,0.2205486050890275,0.37253846892328535
3499,7061,ATP5MC2,ENSG00000135390,7064,0.2296943259390074,0.37253052526948816
3500,919,TRAM2,ENSG00000065308,922,0.21880810375940665,0.3722384372547607
3501,3310,TMEM106B,ENSG00000106460,3313,0.2352600552676352,0.3722264754022145
3502,12608,PCBP1,ENSG00000169564,12611,0.23455586738709705,0.3721538868857845
3503,12964,MFN1,ENSG00000171109,12967,0.2350932652358587,0.37205434570241624
3504,5836,DNAJC8,ENSG00000126698,5839,0.23331648808452515,0.3720249744352376
3505,7587,CYP1B1,ENSG00000138061,7590,0.16970349797685397,0.3718022934044528
3506,13893,DRAP1,ENSG00000175550,13896,0.23063083242264268,0.37172306623931994
3507,7436,SLC22A23,ENSG00000137266,7439,0.21640330045216197,0.3716386275380362
3508,1499,SRCAP,ENSG00000080603,1502,0.23538389944138294,0.3716162993665161
3509,3135,PPP2R1A,ENSG00000105568,3138,0.234818858618253,0.3716068689043262
3510,4779,KIF14,ENSG00000118193,4782,0.2153835534267862,0.37154831824370393
3511,1369,NFKB2,ENSG00000077150,1372,0.23027837407111898,0.37146741044585707
3512,6597,KDM6B,ENSG00000132510,6600,0.22510649262270155,0.37138241110216014
3513,10969,HIPK1,ENSG00000163349,10972,0.23312704868832423,0.3712324709080477
3514,16650,CENPP,ENSG00000188312,16653,0.21904391589880765,0.3711986367449142
3515,15362,AP2A2,ENSG00000183020,15365,0.23274159773409897,0.3711665963372274
3516,6158,REEP5,ENSG00000129625,6161,0.2342136915392263,0.3711496037856524
3517,8283,PRKACB,ENSG00000142875,8286,0.22398408729418195,0.3710377702971082
3518,7387,MYC,ENSG00000136997,7390,0.21538036429493962,0.37096207235300227
3519,4270,USP4,ENSG00000114316,4273,0.2346717925380233,0.3709249512542625
3520,17402,PDGFA,ENSG00000197461,17405,0.20635413879184128,0.37089102296857607
3521,12343,RFWD3,ENSG00000168411,12346,0.23021245221944095,0.3705518409156054
3522,11017,CWC22,ENSG00000163510,11020,0.23241481281416215,0.37025465605581065
3523,9694,CACNA2D1,ENSG00000153956,9697,0.20342413780364557,0.3701480003989111
3524,4754,STX12,ENSG00000117758,4757,0.2286259993955803,0.3699135284620825
3525,11658,HPRT1,ENSG00000165704,11661,0.22679247321624071,0.3697362215784471
3526,514,GABARAPL2,ENSG00000034713,517,0.22742839941800355,0.36969939200485846
3527,4093,COX7A2,ENSG00000112695,4096,0.22958966692361957,0.36946953299335183
3528,1159,DAZAP1,ENSG00000071626,1162,0.23248744006493477,0.36942859268645156
3529,4556,STXBP3,ENSG00000116266,4559,0.2323471385871958,0.36941963364658253
3530,11195,METAP1,ENSG00000164024,11198,0.22867277780219802,0.3694081878747312
3531,11160,SENP2,ENSG00000163904,11163,0.23410503508986436,0.3692845772343808
3532,6725,TCEAL4,ENSG00000133142,6728,0.22872856864798294,0.3692451527019131
3533,5698,SNRPD2,ENSG00000125743,5701,0.2295704290509452,0.36911851770620663
3534,8513,RALB,ENSG00000144118,8516,0.2333802520493782,0.36890741552939377
3535,1262,MGLL,ENSG00000074416,1265,0.22281450640178943,0.36880120316013676
3536,6854,WNT2B,ENSG00000134245,6857,0.21749013753645677,0.3686953340653135
3537,11412,BRI3,ENSG00000164713,11415,0.22714769459049713,0.3686770715584409
3538,10872,ARL5A,ENSG00000162980,10875,0.22860834265213398,0.36858575980288383
3539,4119,SEMA5A,ENSG00000112902,4122,0.18177373739952235,0.3685354263275826
3540,6658,OSER1,ENSG00000132823,6661,0.2273108831436085,0.36852997421897876
3541,14669,KLHL28,ENSG00000179454,14672,0.22828971427726943,0.3684831904943048
3542,10289,IFNGR2,ENSG00000159128,10292,0.22720516884951963,0.3683650143128511
3543,9439,TMEM45B,ENSG00000151715,9442,0.1974243318870227,0.3681750765726406
3544,45042,UBE2Q2P2,ENSG00000259429,45045,0.22475681621212074,0.3681697780812424
3545,12609,HINT1,ENSG00000169567,12612,0.228435711376379,0.3680238466178503
3546,4293,NCBP2,ENSG00000114503,4296,0.23076101836292034,0.3679653970201355
3547,286,AKAP8L,ENSG00000011243,289,0.22935518645824063,0.3678194317402136
3548,8126,EIF4A3,ENSG00000141543,8129,0.22332510792780555,0.3677818376391658
3549,1845,RBM41,ENSG00000089682,1848,0.2294595876138862,0.3677572653606962
3550,16963,TDRD7,ENSG00000196116,16966,0.2241630455914213,0.3677064557534733
3551,3533,CBX1,ENSG00000108468,3536,0.23175667854092355,0.3676806504012671
3552,8088,TAF4B,ENSG00000141384,8091,0.2222712724739946,0.36755572180496876
3553,12053,ATP5MG,ENSG00000167283,12056,0.22768218280305685,0.36751667608592226
3554,10177,EYA3,ENSG00000158161,10180,0.22993000152412,0.36732080958676444
3555,11726,CEP295,ENSG00000166004,11729,0.23127457963989415,0.3672370847313681
3556,1713,MTMR2,ENSG00000087053,1716,0.2283077537322667,0.36721871016398705
3557,11218,ABHD18,ENSG00000164074,11221,0.22809675868743667,0.367120298619158
3558,2916,EMC2,ENSG00000104412,2919,0.22917756889253674,0.36693336638012475
3559,1777,DOCK3,ENSG00000088538,1780,0.19838262601175632,0.3667487185188207
3560,13152,RPS7,ENSG00000171863,13155,0.22641121158603766,0.36662049033243527
3561,2012,MSH2,ENSG00000095002,2015,0.22736564312457588,0.3666168398370101
3562,8755,FBXO38,ENSG00000145868,8758,0.2288792566103057,0.3666006046730997
3563,4251,CEP70,ENSG00000114107,4254,0.2280810123866465,0.36659154061704374
3564,4952,RHOQ,ENSG00000119729,4955,0.2203870576199586,0.36639679078155907
3565,17841,CNOT7,ENSG00000198791,17844,0.22842156672867941,0.36638814399812947
3566,12044,ZNF91,ENSG00000167232,12047,0.22264424836046864,0.36617626180828056
3567,7056,NAT10,ENSG00000135372,7059,0.22730953468467455,0.36616311921433997
3568,7220,COG3,ENSG00000136152,7223,0.2229366599153135,0.36599617958865616
3569,1881,DNAJB11,ENSG00000090520,1884,0.22532911495317004,0.36587507848417467
3570,6145,HEATR5A,ENSG00000129493,6148,0.2269547676439678,0.3657134713380243
3571,4715,TMED5,ENSG00000117500,4718,0.2282723602113551,0.3656006175170504
3572,16629,DCUN1D3,ENSG00000188215,16632,0.22429465954435296,0.3654366550498599
3573,1787,SMOX,ENSG00000088826,1790,0.2082309175133863,0.36537530329848483
3574,11481,WASHC5,ENSG00000164961,11484,0.22845480320960515,0.36525174893423973
3575,4416,WDR75,ENSG00000115368,4419,0.22839824353784643,0.36522467424410254
3576,2514,JAG1,ENSG00000101384,2517,0.21073092102755453,0.36509864105798095
3577,3435,ATE1,ENSG00000107669,3438,0.22521748921069046,0.36475153417566736
3578,12293,LMBRD1,ENSG00000168216,12296,0.22252533903205435,0.3647456447045532
3579,56257,MATR3-1,ENSG00000280987,56260,0.22663005000558828,0.3646814563108597
3580,13991,IP6K1,ENSG00000176095,13994,0.22749258357340207,0.3646725709054368
3581,19657,GDI1,ENSG00000203879,19660,0.22830934554954435,0.3646213420983938
3582,2709,MGRN1,ENSG00000102858,2712,0.22700604139018446,0.3646000736105044
3583,3271,PDAP1,ENSG00000106244,3274,0.22947087553336606,0.3643855295013704
3584,15325,RBM10,ENSG00000182872,15328,0.22786366934699867,0.36436919101330856
3585,5705,PANK2,ENSG00000125779,5708,0.2267839619038352,0.36426142051402854
3586,35538,AADACP1,ENSG00000240602,35541,0.17446253686161792,0.36400903164941056
3587,6560,PER2,ENSG00000132326,6563,0.2181266457431585,0.36367788128192846
3588,14576,MRFAP1,ENSG00000179010,14579,0.22801726451527352,0.36358106548343166
3589,15784,ATL3,ENSG00000184743,15787,0.2316785193522606,0.3635159150328481
3590,15852,MAFF,ENSG00000185022,15855,0.2211969975603381,0.3635147657151348
3591,1036,OTUD5,ENSG00000068308,1039,0.2263740369641515,0.36334034676137306
3592,3334,TMEM248,ENSG00000106609,3337,0.22821731268196307,0.36333165313980853
3593,11378,BMT2,ENSG00000164603,11381,0.2198388118719735,0.3632919858508917
3594,10054,RBPMS,ENSG00000157110,10057,0.21293236028423293,0.3631918654370822
3595,6444,GFPT2,ENSG00000131459,6447,0.19820748510040617,0.362995536494263
3596,5900,RAB3IP,ENSG00000127328,5903,0.22111915238656668,0.3625982760500002
3597,7942,UBE2Q2,ENSG00000140367,7945,0.2226903482009723,0.362553918464118
3598,10998,IGFBP7,ENSG00000163453,11001,0.19552987322073162,0.36251028222475806
3599,11643,FAM204A,ENSG00000165669,11646,0.22459251468597838,0.36223399902157455
3600,8856,RBAK,ENSG00000146587,8859,0.22395750177878523,0.3622058458423337
3601,9116,FRA10AC1,ENSG00000148690,9119,0.2263008429849811,0.3621992910020935
3602,21398,MT-RNR2,ENSG00000210082,21401,5.425809442145614,0.3621713922736127
3603,267,LRRC23,ENSG00000010626,270,0.2155261186128199,0.3621214157513063
3604,13238,PAIP1,ENSG00000172239,13241,0.22867777717923893,0.36199470947204204
3605,10862,DISC1,ENSG00000162946,10865,0.2092640439205584,0.3618963409982511
3606,6217,CDC16,ENSG00000130177,6220,0.22398953024212828,0.36186323843914797
3607,43812,ENSG00000257759,ENSG00000257759,43815,0.21111602848248964,0.3617880121636708
3608,5508,STAMBP,ENSG00000124356,5511,0.22702234159464435,0.3617356091070684
3609,15873,RPS27L,ENSG00000185088,15876,0.21756091361272037,0.3615711589131284
3610,6478,IL13RA1,ENSG00000131724,6481,0.22357613539725432,0.36153830919331326
3611,264,PRSS3,ENSG00000010438,267,0.18196430909312822,0.36145591350769696
3612,458,AGPAT4,ENSG00000026652,461,0.2111524912329305,0.361453476337721
3613,17883,OSTC,ENSG00000198856,17886,0.22243551079528748,0.36142289434542485
3614,42992,ENSG00000255872,ENSG00000255872,42995,0.21332275969694464,0.36117356217171787
3615,2989,DOT1L,ENSG00000104885,2992,0.2208938094253281,0.3609712991013373
3616,6738,SLF1,ENSG00000133302,6741,0.21178404324972583,0.3609380769721045
3617,1629,EIF3I,ENSG00000084623,1632,0.22595933748429797,0.36092933989251114
3618,1224,LLGL2,ENSG00000073350,1227,0.2109850372242191,0.360912008311626
3619,3399,EDF1,ENSG00000107223,3402,0.22390260435361484,0.3608434220803827
3620,1997,ECHDC1,ENSG00000093144,2000,0.22150931167520901,0.36072244058277014
3621,4446,HSPE1,ENSG00000115541,4449,0.21970699186733886,0.3606609664741478
3622,798,PARP12,ENSG00000059378,801,0.22032439211515153,0.36054403886772063
3623,22,LAP3,ENSG00000002549,25,0.2220659352152949,0.3605304017859637
3624,17864,HMGN2,ENSG00000198830,17867,0.22186148560432492,0.3603354386456511
3625,6410,COX7B,ENSG00000131174,6413,0.22214371600174998,0.36021691153104046
3626,4237,BCL6,ENSG00000113916,4240,0.21830841112003507,0.36016939020385974
3627,5572,CDKN1A,ENSG00000124762,5575,0.21008719273731147,0.3598968457993184
3628,6175,RPS4Y1,ENSG00000129824,6178,0.19207054494233827,0.35976372245661004
3629,16504,SECISBP2,ENSG00000187742,16507,0.2207126732069684,0.3597587653263349
3630,429,AKAP11,ENSG00000023516,432,0.2242394878539233,0.3595237063337054
3631,1340,KLHL20,ENSG00000076321,1343,0.22236130254728276,0.3594083893759593
3632,3928,ATN1,ENSG00000111676,3931,0.22415314162394048,0.3591940424854757
3633,30094,RPS18,ENSG00000231500,30097,0.21900482022629525,0.35867721255994267
3634,11114,HPS3,ENSG00000163755,11117,0.2224948389413844,0.3585820561279265
3635,11774,API5,ENSG00000166181,11777,0.22437946831124062,0.3584483803829661
3636,14811,ZNRF2,ENSG00000180233,14814,0.2213969875442894,0.3583715456817361
3637,7891,PELI2,ENSG00000139946,7894,0.1942466204698422,0.3581817705680354
3638,10545,LY6E,ENSG00000160932,10548,0.21514327775163156,0.3580540619347649
3639,10331,ADIPOR1,ENSG00000159346,10334,0.2246398602626379,0.3579715516416526
3640,7991,CRTC3,ENSG00000140577,7994,0.21998524954392343,0.35795764629109783
3641,7532,KNL1,ENSG00000137812,7535,0.21343811798800644,0.3579300467186897
3642,37250,GABPB1-AS1,ENSG00000244879,37253,0.21164295883659318,0.3577300453949761
3643,13500,EHBP1L1,ENSG00000173442,13503,0.22373252763302365,0.35758922404615195
3644,6679,ZMYM5,ENSG00000132950,6682,0.21755975155001084,0.3574857267695492
3645,10233,TMED4,ENSG00000158604,10236,0.22570924824640237,0.35735809921511924
3646,11347,CITED2,ENSG00000164442,11350,0.20365894057177666,0.3571707182542605
3647,14633,RAD23A,ENSG00000179262,14636,0.22374157926272864,0.35715988076542327
3648,13707,MSL2,ENSG00000174579,13710,0.22336704340157656,0.356891078920363
3649,10942,TGFA,ENSG00000163235,10945,0.20673396318264708,0.35678188505986475
3650,2897,NBN,ENSG00000104320,2900,0.22495393155299148,0.3567371984201868
3651,11865,HDGFL3,ENSG00000166503,11868,0.21628230758995465,0.35651356369942966
3652,1149,RPS6KA2,ENSG00000071242,1152,0.20963138972364936,0.35641527638700277
3653,12572,ARL13B,ENSG00000169379,12575,0.21996811788568593,0.35575674377776884
3654,1869,NUDC,ENSG00000090273,1872,0.21970775923766317,0.3557073713589129
3655,4970,SLC17A5,ENSG00000119899,4973,0.21788917969179666,0.35560783362232695
3656,5631,NDUFA1,ENSG00000125356,5634,0.21844645910336782,0.35533510436005383
3657,7264,ABHD17C,ENSG00000136379,7267,0.20342819848080773,0.3552950482748485
3658,15945,HGS,ENSG00000185359,15948,0.22225745213214299,0.3552459154299657
3659,9138,PDCD11,ENSG00000148843,9141,0.21695690156858333,0.3551962144557858
3660,40982,TUG1,ENSG00000253352,40985,0.2232099501831684,0.35517971981725205
3661,4640,TSNAX,ENSG00000116918,4643,0.22042474394264036,0.3549354328958308
3662,6921,DDB2,ENSG00000134574,6924,0.20972496810481014,0.354711530740516
3663,11635,VDAC2,ENSG00000165637,11638,0.21959808182887702,0.35440845709431146
3664,17212,PPTC7,ENSG00000196850,17215,0.21507990407762315,0.35440730075711413
3665,1324,SART3,ENSG00000075856,1327,0.221251140880625,0.354376312822965
3666,10579,AP2M1,ENSG00000161203,10582,0.22399566744840682,0.35437336705655764
3667,6548,TRIM5,ENSG00000132256,6551,0.2161106521333001,0.354334087389028
3668,4566,EDEM3,ENSG00000116406,4569,0.21802873251074634,0.3542586226916047
3669,7615,KIF11,ENSG00000138160,7618,0.213293593386539,0.35424670708934697
3670,9455,SACS,ENSG00000151835,9458,0.21839778075226002,0.35416244877227304
3671,5191,ZCCHC17,ENSG00000121766,5194,0.22126084031201765,0.35398150906858933
3672,7215,SUCLA2,ENSG00000136143,7218,0.21688703209627092,0.35395718406185883
3673,14004,CCDC57,ENSG00000176155,14007,0.21898341119564707,0.35393958717299523
3674,4961,YPEL5,ENSG00000119801,4964,0.22159663865776807,0.35388075816061737
3675,11966,C15orf48,ENSG00000166920,11969,0.19184595403358776,0.35381480301798746
3676,17720,TPM2,ENSG00000198467,17723,0.20227555485205456,0.35365848266374506
3677,11656,TSC1,ENSG00000165699,11659,0.21688649527434528,0.35345650085032637
3678,8851,C7orf50,ENSG00000146540,8854,0.22085539985718988,0.3534461528528983
3679,8447,NVL,ENSG00000143748,8450,0.22124259164071025,0.35333021022933364
3680,10805,PEA15,ENSG00000162734,10808,0.21515202075338605,0.3532431429039227
3681,2545,ZNF516,ENSG00000101493,2548,0.21393253723199224,0.35321653770741357
3682,9853,GRAMD2B,ENSG00000155324,9856,0.20813680928465253,0.353206169026694
3683,4788,NRP2,ENSG00000118257,4791,0.18729836358337137,0.3531769698019342
3684,15952,SP140L,ENSG00000185404,15955,0.21451833274914028,0.35313624913189284
3685,2405,PSME2,ENSG00000100911,2408,0.22006172055913206,0.3530476406562547
3686,15707,SS18L1,ENSG00000184402,15710,0.21879651531861882,0.35294693623287154
3687,11875,RIMKLB,ENSG00000166532,11878,0.20730225719977166,0.352804253100576
3688,4808,SGIP1,ENSG00000118473,4811,0.15055454189269246,0.35274832020956937
3689,5696,FOSB,ENSG00000125740,5699,0.20108253372737336,0.3526498912174593
3690,9360,ABTB3,ENSG00000151136,9363,0.18804542556539644,0.35260279439081954
3691,22880,POLR2J4,ENSG00000214783,22883,0.22027254941612265,0.352308741265924
3692,2909,PLAT,ENSG00000104368,2912,0.15741812521546364,0.3522982216432473
3693,36936,DDOST,ENSG00000244038,36939,0.2193690800571516,0.35228832285763484
3694,51476,CASC15,ENSG00000272168,51479,0.16777690194069145,0.3520936431889206
3695,7843,CERS5,ENSG00000139624,7846,0.22056924199044828,0.3520524106837775
3696,5313,PLAU,ENSG00000122861,5316,0.18193881073511758,0.3517751301539769
3697,5265,CCDC18,ENSG00000122483,5268,0.21665720073293265,0.3516580443766691
3698,12348,COG7,ENSG00000168434,12351,0.2163768359332463,0.35164515136026087
3699,14859,MIGA1,ENSG00000180488,14862,0.22024995921445797,0.35162784204639147
3700,4613,UCHL5,ENSG00000116750,4616,0.21990945614497634,0.3515844651950311
3701,2978,RELB,ENSG00000104856,2981,0.21625756814506925,0.35154494274076153
3702,17193,TLE1,ENSG00000196781,17196,0.21406295085564434,0.3512747875149143
3703,44087,CHURC1,ENSG00000258289,44090,0.21726572413529735,0.35121656180520666
3704,3775,KIAA1549L,ENSG00000110427,3778,0.18502322789286485,0.3511946390499708
3705,9629,PTPRR,ENSG00000153233,9632,0.16615274028614516,0.35115948871424624
3706,1653,HACE1,ENSG00000085382,1656,0.21289042942665493,0.3510827758517281
3707,13479,TRIB1,ENSG00000173334,13482,0.20485005208309456,0.3510544568278082
3708,1507,CLDND1,ENSG00000080822,1510,0.21943834130096954,0.3510408913459807
3709,17842,TMEM184B,ENSG00000198792,17845,0.21687002076016937,0.3510356641182516
3710,5117,TARDBP,ENSG00000120948,5120,0.2213318899646347,0.35101848355355325
3711,11058,SPICE1,ENSG00000163611,11061,0.21677607193671908,0.35097573244238
3712,10992,FSTL1,ENSG00000163430,10995,0.1982370598162253,0.3509383518338612
3713,11171,SFMBT1,ENSG00000163935,11174,0.21344662044933482,0.35090743314301664
3714,9796,XPC,ENSG00000154767,9799,0.21261964252206994,0.35068462896823793
3715,16009,UBE2L3,ENSG00000185651,16012,0.21989750298841468,0.3506714055222815
3716,1133,TCOF1,ENSG00000070814,1136,0.21721828267475876,0.3506159513568383
3717,10844,B3GALNT2,ENSG00000162885,10847,0.21055043200427695,0.35055336247830493
3718,15178,ATP6AP2,ENSG00000182220,15181,0.21828024086943623,0.35049679458393934
3719,39175,MSRB3-AS1,ENSG00000250748,39178,0.13590565919258216,0.350193567563383
3720,7644,BARD1,ENSG00000138376,7647,0.21642431353452854,0.35011547731108716
3721,7113,CCT7,ENSG00000135624,7116,0.21861242208565299,0.34988057017622165
3722,7538,LRRC49,ENSG00000137821,7541,0.1947973883085443,0.3498012059189556
3723,2221,XBP1,ENSG00000100219,2224,0.2126384732458998,0.34969222601661965
3724,889,SUGP2,ENSG00000064607,892,0.21908742507206921,0.3496871272964207
3725,17602,MARCHF5,ENSG00000198060,17605,0.21540324086130314,0.34947377774257876
3726,41292,ALG11,ENSG00000253710,41295,0.21407958499340962,0.3494000140890343
3727,14175,NFATC2IP,ENSG00000176953,14178,0.2178812847343243,0.3492974414531622
3728,12314,MMADHC,ENSG00000168288,12317,0.21829619604093808,0.3492360038480659
3729,1860,SLC9A1,ENSG00000090020,1863,0.20675440357363226,0.34918581979267826
3730,1099,PTPN3,ENSG00000070159,1102,0.21418501267352436,0.349030000657143
3731,6125,CCNT1,ENSG00000129315,6128,0.21824314403926354,0.34891490720841944
3732,3462,CPEB3,ENSG00000107864,3465,0.21072641795124103,0.3488709549939416
3733,702,MSMO1,ENSG00000052802,705,0.20040861404830013,0.3487619647040798
3734,17580,NOL8,ENSG00000198000,17583,0.2157633170947328,0.3486264464266629
3735,15032,RAP2B,ENSG00000181467,15035,0.20705674666479218,0.34845072003647504
3736,1259,NCBP3,ENSG00000074356,1262,0.21720286431181088,0.34844571853571277
3737,11091,CFAP20DC,ENSG00000163689,11094,0.20287961893595988,0.3482761443596163
3738,8149,ZCCHC2,ENSG00000141664,8152,0.21028360404429294,0.34802553373442585
3739,11857,LEO1,ENSG00000166477,11860,0.2156134957435525,0.3479913549322905
3740,3205,ITGB8,ENSG00000105855,3208,0.18577414254270155,0.34797626078756216
3741,16563,DNER,ENSG00000187957,16566,0.17429570989351273,0.34794803893326814
3742,10722,AK4,ENSG00000162433,10725,0.21398856226860646,0.3478749230382441
3743,3484,XPNPEP1,ENSG00000108039,3487,0.2135838821233091,0.34781845910803094
3744,14491,ERBB4,ENSG00000178568,14494,0.13759368514168213,0.3478021770072749
3745,6979,STT3A,ENSG00000134910,6982,0.21528263564673084,0.34779293746982487
3746,9565,SAR1B,ENSG00000152700,9568,0.2160455878513697,0.3477876609174716
3747,2191,TRIOBP,ENSG00000100106,2194,0.21220546744083574,0.3477751332782636
3748,12037,FBXO22,ENSG00000167196,12040,0.21409115227677877,0.3475206550370042
3749,2692,SUPT20H,ENSG00000102710,2695,0.2154153664517094,0.3472818257643179
3750,4230,SELENOK,ENSG00000113811,4233,0.21063174611855634,0.3472506529015281
3751,7174,EIF4E2,ENSG00000135930,7177,0.21674019631205302,0.3471359365328033
3752,12894,PPM1D,ENSG00000170836,12897,0.20376789407997709,0.34678204504096527
3753,988,MTFR1,ENSG00000066855,991,0.2177728928861316,0.34675898622685236
3754,4704,ERI3,ENSG00000117419,4707,0.2167784667727749,0.3467220506828993
3755,4363,SF3B6,ENSG00000115128,4366,0.2139447964085688,0.346698741560312
3756,8120,ARHGDIA,ENSG00000141522,8123,0.21452221679442576,0.3466631337508953
3757,356,ZMYND11,ENSG00000015171,359,0.21403226874653003,0.3466008638739655
3758,1013,DHX8,ENSG00000067596,1016,0.2172253490527763,0.3465924344937501
3759,11141,DTX3L,ENSG00000163840,11144,0.2126939249189806,0.34626132411192634
3760,7746,MAPK8IP3,ENSG00000138834,7749,0.21298167519683475,0.3462467217897398
3761,888,CTSA,ENSG00000064601,891,0.2132547511487285,0.3460595853301375
3762,15861,ANKS1B,ENSG00000185046,15864,0.1910628512440188,0.34605549950406744
3763,3353,FSD1L,ENSG00000106701,3356,0.20936261131851905,0.3460227585090691
3764,14914,PPA1,ENSG00000180817,14917,0.2098450288180367,0.34600799728577736
3765,13435,NOC3L,ENSG00000173145,13438,0.20977753264354268,0.3459702658763452
3766,17892,GRK5,ENSG00000198873,17895,0.19974034808519078,0.34593852621946847
3767,6811,EIF2S1,ENSG00000134001,6814,0.21562721473996335,0.34590611630744317
3768,5975,ZFP36,ENSG00000128016,5978,0.19555400288782454,0.34575185552417603
3769,2145,BCL2L13,ENSG00000099968,2148,0.21730957911274681,0.3455669244856005
3770,412,CPS1,ENSG00000021826,415,0.1480466581973266,0.3454814063966265
3771,13602,UBXN2A,ENSG00000173960,13605,0.21630066503063167,0.34535272943866946
3772,1479,STX7,ENSG00000079950,1482,0.2131555411789709,0.34526578945411157
3773,2986,PPP1R13L,ENSG00000104881,2989,0.2116927299854985,0.3450168283910222
3774,9918,VPS37A,ENSG00000155975,9921,0.21322682439825213,0.34482083218925563
3775,11820,USP54,ENSG00000166348,11823,0.20643564550110874,0.34471733502359814
3776,34379,ENSG00000237813,ENSG00000237813,34382,0.1933381586954185,0.34446723651484495
3777,9850,HSPA13,ENSG00000155304,9853,0.21237536234862817,0.3444476859467872
3778,14569,EIF3K,ENSG00000178982,14572,0.2088399666658716,0.3444182353119869
3779,7331,ODF2,ENSG00000136811,7334,0.21387599361860826,0.3444061972603482
3780,5094,NR2C1,ENSG00000120798,5097,0.21446480388534506,0.34427094782110096
3781,41057,PCAT1,ENSG00000253438,41060,0.19671539899336313,0.3442408814141209
3782,5702,SYMPK,ENSG00000125755,5705,0.21414541733851616,0.34422906616875126
3783,3631,PMP22,ENSG00000109099,3634,0.20008797390864924,0.3441347600237095
3784,6209,DOCK6,ENSG00000130158,6212,0.20858681053908232,0.3440725083125644
3785,7175,ARMC9,ENSG00000135931,7178,0.20945497613808067,0.3440420739550217
3786,13452,MFSD4B,ENSG00000173214,13455,0.20985850703584144,0.34403012851831516
3787,13547,EIF1AX,ENSG00000173674,13550,0.2123529711471238,0.3439347661278165
3788,2537,DNTTIP1,ENSG00000101457,2540,0.20688603641454115,0.3437647172855545
3789,1096,ELP1,ENSG00000070061,1099,0.2102164697766976,0.3437381903125255
3790,35383,COX19,ENSG00000240230,35386,0.2118998482056889,0.3435635068908853
3791,13592,ATP5MK,ENSG00000173915,13595,0.21194243045085032,0.3434561584398266
3792,24087,APOL6,ENSG00000221963,24090,0.20841384852916706,0.3433820376173209
3793,10111,TMEM164,ENSG00000157600,10114,0.20917704383322072,0.34337188554847164
3794,16122,CDIN1,ENSG00000186073,16125,0.21187337765859612,0.3433589369222966
3795,8469,PPFIA4,ENSG00000143847,8472,0.20221089500326378,0.34333986664407634
3796,15342,SRPRA,ENSG00000182934,15345,0.21167306876819827,0.34326650771876394
3797,10115,TAB3,ENSG00000157625,10118,0.2123815358793077,0.34312580846140117
3798,11472,DCAF13,ENSG00000164934,11475,0.20844421577118294,0.34309717328476635
3799,3293,USP42,ENSG00000106346,3296,0.21276023254464618,0.34292947632183457
3800,6309,LAMA5,ENSG00000130702,6312,0.20390951816820005,0.34292215250165853
3801,1329,KIFAP3,ENSG00000075945,1332,0.21076484419901365,0.34292167840145543
3802,32597,C12orf75,ENSG00000235162,32600,0.20670575502266345,0.3427678862642722
3803,7962,PML,ENSG00000140464,7965,0.20988216849169195,0.3427637363579564
3804,20357,RAB12,ENSG00000206418,20360,0.21428524499273108,0.34275735810865227
3805,3580,RAB5C,ENSG00000108774,3583,0.21557366526131622,0.34262613527678604
3806,927,KARS1,ENSG00000065427,930,0.21333035273771075,0.34254555068722653
3807,8645,DCAF1,ENSG00000145041,8648,0.21342191104117056,0.34249143538135085
3808,4513,PCYOX1,ENSG00000116005,4516,0.2125877341088787,0.3424208771253449
3809,11859,TMX3,ENSG00000166479,11862,0.21117231877532142,0.34241622763207025
3810,24661,NUTM2A-AS1,ENSG00000223482,24664,0.2138011070059178,0.3423409960581518
3811,997,PLPP1,ENSG00000067113,1000,0.20386955669917942,0.3423164561612864
3812,48282,SEC22B,ENSG00000265808,48285,0.21062345149379028,0.3417762231754436
3813,10704,ZYG11B,ENSG00000162378,10707,0.21349201176051447,0.3417639459062983
3814,7386,DERL1,ENSG00000136986,7389,0.21299912715565517,0.34175911045776486
3815,4212,DPYSL3,ENSG00000113657,4215,0.19252008986948674,0.3417134238840111
3816,1815,KDM2B,ENSG00000089094,1818,0.2027332817984161,0.34166284022833576
3817,4414,MRPL19,ENSG00000115364,4417,0.213269229386155,0.3415814079579914
3818,2057,EFHC1,ENSG00000096093,2060,0.20869507933395523,0.34146843732163523
3819,10073,GATAD1,ENSG00000157259,10076,0.21065764587793298,0.3414672372583856
3820,6699,DSTYK,ENSG00000133059,6702,0.2096685251208103,0.34143936485296056
3821,13146,TRAPPC12,ENSG00000171853,13149,0.21078732461710217,0.3413843953192408
3822,6270,PXDN,ENSG00000130508,6273,0.19053472933384788,0.3413154146573935
3823,522,ADSS2,ENSG00000035687,525,0.2127103368215607,0.34124874304380814
3824,5276,HERPUD2,ENSG00000122557,5279,0.21374425662713833,0.3412390543859824
3825,1245,FRY,ENSG00000073910,1248,0.17692804968841674,0.34115866055919936
3826,1989,TGFB2,ENSG00000092969,1992,0.1865179424352721,0.3410811482910347
3827,11102,TTC14,ENSG00000163728,11105,0.21066099316638665,0.34104993893566937
3828,13834,ATG13,ENSG00000175224,13837,0.2130789048710425,0.3409883793480739
3829,12733,NIPA1,ENSG00000170113,12736,0.20963373702799595,0.340978680476862
3830,13556,HEG1,ENSG00000173706,13559,0.18943727122043486,0.340870850927172
3831,36082,LINC03000,ENSG00000241956,36085,0.12073562550075344,0.3406197361476858
3832,9370,TWF1,ENSG00000151239,9373,0.21361890971765896,0.3404942826130374
3833,5837,AHDC1,ENSG00000126705,5840,0.20863537105962726,0.3402802971176214
3834,11861,WEE1,ENSG00000166483,11864,0.20820467376724425,0.3401768233104842
3835,15969,ROR1,ENSG00000185483,15972,0.19391663847190596,0.3401072496078555
3836,1040,INPP5A,ENSG00000068383,1043,0.20682611627350833,0.33997253274426686
3837,4963,YIPF4,ENSG00000119820,4966,0.211937004726247,0.33995840175991354
3838,7526,THBS1,ENSG00000137801,7529,0.17838376032787476,0.3397755384010598
3839,4168,CCNG1,ENSG00000113328,4171,0.21093167335194782,0.3396544645554486
3840,975,GOLGA5,ENSG00000066455,978,0.21150912466749225,0.3396334977359629
3841,9779,BTG3,ENSG00000154640,9782,0.20725520216799667,0.3394366696892662
3842,439,EHD2,ENSG00000024422,442,0.20442096447300726,0.33937845310527726
3843,8716,PIK3R1,ENSG00000145675,8719,0.20186756899920452,0.33926850996407965
3844,9345,NOCT,ENSG00000151014,9348,0.2021592916174845,0.33926010166195236
3845,8324,UCK2,ENSG00000143179,8327,0.20149453728951003,0.3390435440836179
3846,573,RAB27B,ENSG00000041353,576,0.18234554606022974,0.3388484162644789
3847,8779,ZMAT2,ENSG00000146007,8782,0.2123999938819054,0.33883366284733574
3848,14905,SLC36A4,ENSG00000180773,14908,0.20697198843168613,0.33879446711868455
3849,5293,SMU1,ENSG00000122692,5296,0.2122035935588031,0.3387216765168924
3850,8208,SAE1,ENSG00000142230,8211,0.21170951862030643,0.3386265156012148
3851,9026,CDKN2A,ENSG00000147889,9029,0.1911818484823475,0.3385514601015374
3852,6101,SPCS3,ENSG00000129128,6104,0.20930934661876308,0.3384335309855709
3853,2882,BLOC1S6,ENSG00000104164,2885,0.21028508709596802,0.3383695708253054
3854,3444,PPP3CB,ENSG00000107758,3447,0.2087131774378275,0.3379836505844933
3855,1263,NTN4,ENSG00000074527,1266,0.17408666852661153,0.3376245899558689
3856,6196,PHF10,ENSG00000130024,6199,0.20654312971812774,0.3375525536068788
3857,4415,LANCL1,ENSG00000115365,4418,0.201702190750115,0.33751706008564464
3858,11390,ZNF12,ENSG00000164631,11393,0.20748259678191897,0.3374905355274586
3859,6489,KHDRBS3,ENSG00000131773,6492,0.18852862340544851,0.33743513309677736
3860,897,BTBD1,ENSG00000064726,900,0.21013137478374738,0.33741323272298407
3861,6071,EIF2AK4,ENSG00000128829,6074,0.2093047855924563,0.33722561711113785
3862,11280,PGGT1B,ENSG00000164219,11283,0.2083642814902194,0.33719469183838713
3863,5214,GPSM2,ENSG00000121957,5217,0.20285950135828199,0.33711547547820814
3864,2356,DHRS7,ENSG00000100612,2359,0.2074923601342983,0.33701239276733214
3865,2447,TPD52L2,ENSG00000101150,2450,0.21107915596383747,0.3367570309658776
3866,5295,SLC25A51,ENSG00000122696,5298,0.20337454567710597,0.33674370777072093
3867,16414,NPSR1,ENSG00000187258,16417,0.13673041192130317,0.3366669005404832
3868,4996,GOT1,ENSG00000120053,4999,0.19853043515511265,0.33652504325982346
3869,3476,PITRM1,ENSG00000107959,3479,0.21030379858877657,0.3365242102161604
3870,4758,TXNDC12,ENSG00000117862,4761,0.21089786628994853,0.3364405235744869
3871,3653,CRACD,ENSG00000109265,3656,0.19629350782681557,0.33644034064654094
3872,17216,NHLRC2,ENSG00000196865,17219,0.20989341828464347,0.3361974587997272
3873,4840,PKD2,ENSG00000118762,4843,0.20333838982993568,0.3361535895702824
3874,5766,ID1,ENSG00000125968,5769,0.19521542976742187,0.3359294407807036
3875,4295,C3orf52,ENSG00000114529,4298,0.2029262489743456,0.3358020217377752
3876,6574,EEFSEC,ENSG00000132394,6577,0.2079273839736736,0.33577857045296294
3877,3587,EZH1,ENSG00000108799,3590,0.2065314463427394,0.3356657678104567
3878,9505,C18orf25,ENSG00000152242,9508,0.20770143677661881,0.33540016246952825
3879,8460,PARP1,ENSG00000143799,8463,0.206394961041367,0.3353513566684481
3880,3274,CYP3A5,ENSG00000106258,3277,0.15775126154939859,0.33529861377569864
3881,6820,IER3IP1,ENSG00000134049,6823,0.20587735368912605,0.33524598354593416
3882,14469,NT5DC1,ENSG00000178425,14472,0.20718391587818696,0.33505854825997994
3883,11945,CLPX,ENSG00000166855,11948,0.2066611575957208,0.33505074848517014
3884,6623,BTBD3,ENSG00000132640,6626,0.19847404179086364,0.334960891589924
3885,8118,TP53,ENSG00000141510,8121,0.20130460383249535,0.33485229333689
3886,10149,WIPI2,ENSG00000157954,10152,0.2086276922098233,0.334723527705663
3887,5217,ZRANB3,ENSG00000121988,5220,0.20312529338861005,0.33468459680451507
3888,13057,LRRC8C,ENSG00000171488,13060,0.19283493366785467,0.33458021765101403
3889,8175,PFKL,ENSG00000141959,8178,0.20873134452615116,0.33455659703310725
3890,11259,ANAPC10,ENSG00000164162,11262,0.206151288686922,0.33452743957085546
3891,1373,GTF3C1,ENSG00000077235,1376,0.20902070329259784,0.3344680947201929
3892,10507,SHC1,ENSG00000160691,10510,0.202166692807528,0.33445425170934745
3893,11107,MTHFD2L,ENSG00000163738,11110,0.20072537086561468,0.33441029358467617
3894,3467,ACBD5,ENSG00000107897,3470,0.2078213904153248,0.3342044070454547
3895,1592,PLOD1,ENSG00000083444,1595,0.20053960959586117,0.33418303433888785
3896,13563,STAT5B,ENSG00000173757,13566,0.20483246039428665,0.33418210811885807
3897,8697,CBR4,ENSG00000145439,8700,0.20433081136213274,0.3339649645987456
3898,2547,ADNP2,ENSG00000101544,2550,0.204838884174887,0.33395427114580556
3899,9147,IMMP1L,ENSG00000148950,9150,0.2082830163822624,0.3338405697801831
3900,4559,PARK7,ENSG00000116288,4562,0.20851622923773122,0.3337202505563813
3901,7577,SELENOI,ENSG00000138018,7580,0.20660717478555865,0.3336825019538616
3902,4892,CNTRL,ENSG00000119397,4895,0.20284166694623465,0.33368002197648283
3903,17242,CASP4,ENSG00000196954,17245,0.19729811369705122,0.3336334778952156
3904,4215,HMGXB3,ENSG00000113716,4218,0.20742021912353528,0.33360852005080355
3905,7939,TLE3,ENSG00000140332,7942,0.20321039032642785,0.3334743282557152
3906,6563,PTPRE,ENSG00000132334,6566,0.19172465788000712,0.3334293959337998
3907,4746,DHDDS,ENSG00000117682,4749,0.20295571760219822,0.3334287836098476
3908,8816,MMS22L,ENSG00000146263,8819,0.20072358217079583,0.333426128450003
3909,15297,PAPPA,ENSG00000182752,15300,0.156998079377113,0.3334067972629032
3910,9316,MTMR12,ENSG00000150712,9319,0.20920773531943218,0.3333028156963528
3911,15579,GPR39,ENSG00000183840,15582,0.19770465200244278,0.33320795439264406
3912,3936,SUDS3,ENSG00000111707,3939,0.20760826132273352,0.33290391711952744
3913,1189,UBE2D1,ENSG00000072401,1192,0.20147949908330362,0.33282092955777803
3914,6367,PRRG1,ENSG00000130962,6370,0.20149794109348076,0.33271356431162813
3915,11709,CPSF2,ENSG00000165934,11712,0.20868124095861865,0.33266680408695887
3916,6974,ERCC5,ENSG00000134899,6977,0.2020056184040536,0.3326534124563022
3917,52223,CWC25,ENSG00000273559,52226,0.20329150920609035,0.3325934035490114
3918,7316,SAP130,ENSG00000136715,7319,0.20725504648733534,0.3325607231675515
3919,700,RRP12,ENSG00000052749,703,0.19911550174500772,0.3324202442577113
3920,8069,TOB1,ENSG00000141232,8072,0.20095928252907336,0.33241075074696735
3921,4761,MESD,ENSG00000117899,4764,0.20573500807597317,0.3321981092324703
3922,17364,ZNF655,ENSG00000197343,17367,0.20104018868179363,0.33214627166767136
3923,16435,COL4A1,ENSG00000187498,16438,0.18045314322378087,0.33200614457668576
3924,3472,BCCIP,ENSG00000107949,3475,0.20246209608476765,0.33195204437243087
3925,12060,STIM1,ENSG00000167323,12063,0.2068057833049899,0.3319088016837737
3926,7771,TMEM117,ENSG00000139173,7774,0.19095566406695122,0.3317287509106848
3927,8315,TIPRL,ENSG00000143155,8318,0.20728773338869327,0.3316976418552533
3928,6504,SELENOS,ENSG00000131871,6507,0.20206164556605166,0.33161883178396195
3929,12255,ULK4,ENSG00000168038,12258,0.20113148016278332,0.331489488074866
3930,10395,ZNF235,ENSG00000159917,10398,0.19884298024190375,0.33136786609783
3931,2015,HOOK2,ENSG00000095066,2018,0.19866058346562737,0.33102575351198615
3932,43614,FNTB,ENSG00000257365,43617,0.20194106666434194,0.3308759893546452
3933,6207,SH3BP4,ENSG00000130147,6210,0.19993739646565983,0.33076496185988863
3934,11708,TC2N,ENSG00000165929,11711,0.1821135151731763,0.3306212140885563
3935,17107,GDAP2,ENSG00000196505,17110,0.20433139997615318,0.33034819873227633
3936,8624,ATG3,ENSG00000144848,8627,0.20371346044706676,0.3303032624944622
3937,17355,DDI2,ENSG00000197312,17358,0.2035943817692513,0.33023782998626233
3938,8406,DUSP10,ENSG00000143507,8409,0.1884454271522607,0.3301500791323277
3939,3363,SEC61B,ENSG00000106803,3366,0.19959036374772876,0.3300129510873529
3940,6856,LAMTOR5,ENSG00000134248,6859,0.20220772128166392,0.3298009881145673
3941,3055,PLD3,ENSG00000105223,3058,0.20251301153908047,0.32967226657679555
3942,22106,CEP43,ENSG00000213066,22109,0.20522663868691562,0.3296430666184548
3943,8463,LBR,ENSG00000143815,8466,0.20222928172155522,0.3296229645415001
3944,2840,AAGAB,ENSG00000103591,2843,0.2034033135651358,0.32903460714687355
3945,11050,SNHG16,ENSG00000163597,11053,0.20106955542557464,0.3289732906393539
3946,6977,CARS2,ENSG00000134905,6980,0.20068634278172381,0.32893215438032275
3947,16202,ANKRD37,ENSG00000186352,16205,0.1849661641031289,0.32891738170692225
3948,5057,NUDCD1,ENSG00000120526,5060,0.201198990804795,0.328813420898307
3949,2299,ACO2,ENSG00000100412,2302,0.20333453743849975,0.32871045824490935
3950,572,INPP4A,ENSG00000040933,575,0.2037514527302896,0.3286523952574566
3951,1266,DPP8,ENSG00000074603,1269,0.2051711206633082,0.3286334287500633
3952,17677,SDAD1,ENSG00000198301,17680,0.20157637712825713,0.32837535748487773
3953,14723,PCBP1-AS1,ENSG00000179818,14726,0.19894607305063652,0.3283162218432208
3954,56347,EBLN3P,ENSG00000281649,56350,0.20230898612971251,0.32829243789804063
3955,1896,PDPR,ENSG00000090857,1899,0.20174491940764122,0.3282450145993982
3956,4870,GDA,ENSG00000119125,4873,0.1547762253192282,0.3282038214073565
3957,8863,PURB,ENSG00000146676,8866,0.20388698981176215,0.3281244445172082
3958,7495,SORL1,ENSG00000137642,7498,0.1812786198460334,0.32804734778140576
3959,9075,LRSAM1,ENSG00000148356,9078,0.19927410822802827,0.3275507510843493
3960,7237,RAPGEF5,ENSG00000136237,7240,0.1895313076449481,0.32746282797381837
3961,4853,UCHL3,ENSG00000118939,4856,0.19454490152728904,0.3274294151107345
3962,6422,ABCB7,ENSG00000131269,6425,0.19952502026420071,0.3274222795745995
3963,9294,SAP18,ENSG00000150459,9297,0.19965543045709566,0.3273348568621543
3964,7934,GTF2A2,ENSG00000140307,7937,0.20180041330431145,0.3272683405555906
3965,594,DCUN1D1,ENSG00000043093,597,0.2056245464140813,0.3270949564286872
3966,1828,PEBP1,ENSG00000089220,1831,0.19859330659328725,0.32690656382321076
3967,7031,RINT1,ENSG00000135249,7034,0.20000320638588145,0.32683761308269027
3968,399,ZFP64,ENSG00000020256,402,0.19886918883188034,0.32681411689329215
3969,5073,DNAJC15,ENSG00000120675,5076,0.1693154550425038,0.3268138382885669
3970,4934,AREL1,ENSG00000119682,4937,0.20343071318581965,0.32678823129054296
3971,11210,SHISA5,ENSG00000164054,11213,0.19863785456691319,0.3267813511782802
3972,15351,CNOT10,ENSG00000182973,15354,0.2023006257054901,0.3267755566556416
3973,1965,TOX4,ENSG00000092203,1968,0.20258638486307012,0.3265885114021438
3974,2938,INTS10,ENSG00000104613,2941,0.19996356744198907,0.3263250113852981
3975,6284,CAMSAP1,ENSG00000130559,6287,0.19942998712596344,0.3262758904616331
3976,871,TM7SF3,ENSG00000064115,874,0.20006403236571096,0.3262481377441815
3977,8731,SLC30A5,ENSG00000145740,8734,0.20163895979678875,0.32620474529278787
3978,8876,TMEM168,ENSG00000146802,8879,0.19996042940138065,0.32612748842383443
3979,696,MPHOSPH9,ENSG00000051825,699,0.20294432762820586,0.32611478699606505
3980,5314,SRGN,ENSG00000122862,5317,0.17465140175022847,0.32605078192571896
3981,12754,PWWP2A,ENSG00000170234,12757,0.20358260367680248,0.3259760455631629
3982,1112,MNT,ENSG00000070444,1115,0.1984244799417168,0.32597529917635376
3983,841,CS,ENSG00000062485,844,0.20234281952543084,0.3259685615802758
3984,11570,FBXO33,ENSG00000165355,11573,0.19696970897805346,0.3257207176616104
3985,35809,CRCP,ENSG00000241258,35812,0.20159610159436978,0.3255037838523788
3986,13743,CEP135,ENSG00000174799,13746,0.1984924584403752,0.3253275216599513
3987,10967,CLDN1,ENSG00000163347,10970,0.18550205658995197,0.32522615089820384
3988,5007,DUSP1,ENSG00000120129,5010,0.1914618556170546,0.3252177224948525
3989,17255,METTL9,ENSG00000197006,17258,0.19890635912379281,0.3248340221788375
3990,5966,GNAI1,ENSG00000127955,5969,0.19459722172526023,0.32475887487486044
3991,11018,AZI2,ENSG00000163512,11021,0.1995967843615835,0.3247344716062731
3992,15766,CDCA2,ENSG00000184661,15769,0.1928583108385013,0.32472540502721003
3993,13550,BCLAF3,ENSG00000173681,13553,0.20188629315222587,0.32466784305067387
3994,3826,SLC11A2,ENSG00000110911,3829,0.1984343785847367,0.32466018397860624
3995,3030,MED26,ENSG00000105085,3033,0.19667038637298487,0.3246281228740719
3996,2442,PFDN4,ENSG00000101132,2445,0.19717621990808137,0.32455576667098546
3997,3471,EDRF1,ENSG00000107938,3474,0.20017085622973071,0.3244333977550514
3998,5325,RBM19,ENSG00000122965,5328,0.19828978124600247,0.32425167692136825
3999,5794,PCID2,ENSG00000126226,5797,0.19640526385885773,0.3241997863388217
4000,11193,AIMP1,ENSG00000164022,11196,0.20037728278678518,0.3240971271961014
4001,11631,ATP5F1C,ENSG00000165629,11634,0.2005300362206658,0.3240570169727233
4002,2646,USP11,ENSG00000102226,2649,0.19708919445416764,0.3238632900336531
4003,62502,GUSBP1-1,ENSG00000291102,62505,0.19426108712822668,0.32369490856968686
4004,4539,SCP2,ENSG00000116171,4542,0.20158541477188296,0.3236083244126184
4005,4719,CNN3,ENSG00000117519,4722,0.19231245215715045,0.32355933370182605
4006,6803,DGLUCY,ENSG00000133943,6806,0.19674085656136278,0.32347813033915124
4007,15132,CHST15,ENSG00000182022,15135,0.19000630365741472,0.3234415334759281
4008,10694,LRP5,ENSG00000162337,10697,0.19406830414153498,0.32343352623093713
4009,7503,DCUN1D5,ENSG00000137692,7506,0.19669847990572475,0.32329775423182006
4010,20310,JPT2,ENSG00000206053,20313,0.20351429417205433,0.3230868442588073
4011,5218,ACVR2A,ENSG00000121989,5221,0.1957463100028124,0.3230177656783587
4012,4864,CYP20A1,ENSG00000119004,4867,0.19937546135831832,0.32290198928984226
4013,9048,GSN,ENSG00000148180,9051,0.18940034424206653,0.32269681798221295
4014,37968,LINC02899,ENSG00000248874,37971,0.1528972133436256,0.3224837705032192
4015,17789,PAPSS2,ENSG00000198682,17792,0.1848363063825055,0.322479201822415
4016,6729,EPHB2,ENSG00000133216,6732,0.185282495001104,0.32246977417761086
4017,17500,MCMBP,ENSG00000197771,17503,0.1984467323720146,0.3224503918527958
4018,4184,BRIX1,ENSG00000113460,4187,0.19532405326041802,0.32241248778814485
4019,4538,CACYBP,ENSG00000116161,4541,0.19699296315959341,0.322332818149728
4020,7630,ANXA7,ENSG00000138279,7633,0.2028762618263016,0.3222829470236784
4021,8604,UBA3,ENSG00000144744,8607,0.19885247729623723,0.3222152149786448
4022,9110,CAMK2G,ENSG00000148660,9113,0.1997383595716489,0.3221612645381023
4023,15067,YIPF6,ENSG00000181704,15070,0.20083700823326892,0.3220783012604869
4024,1534,STK17B,ENSG00000081320,1537,0.1972266924970407,0.32197113530317945
4025,6163,RHBDF2,ENSG00000129667,6166,0.1933021990622688,0.3219035791706461
4026,15379,AFMID,ENSG00000183077,15382,0.19443955630795498,0.3218988722175673
4027,12554,MRPL1,ENSG00000169288,12557,0.19692366466835254,0.3218358680274517
4028,992,DDX3Y,ENSG00000067048,995,0.17516634895619912,0.3216587684184461
4029,6442,KIF3A,ENSG00000131437,6445,0.19869719188151322,0.32162677372974646
4030,17320,MIRLET7BHG,ENSG00000197182,17323,0.1939122226192283,0.3214322628218113
4031,6031,VGF,ENSG00000128564,6034,0.13319725647306183,0.32141771617977505
4032,1922,CMTM6,ENSG00000091317,1925,0.19907589580078863,0.3214137697495415
4033,6814,ELP3,ENSG00000134014,6817,0.19665374198444954,0.3213140592286534
4034,17807,UNC13B,ENSG00000198722,17810,0.19192459803666706,0.3212996757310618
4035,17866,UBE2J1,ENSG00000198833,17869,0.19740910438841774,0.3212852679830333
4036,6297,TUBGCP2,ENSG00000130640,6300,0.19862388250172083,0.3211388796187923
4037,4445,MOB4,ENSG00000115540,4448,0.1983920063476313,0.32112552400193856
4038,17227,ANKRD36B,ENSG00000196912,17230,0.1941152201226584,0.32087624539605286
4039,799,ALDH18A1,ENSG00000059573,802,0.19571720985631663,0.3207563736276983
4040,14094,B3GNT5,ENSG00000176597,14097,0.1918551120195842,0.3206730921839245
4041,6302,PAK4,ENSG00000130669,6305,0.19851100334032892,0.3205968101833235
4042,9179,INTS4,ENSG00000149262,9182,0.19773661183888774,0.32056499086545426
4043,994,IDI1,ENSG00000067064,997,0.19399089436542327,0.32054512651025147
4044,12632,BUB1,ENSG00000169679,12635,0.18969195604385258,0.3204954014204725
4045,5275,KLHL7,ENSG00000122550,5278,0.1964310428975937,0.32045960367864545
4046,10453,RALGDS,ENSG00000160271,10456,0.1904329578402498,0.3203376392309887
4047,1754,AAMDC,ENSG00000087884,1757,0.19642851074713225,0.3201318933835373
4048,8093,SLC39A6,ENSG00000141424,8096,0.19733576853300733,0.3201092270089691
4049,3094,CEACAM5,ENSG00000105388,3097,0.13574673548189736,0.31986971747576615
4050,280,TSPAN9,ENSG00000011105,283,0.19228092855168288,0.31983481024057514
4051,585,MED17,ENSG00000042429,588,0.1928357514963861,0.31983407028026706
4052,10830,BROX,ENSG00000162819,10833,0.19969922589477423,0.3196880531075306
4053,12579,PTPN9,ENSG00000169410,12582,0.1977518741726629,0.3196843152697587
4054,7827,LNX2,ENSG00000139517,7830,0.19141857699405093,0.31957883711771073
4055,8086,PTRH2,ENSG00000141378,8089,0.1964788086819616,0.31954644695569406
4056,15064,PLAG1,ENSG00000181690,15067,0.18728959023626784,0.3195363343975966
4057,9369,GXYLT1,ENSG00000151233,9372,0.19723028991856884,0.31945714349826615
4058,6025,POT1,ENSG00000128513,6028,0.19653514166956174,0.3194164750365783
4059,495,IFT88,ENSG00000032742,498,0.1908823627698049,0.3192681533487734
4060,4553,RPL22,ENSG00000116251,4556,0.19452923859965815,0.3192012992612531
4061,9372,EIF4E,ENSG00000151247,9375,0.1940148995862738,0.3191887552219588
4062,3985,UST,ENSG00000111962,3988,0.18316471883669636,0.31912537072319996
4063,10716,PRKAA2,ENSG00000162409,10719,0.1869973286090453,0.3191031341866565
4064,19773,NBDY,ENSG00000204272,19776,0.19120513840040804,0.31897774268875123
4065,4464,UXS1,ENSG00000115652,4467,0.1962122189443262,0.31891653273151543
4066,670,HEXB,ENSG00000049860,673,0.19782602240705022,0.3188864481306323
4067,12872,POLH,ENSG00000170734,12875,0.19572375320855304,0.31888173948858334
4068,2292,RBX1,ENSG00000100387,2295,0.19695307653647853,0.31863197833318074
4069,4678,RBBP5,ENSG00000117222,4681,0.19711928532907438,0.3185712057401315
4070,5300,ACO1,ENSG00000122729,5303,0.19371601502549385,0.31855757692914416
4071,7770,ZCRB1,ENSG00000139168,7773,0.19723825821869842,0.31848564084549236
4072,9434,RNF144A,ENSG00000151692,9437,0.1824151557102944,0.3183535934902945
4073,6272,GDF15,ENSG00000130513,6275,0.1622163337104713,0.3183356910421375
4074,11796,STXBP4,ENSG00000166263,11799,0.1922820859616766,0.31812844755451497
4075,4266,COL7A1,ENSG00000114270,4269,0.17360738005108048,0.31812741848307013
4076,12643,MT1E,ENSG00000169715,12646,0.16170197690909682,0.318052050789413
4077,16000,PSMD13,ENSG00000185627,16003,0.197218746885542,0.3179259390321815
4078,16485,SPRY4,ENSG00000187678,16488,0.1830864881049219,0.31783546269251056
4079,2094,PSMD8,ENSG00000099341,2097,0.1981051530718323,0.31780515346916305
4080,4243,AMOTL2,ENSG00000114019,4246,0.18775765831662714,0.31774643441284894
4081,12061,RRM1,ENSG00000167325,12064,0.1959922762089358,0.31773319814539963
4082,5833,TRAP1,ENSG00000126602,5836,0.1954174601402886,0.31754836082493076
4083,3045,ANKRD27,ENSG00000105186,3048,0.1952521933632352,0.3173686033817832
4084,13798,VCPIP1,ENSG00000175073,13801,0.19752078567081138,0.31732456093530215
4085,9399,CDC123,ENSG00000151465,9402,0.19492853292777623,0.3172356687037417
4086,17328,ENTPD4,ENSG00000197217,17331,0.19544718484199705,0.31719247193042976
4087,8430,ILF2,ENSG00000143621,8433,0.19527132890246227,0.3171087921755698
4088,939,CYB5R4,ENSG00000065615,942,0.19294446480195473,0.31703173025006376
4089,6810,MED6,ENSG00000133997,6813,0.19322163854315028,0.31691875313725126
4090,62487,CRYBB2P1-1,ENSG00000291087,62490,0.19144179195729902,0.31691423935054985
4091,11733,AMOTL1,ENSG00000166025,11736,0.18115759788117944,0.3166846218784259
4092,3848,LTA4H,ENSG00000111144,3851,0.1936274081415994,0.31665635544317533
4093,15426,DAZAP2,ENSG00000183283,15429,0.19649623349451897,0.3166479311665105
4094,3489,CUL2,ENSG00000108094,3492,0.19719609400964658,0.3165573438426051
4095,7274,VEZF1,ENSG00000136451,7277,0.19749006546638095,0.3164940147661745
4096,13784,FBXW8,ENSG00000174989,13787,0.19385146293954336,0.3163817399142649
4097,1616,SMAP2,ENSG00000084070,1619,0.18978121245944976,0.3159988158530179
4098,10437,RRP1B,ENSG00000160208,10440,0.1960377871530759,0.31598221259835146
4099,9647,LPCAT1,ENSG00000153395,9650,0.1932370056405078,0.31598114408226413
4100,7813,TDG,ENSG00000139372,7816,0.19451189146591885,0.31597990331910414
4101,1654,SEH1L,ENSG00000085415,1657,0.1918513512004341,0.31595068947638066
4102,9216,CPSF7,ENSG00000149532,9219,0.19811776118311403,0.31594798155028514
4103,6995,CTSL,ENSG00000135047,6998,0.18113584454616136,0.31592378715362257
4104,17631,ZNF770,ENSG00000198146,17634,0.1940451137760075,0.3159162779070881
4105,7196,CKAP4,ENSG00000136026,7199,0.19077827360188196,0.31586883832282264
4106,5415,G0S2,ENSG00000123689,5418,0.15232394277833866,0.3158028971066659
4107,5241,KIAA1191,ENSG00000122203,5244,0.1961703780767314,0.31558691093694796
4108,5342,ACOT9,ENSG00000123130,5345,0.19423484034442104,0.3155323465373092
4109,17515,SLC9A8,ENSG00000197818,17518,0.19317982609297535,0.3154219998164512
4110,15340,CEP63,ENSG00000182923,15343,0.19600115916112906,0.3154117689322956
4111,8597,IQSEC1,ENSG00000144711,8600,0.18492775167439038,0.31509509032081406
4112,614,YTHDC2,ENSG00000047188,617,0.19430424224865545,0.3150849495279232
4113,5808,COX6B1,ENSG00000126267,5811,0.19130088031430606,0.3148810909299215
4114,9660,RMND5A,ENSG00000153561,9663,0.1934924392386155,0.31487137936480125
4115,1153,BUD23,ENSG00000071462,1156,0.19241437506866127,0.31484843227901893
4116,16381,CMC1,ENSG00000187118,16384,0.193792212519065,0.3147926898433794
4117,14649,ARID3B,ENSG00000179361,14652,0.18954776517987929,0.31473653794220113
4118,7490,TGS1,ENSG00000137574,7493,0.1942501899230146,0.31467711539685167
4119,8444,ACP1,ENSG00000143727,8447,0.19537478442021394,0.3144579623077924
4120,13823,PARL,ENSG00000175193,13826,0.19458417476687145,0.3142285943638542
4121,1851,ZBTB25,ENSG00000089775,1854,0.19064489383098018,0.31420981485781535
4122,8667,OCIAD2,ENSG00000145247,8670,0.18898940239763476,0.3142040851599894
4123,22104,SFT2D2,ENSG00000213064,22107,0.1949987362824687,0.31420360572382966
4124,998,NEO1,ENSG00000067141,1001,0.1863255970081082,0.3141932101575592
4125,6306,TAF4,ENSG00000130699,6309,0.19305899079654348,0.31411980581800003
4126,508,MAP2K3,ENSG00000034152,511,0.18845648045110286,0.31402924231756846
4127,17432,RAB40C,ENSG00000197562,17435,0.1873797999046645,0.31399161022347033
4128,521,NSMAF,ENSG00000035681,524,0.18996056782407655,0.31392504446697705
4129,3606,EFTUD2,ENSG00000108883,3609,0.19498251771350278,0.31381183788611994
4130,12430,SNTB2,ENSG00000168807,12433,0.19317505896163956,0.313755580478545
4131,9602,SRP19,ENSG00000153037,9605,0.19308520096971166,0.3135669779862085
4132,3598,HDAC5,ENSG00000108840,3601,0.1894404254531805,0.3134941057793754
4133,16268,ARAP1,ENSG00000186635,16271,0.19291155740122196,0.31348794733170393
4134,11584,PGM2L1,ENSG00000165434,11587,0.18294426919388593,0.31334217402258874
4135,4276,USP9Y,ENSG00000114374,4279,0.16809648513344747,0.3132875091510708
4136,11186,S100P,ENSG00000163993,11189,0.16105632295965114,0.31292878764632875
4137,2178,GRK3,ENSG00000100077,2181,0.180661163330341,0.31290101310839546
4138,3277,SNX8,ENSG00000106266,3280,0.19182639832039333,0.3128852392246335
4139,4717,DR1,ENSG00000117505,4720,0.1939867335449587,0.3126140049616461
4140,19630,EEF1AKMT2,ENSG00000203791,19633,0.19490082345663998,0.3125438410313176
4141,11624,FAAH2,ENSG00000165591,11627,0.17536601379298963,0.31232284942606725
4142,4142,HMGCR,ENSG00000113161,4145,0.1882294648410806,0.3122707015774482
4143,1796,MAVS,ENSG00000088888,1799,0.19123216638284984,0.31225748102422557
4144,17665,UBL5,ENSG00000198258,17668,0.19141138922067505,0.312227729605252
4145,6121,KIF1C,ENSG00000129250,6124,0.1924082907925257,0.31219691361822616
4146,15461,SF3A3,ENSG00000183431,15464,0.19415086452122382,0.3121890875229406
4147,2380,PSMC1,ENSG00000100764,2383,0.19291159521056617,0.3121659422497436
4148,7147,STX6,ENSG00000135823,7150,0.19132585097186883,0.31212692509419077
4149,52546,SOCS7,ENSG00000274211,52549,0.19342293032982097,0.3120579223771568
4150,7722,FRAS1,ENSG00000138759,7725,0.165850796545477,0.3120550141916121
4151,4131,MRPS27,ENSG00000113048,4134,0.1929033443492615,0.31202820931185943
4152,12211,SRP68,ENSG00000167881,12214,0.19383665960321822,0.31190513969464995
4153,31749,RPS28,ENSG00000233927,31752,0.17783633970124188,0.3118732763556921
4154,5143,TENT4B,ENSG00000121274,5146,0.1902746617996861,0.3117927569157501
4155,277,MRC2,ENSG00000011028,280,0.18254227366958994,0.3117188865056974
4156,11101,MTMR14,ENSG00000163719,11104,0.1934724561803644,0.3116350490916586
4157,6778,IPO8,ENSG00000133704,6781,0.19159735937309957,0.31162896957771946
4158,3317,ANKMY2,ENSG00000106524,3320,0.18863925010139104,0.3115960592084641
4159,4475,TAF1B,ENSG00000115750,4478,0.19233652890320235,0.3114171031976607
4160,16158,POLR1D,ENSG00000186184,16161,0.1885876990131142,0.3113890024125745
4161,1202,ACADVL,ENSG00000072778,1205,0.1920578540722302,0.311298327785092
4162,2582,NKAP,ENSG00000101882,2585,0.19021208333591166,0.3112732583844704
4163,16028,DRG1,ENSG00000185721,16031,0.19285494213405313,0.3111763995245545
4164,957,ELAVL1,ENSG00000066044,960,0.19286003026991572,0.311151289380825
4165,5092,PLS1,ENSG00000120756,5095,0.18199346029676267,0.31113048711188507
4166,6332,SESN2,ENSG00000130766,6335,0.1779697661420038,0.3107472231309442
4167,13847,PHYKPL,ENSG00000175309,13850,0.18942934318988547,0.31065274254038516
4168,13060,LRRC8D,ENSG00000171492,13063,0.187376805257355,0.3106035837828134
4169,14966,RPH3AL,ENSG00000181031,14969,0.17645084329064714,0.31053361618568
4170,14071,SLCO3A1,ENSG00000176463,14074,0.17848524507443883,0.31050920377555763
4171,1701,ERO1B,ENSG00000086619,1704,0.17879220058247908,0.31049165597731165
4172,11576,SPTSSA,ENSG00000165389,11579,0.18864950947972464,0.3104783597063233
4173,11469,FZD6,ENSG00000164930,11472,0.19229138973052834,0.3104576448408768
4174,13317,HCFC1,ENSG00000172534,13320,0.19254812703854735,0.3104477616118115
4175,47715,SUZ12P1,ENSG00000264538,47718,0.19190360402665543,0.3103516745204244
4176,3104,PTPRS,ENSG00000105426,3107,0.18741584983601295,0.3102879245811112
4177,58206,ENSG00000285920,ENSG00000285920,58209,0.19158092394623358,0.30994712235030464
4178,10114,C2CD2,ENSG00000157617,10117,0.17662785447170798,0.30988292066326534
4179,17130,PLXNB2,ENSG00000196576,17133,0.1905773075915067,0.3098752678590928
4180,2908,IKBKB,ENSG00000104365,2911,0.19040131624730183,0.3097555898116219
4181,14401,MLF1,ENSG00000178053,14404,0.18778345616874717,0.3095706453828513
4182,2506,SAMHD1,ENSG00000101347,2509,0.18383705559854316,0.30954343182284966
4183,16070,ATP6V0C,ENSG00000185883,16073,0.19010377650990812,0.30946954389027426
4184,2137,CRKL,ENSG00000099942,2140,0.19053127839297818,0.30942980626993144
4185,1928,SEL1L3,ENSG00000091490,1931,0.18580560617183486,0.3094019837915659
4186,17920,KIAA0753,ENSG00000198920,17923,0.1893482646689382,0.30936912761326685
4187,62571,ENSG00000291174,ENSG00000291174,62574,0.18461673712935756,0.30922055863599307
4188,4195,NUP155,ENSG00000113569,4198,0.19106412967034767,0.30912185896524447
4189,8535,GALNT13,ENSG00000144278,8538,0.16299166568851617,0.3090314991730399
4190,1719,SRRT,ENSG00000087087,1722,0.18968848094539778,0.30902426170441794
4191,7482,NARS2,ENSG00000137513,7485,0.18754034760857274,0.3088896111154386
4192,9,NFYA,ENSG00000001167,12,0.1852636675098218,0.30888528273277016
4193,857,U2AF2,ENSG00000063244,860,0.19085287292568054,0.3086934428153011
4194,2540,PIGU,ENSG00000101464,2543,0.18804520459274934,0.30847594169374337
4195,13417,RELA,ENSG00000173039,13420,0.18985733869434276,0.308454560447283
4196,17050,LONP1,ENSG00000196365,17053,0.18887614002095793,0.3083953816514603
4197,4894,FBXW2,ENSG00000119402,4897,0.1917754447284333,0.3083913785671601
4198,1991,NUP50,ENSG00000093000,1994,0.18576743556242797,0.30836469631159696
4199,14132,RUFY1,ENSG00000176783,14135,0.19085402242450594,0.308338220521048
4200,9961,TIAM1,ENSG00000156299,9964,0.17904908726033678,0.3082456053613923
4201,57838,ENSG00000285534,ENSG00000285534,57841,0.11647521750750031,0.308068830321456
4202,9542,ZFP36L2,ENSG00000152518,9545,0.17781565406585972,0.30788998830743813
4203,2568,RBBP8,ENSG00000101773,2571,0.1893224058060748,0.3078224909947954
4204,2222,RTCB,ENSG00000100220,2225,0.18813361214512753,0.30766851783032156
4205,17813,SMOC1,ENSG00000198732,17816,0.14533539207633608,0.3076486623419412
4206,432,DERA,ENSG00000023697,435,0.18657440156186078,0.3075484432372131
4207,6011,APOL2,ENSG00000128335,6014,0.1818024525346424,0.3074994785136705
4208,8583,DYNC1LI1,ENSG00000144635,8586,0.18609342582835176,0.307390522534833
4209,6567,RAP1GAP2,ENSG00000132359,6570,0.17858670966943394,0.3073265775899535
4210,5772,ROMO1,ENSG00000125995,5775,0.18799197438296467,0.3072898277016772
4211,7207,VPS36,ENSG00000136100,7210,0.1872852446054058,0.3071875869777469
4212,9093,MINDY3,ENSG00000148481,9096,0.1834484771855511,0.30709020316014357
4213,11312,CFAP97,ENSG00000164323,11315,0.18894357137610665,0.30708682406483917
4214,7919,SLC12A6,ENSG00000140199,7922,0.18510646141032364,0.3070780820613713
4215,5097,ARL1,ENSG00000120805,5100,0.18979842064437386,0.3070587408155623
4216,4898,PPP6C,ENSG00000119414,4901,0.18837522235507986,0.3069652996626718
4217,604,CNTLN,ENSG00000044459,607,0.18327407899260462,0.3069354832019562
4218,1801,DYNLL1,ENSG00000088986,1804,0.18914769074187524,0.30672722955549236
4219,1819,OAS1,ENSG00000089127,1822,0.17764866670679494,0.3067085288438264
4220,7361,ATP6V1G1,ENSG00000136888,7364,0.1872963883818848,0.3067069705979301
4221,10778,C1orf52,ENSG00000162642,10781,0.18496043015788735,0.3066955358166231
4222,2870,GABPB1,ENSG00000104064,2873,0.18712957886776485,0.30643761007375314
4223,10381,RGS12,ENSG00000159788,10384,0.1870352553712874,0.30640489734323256
4224,6559,ILKAP,ENSG00000132323,6562,0.18764541042147512,0.30634872207660013
4225,10248,NBL1,ENSG00000158747,10251,0.1868181154509273,0.30634236457417535
4226,17226,KPNA5,ENSG00000196911,17229,0.1836787302778854,0.306267909085866
4227,634,USP28,ENSG00000048028,637,0.18661772239420293,0.3062519228924474
4228,3510,PSMD3,ENSG00000108344,3513,0.1877946646795428,0.3062205734115899
4229,418,SLC45A4,ENSG00000022567,421,0.17208974649871564,0.3061292704633433
4230,17345,RAD54B,ENSG00000197275,17348,0.1887769334039101,0.30601562085929296
4231,13751,GLMN,ENSG00000174842,13754,0.185205760211513,0.3059713650684214
4232,7530,KIF23,ENSG00000137807,7533,0.1804743131587112,0.30572283875856415
4233,9745,DISP1,ENSG00000154309,9748,0.17945630633438367,0.305711010912844
4234,8056,UTP4,ENSG00000141076,8059,0.18694412017709366,0.3056989443223593
4235,4028,PTP4A1,ENSG00000112245,4031,0.17684496918008752,0.30565980478032245
4236,10837,CNST,ENSG00000162852,10840,0.18435835507301465,0.3056320474713636
4237,1196,CHFR,ENSG00000072609,1199,0.18839616926099406,0.30542946386876757
4238,7374,GOLGA1,ENSG00000136935,7377,0.18746151894858437,0.3054292845163479
4239,13705,AKIRIN1,ENSG00000174574,13708,0.18996346920358426,0.305403766843581
4240,15983,NR2F2,ENSG00000185551,15986,0.17740443099674677,0.30530159737349705
4241,146,DBF4,ENSG00000006634,149,0.18385743996008796,0.30525672986705166
4242,9383,EXT2,ENSG00000151348,9386,0.1889091725921782,0.3052536731316646
4243,10176,CNNM4,ENSG00000158158,10179,0.1847156745614352,0.30518497426582336
4244,15364,SLC8A1,ENSG00000183023,15367,0.15260002664390904,0.3051472681978138
4245,11035,SUCLG1,ENSG00000163541,11038,0.18798055657777277,0.30506424080066274
4246,3925,GNPTAB,ENSG00000111670,3928,0.1887775743802105,0.3050322109588428
4247,3160,COPE,ENSG00000105669,3163,0.1875027490732452,0.30494610023304203
4248,6869,ARF3,ENSG00000134287,6872,0.191539960705158,0.30490067110144736
4249,56,VPS50,ENSG00000004766,59,0.1864573349971467,0.3048754581495153
4250,9006,TATDN1,ENSG00000147687,9009,0.18675969302882303,0.3047928190311277
4251,1677,USP40,ENSG00000085982,1680,0.1865747788521654,0.30473785156901534
4252,9535,NMT2,ENSG00000152465,9538,0.18292990636252393,0.3046285930026253
4253,471,BRD9,ENSG00000028310,474,0.18852035835253683,0.3044780877819341
4254,16745,PARVB,ENSG00000188677,16748,0.17082253062132902,0.3043198904567719
4255,10935,DHX57,ENSG00000163214,10938,0.18678460559229973,0.30428966889832676
4256,9283,CWC15,ENSG00000150316,9286,0.18664020294594294,0.30427356926632676
4257,10626,RACGAP1,ENSG00000161800,10629,0.18539199480657112,0.30422550211270066
4258,14046,COX8A,ENSG00000176340,14049,0.18706932565251688,0.3042156566122385
4259,5783,PSMB2,ENSG00000126067,5786,0.1894971213637261,0.30419792080061964
4260,9397,ANKRD50,ENSG00000151458,9400,0.18563441392606636,0.30419644162577875
4261,19604,LINC00862,ENSG00000203721,19607,0.1772019614117414,0.3041549204026621
4262,1632,TXLNA,ENSG00000084652,1635,0.18890605820514197,0.3040697377727174
4263,2329,GNPNAT1,ENSG00000100522,2332,0.18656260724536983,0.30400735183150696
4264,17124,SULF2,ENSG00000196562,17127,0.1632783934635257,0.3039425428142637
4265,860,AHRR,ENSG00000063438,863,0.17664785679368847,0.303778098812318
4266,14399,IMPDH2,ENSG00000178035,14402,0.1871187277690596,0.3037757441865373
4267,1533,UBA5,ENSG00000081307,1536,0.1847835987371052,0.3037525537317794
4268,13815,CADM2,ENSG00000175161,13818,0.13126474557196768,0.3036729984547911
4269,4708,PIK3R3,ENSG00000117461,4711,0.17453780859418777,0.30366427321604034
4270,1413,N4BP2,ENSG00000078177,1416,0.18523599586961909,0.3036381053837294
4271,8162,IGFBP4,ENSG00000141753,8165,0.16006120962046333,0.3035361097047611
4272,22390,TMX2,ENSG00000213593,22393,0.1881185709767508,0.30353048407172983
4273,7889,TMX1,ENSG00000139921,7892,0.18825048425085641,0.303506266699242
4274,9177,SERPINH1,ENSG00000149257,9180,0.178561570582901,0.3034822836591061
4275,11908,ZNF592,ENSG00000166716,11911,0.18694958681341678,0.3033116563218701
4276,13358,NAA16,ENSG00000172766,13361,0.1751964560376265,0.30328533511942973
4277,868,CASP8,ENSG00000064012,871,0.18659853701603094,0.30326098751925223
4278,17276,MAFG,ENSG00000197063,17279,0.18520736632118098,0.3032061260612184
4279,10132,AP3S2,ENSG00000157823,10135,0.1871148747724278,0.30312179344291873
4280,5653,TTF1,ENSG00000125482,5656,0.1851809907607653,0.30308731697559005
4281,2458,NTSR1,ENSG00000101188,2461,0.1616861149643274,0.30281677950825375
4282,9894,RNF20,ENSG00000155827,9897,0.18554302708411688,0.30279800698461207
4283,16001,PBX1,ENSG00000185630,16004,0.1586269371484505,0.3027641100153468
4284,62328,ENSG00000290928,ENSG00000290928,62331,0.18513273379979853,0.302728889110253
4285,3272,BUD31,ENSG00000106245,3275,0.18580915194711378,0.30272000448906566
4286,793,NDC1,ENSG00000058804,796,0.1838720417204643,0.3026912024486836
4287,15230,TSHZ2,ENSG00000182463,15233,0.14148074688876502,0.3025846671616527
4288,3712,CTSC,ENSG00000109861,3715,0.174584022807482,0.30246603044328013
4289,10383,ZYX,ENSG00000159840,10386,0.1847323170988167,0.3024521945549296
4290,5969,MTERF1,ENSG00000127989,5972,0.18180246865574054,0.30239305800244193
4291,11342,GRIK2,ENSG00000164418,11345,0.15319102636063675,0.3023553528868246
4292,10102,VPS26C,ENSG00000157538,10105,0.18642053424617788,0.30227155349378565
4293,11197,H2AZ1,ENSG00000164032,11200,0.18587486866459402,0.30223606403541375
4294,6581,LANCL2,ENSG00000132434,6584,0.17778347285361396,0.30222545933844475
4295,7478,RAB30,ENSG00000137502,7481,0.17481819187122083,0.3021671886096769
4296,11858,ZNF143,ENSG00000166478,11861,0.183785847989184,0.3020066658912384
4297,36981,LINC01322,ENSG00000244128,36984,0.15077709833859324,0.30200338273511684
4298,15542,CMTM4,ENSG00000183723,15545,0.18683878415847324,0.30189343541837915
4299,770,PKP2,ENSG00000057294,773,0.1729840269412643,0.3018405208422268
4300,6593,UNK,ENSG00000132478,6596,0.18525680745651857,0.3018125053530024
4301,17862,ARHGAP11A,ENSG00000198826,17865,0.18004612390078115,0.3017755787228603
4302,22649,LYRM4,ENSG00000214113,22652,0.18217353221066088,0.3016803420661066
4303,6946,RNF138,ENSG00000134758,6949,0.18262819312923662,0.3016147122026639
4304,3670,CPE,ENSG00000109472,3673,0.14534634328068505,0.30159355248228864
4305,6390,ACSS2,ENSG00000131069,6393,0.17337930816183528,0.3015901978698595
4306,133,MAP3K9,ENSG00000006432,136,0.18113765202203586,0.30149079779227944
4307,3054,AKT2,ENSG00000105221,3057,0.17702901122195985,0.30147089706821895
4308,1696,ITPKC,ENSG00000086544,1699,0.16738996697325478,0.30146117644549475
4309,893,CNN2,ENSG00000064666,896,0.18361375432844637,0.3014042775747066
4310,3226,CAV2,ENSG00000105971,3229,0.18013958804811114,0.30131634352741304
4311,15793,OSBP2,ENSG00000184792,15796,0.17452722207468668,0.3012156819244785
4312,5388,STIL,ENSG00000123473,5391,0.1839830624514953,0.30111381748624816
4313,5990,YWHAH,ENSG00000128245,5993,0.1849520987302153,0.30108482345991355
4314,4545,FAM20B,ENSG00000116199,4548,0.18686146065663856,0.3010729783782784
4315,26851,ENTPD1-AS1,ENSG00000226688,26854,0.18004454950381554,0.3010565293114874
4316,11697,E2F7,ENSG00000165891,11700,0.17784831575844656,0.30105130087478493
4317,8281,BCL10,ENSG00000142867,8284,0.18321613562016897,0.30093363264645406
4318,31501,LINC00513,ENSG00000233559,31504,0.18106190148962395,0.3009316759143023
4319,16724,SUMO2,ENSG00000188612,16727,0.18585963532629518,0.30074913164101025
4320,3945,C2CD5,ENSG00000111731,3948,0.18391638278241407,0.30065611002894177
4321,38008,COPB2-DT,ENSG00000248932,38011,0.1773729965483211,0.30061117625987327
4322,11118,SNRK,ENSG00000163788,11121,0.18266541074996842,0.3005262937646951
4323,8358,TOR1AIP1,ENSG00000143337,8361,0.18592857878560667,0.30052372124138094
4324,9681,CEBPG,ENSG00000153879,9684,0.18195473305937107,0.30051578137681095
4325,3594,VAT1,ENSG00000108828,3597,0.18376600931739046,0.3005042459968296
4326,6397,ATP6V1E1,ENSG00000131100,6400,0.18692911855950348,0.30043494317379754
4327,10022,MFSD14A,ENSG00000156875,10025,0.18206224131857163,0.3003953269321477
4328,14347,FLII,ENSG00000177731,14350,0.1869962709667662,0.30037429517629577
4329,15954,TARS3,ENSG00000185418,15957,0.18070315480372728,0.3003407289917621
4330,8470,PLEKHA6,ENSG00000143850,8473,0.1760119688513361,0.30015124843345337
4331,17565,ZNF121,ENSG00000197961,17568,0.1821114867161111,0.2999243166923097
4332,11463,ALDH7A1,ENSG00000164904,11466,0.17664188448573934,0.2998959626007015
4333,3360,TRIM14,ENSG00000106785,3363,0.17958011124787274,0.29987929284014986
4334,44884,MIR4713HG,ENSG00000259240,44887,0.16116303193011836,0.29987663462329095
4335,11371,GALNT10,ENSG00000164574,11374,0.18344193667439587,0.29987027579978764
4336,19851,BAG6,ENSG00000204463,19854,0.18603983463092194,0.2996603633119187
4337,4013,BACH2,ENSG00000112182,4016,0.15904164047773922,0.2994174180806179
4338,7817,GLTP,ENSG00000139433,7820,0.1821324616559935,0.2994038726455774
4339,13938,SLC35E3,ENSG00000175782,13941,0.182404665141068,0.29934669636702665
4340,931,NDUFB4,ENSG00000065518,934,0.18344423002682042,0.2993122951760604
4341,15220,CACNB4,ENSG00000182389,15223,0.1565397685389639,0.29909218688299766
4342,189,CRAMP1,ENSG00000007545,192,0.18317958100577825,0.29905208587913223
4343,7895,SLC38A6,ENSG00000139974,7898,0.18175123570485985,0.2990128917675172
4344,13652,ZHX3,ENSG00000174306,13655,0.18086223921833725,0.2989826705387204
4345,312,SEMA3B,ENSG00000012171,315,0.15988860908624103,0.2989210809352089
4346,5012,CAAP1,ENSG00000120159,5015,0.18113526355379614,0.2988712806151135
4347,51822,ENSG00000272822,ENSG00000272822,51825,0.18426063895933473,0.2988328833977862
4348,8576,CNOT9,ENSG00000144580,8579,0.1844650805073974,0.29860261896647
4349,9353,THRB,ENSG00000151090,9356,0.17537654485528517,0.29841438530321396
4350,11511,HGSNAT,ENSG00000165102,11514,0.1821351852005837,0.2983459130974354
4351,3639,TMEM33,ENSG00000109133,3642,0.1839924045344088,0.2983418026512167
4352,310,ERCC1,ENSG00000012061,313,0.17792343647594536,0.29831490241165914
4353,11471,SLC25A32,ENSG00000164933,11474,0.18093628110160928,0.298278269817901
4354,3717,MTCH2,ENSG00000109919,3720,0.18431377289731338,0.2982390072255468
4355,8204,URB1,ENSG00000142207,8207,0.1802441148694755,0.2981839692934107
4356,6899,FBH1,ENSG00000134452,6902,0.18499310984483316,0.2981525277796204
4357,6072,MYO5C,ENSG00000128833,6075,0.17439964819944306,0.2980713822096939
4358,1456,TNS1,ENSG00000079308,1459,0.15604723275227347,0.2979648052510741
4359,17360,LRP10,ENSG00000197324,17363,0.18540259764797648,0.29787624545104185
4360,3208,SP4,ENSG00000105866,3211,0.1829588697908162,0.29786301706364293
4361,5791,TUBGCP3,ENSG00000126216,5794,0.18174324752075804,0.2978131277026732
4362,7355,STX17,ENSG00000136874,7358,0.18232629093693634,0.29779084853626325
4363,9609,DAB2,ENSG00000153071,9612,0.16871172161641296,0.2976600996718583
4364,14808,PRKRA,ENSG00000180228,14811,0.18238644698657677,0.2976234600754725
4365,8477,RHOB,ENSG00000143878,8480,0.17029388614225102,0.2972591592682508
4366,54022,TYW1B,ENSG00000277149,54025,0.1805291823021664,0.2971782206000849
4367,1095,PHRF1,ENSG00000070047,1098,0.18362210194901496,0.2970245900284548
4368,3508,UBTF,ENSG00000108312,3511,0.1827039165030522,0.29679189744463585
4369,1459,CDC14A,ENSG00000079335,1462,0.17575802215572625,0.29677296619223575
4370,2332,CNIH1,ENSG00000100528,2335,0.18107383768951066,0.2967304744419588
4371,17618,ZNF248,ENSG00000198105,17621,0.17519890645302505,0.29668176479479774
4372,3745,CPT1A,ENSG00000110090,3748,0.17977810346368564,0.29661179410806365
4373,62493,SVIL-AS1-1,ENSG00000291093,62496,0.17893253787149246,0.2965757625088429
4374,6575,TBC1D14,ENSG00000132405,6578,0.18281099392376937,0.29643485996291624
4375,4517,SUMO1,ENSG00000116030,4520,0.18274642644683498,0.29637645261100987
4376,4570,HDAC1,ENSG00000116478,4573,0.18203931209487248,0.29635852607440766
4377,8373,SETDB1,ENSG00000143379,8376,0.18110072381781084,0.2963203010981993
4378,13324,PDE3A,ENSG00000172572,13327,0.12681934287132954,0.2962122477895747
4379,2761,CMC2,ENSG00000103121,2764,0.18239383728989286,0.296194356887544
4380,22127,ZNF254,ENSG00000213096,22130,0.1811330851283434,0.2961017668817175
4381,52459,LINC01138,ENSG00000274020,52462,0.1789548270206399,0.29609276806071544
4382,4802,CASP8AP2,ENSG00000118412,4805,0.18291458870903402,0.29605979447385755
4383,2043,CREM,ENSG00000095794,2046,0.17617230386913285,0.2960311024549915
4384,12641,FASN,ENSG00000169710,12644,0.17289994915074255,0.29600822393143966
4385,15902,TNFAIP2,ENSG00000185215,15905,0.15931972678490178,0.2959376075183104
4386,9772,SORBS2,ENSG00000154556,9775,0.16137101110147398,0.2958843923618968
4387,3196,PMPCB,ENSG00000105819,3199,0.18139841183876784,0.29582628537905997
4388,4344,DGUOK,ENSG00000114956,4347,0.1840232075102631,0.29581790128981994
4389,12797,DCLK2,ENSG00000170390,12800,0.16553915165248573,0.29578999371375336
4390,3805,EXPH5,ENSG00000110723,3808,0.1673069873418481,0.2956974660392837
4391,39542,ENSG00000251314,ENSG00000251314,39545,0.17024762294211268,0.29563502147006987
4392,8998,LRP12,ENSG00000147650,9001,0.17715412002453357,0.2955973167908005
4393,8881,TRIM4,ENSG00000146833,8884,0.18022806332615945,0.2955663877953721
4394,5924,EPS15L1,ENSG00000127527,5927,0.18166434234249726,0.29552238420324
4395,1510,RBL1,ENSG00000080839,1513,0.17879752180726435,0.2954702745281695
4396,403,MRE11,ENSG00000020922,406,0.18337010817480473,0.2954576947665277
4397,863,MTMR1,ENSG00000063601,866,0.18106461218551434,0.29535357245289423
4398,5659,MBOAT7,ENSG00000125505,5662,0.18111754218807333,0.295319705519327
4399,455,RNASET2,ENSG00000026297,458,0.16921067588544741,0.2952072679185694
4400,20087,C4orf47,ENSG00000205129,20090,0.17049990013724567,0.29511367884069667
4401,28507,RABGEF1P1,ENSG00000229180,28510,0.17763296791718408,0.2950212371721525
4402,17097,SIAH1,ENSG00000196470,17100,0.17987307549868503,0.2949468730242903
4403,5085,FAM53C,ENSG00000120709,5088,0.17868290689308228,0.2948750427630364
4404,9821,APOOL,ENSG00000155008,9824,0.18121624220204213,0.2948645037228914
4405,17707,TCAF1,ENSG00000198420,17710,0.17965667471223018,0.2948334058743616
4406,13429,TRMT112,ENSG00000173113,13432,0.17935099243509942,0.2948069155987379
4407,1171,RDH11,ENSG00000072042,1174,0.17925244432560858,0.29479653999092914
4408,5825,SBDS,ENSG00000126524,5828,0.1817819387846813,0.294795393158276
4409,8362,LYPLAL1,ENSG00000143353,8365,0.18093482309288456,0.29477919086967874
4410,12798,ZNF804A,ENSG00000170396,12801,0.1492999721085931,0.2947605784857578
4411,8378,PI4KB,ENSG00000143393,8381,0.1809128315765263,0.2947331759188527
4412,17698,ZNF26,ENSG00000198393,17701,0.178552649166726,0.2946255440801815
4413,10458,MCM3AP,ENSG00000160294,10461,0.18235110255718545,0.29460279633339326
4414,6497,PDHA1,ENSG00000131828,6500,0.18203866912816047,0.29459108956153646
4415,9666,CNKSR3,ENSG00000153721,9669,0.15512005076294957,0.2945704560069379
4416,662,RCN1,ENSG00000049449,665,0.18201076817346376,0.29431472046394425
4417,2343,KIAA0586,ENSG00000100578,2346,0.17939272313541244,0.29426695928673474
4418,5176,KIF18A,ENSG00000121621,5179,0.17365799513323293,0.2942596384805561
4419,6037,DNAJB9,ENSG00000128590,6040,0.17271690262842285,0.29413037621113747
4420,22559,IRF9,ENSG00000213928,22562,0.17878584271119893,0.29406035346063575
4421,8107,PELP1,ENSG00000141456,8110,0.17926794597568085,0.29401624792506387
4422,639,RRM2B,ENSG00000048392,642,0.17712605598978284,0.29391905774471094
4423,867,RNF4,ENSG00000063978,870,0.18101148447346319,0.29391834332954586
4424,1740,RTRAF,ENSG00000087302,1743,0.18054933993719707,0.29379088622457644
4425,3068,SLC1A5,ENSG00000105281,3071,0.17323053390517956,0.29374335429765347
4426,14016,ATAD5,ENSG00000176208,14019,0.1791336751499686,0.2937128870549864
4427,11222,RAD54L2,ENSG00000164080,11225,0.1801197743733829,0.2936970636330032
4428,10564,MAML1,ENSG00000161021,10567,0.18080360441122464,0.2936691894594695
4429,11048,PPM1L,ENSG00000163590,11051,0.1668116589974885,0.2935550009135649
4430,2608,PLP2,ENSG00000102007,2611,0.17893169157705638,0.29343626570019393
4431,3900,COPZ1,ENSG00000111481,3903,0.180797668906789,0.29340037112336437
4432,20364,CFAP44,ENSG00000206530,20367,0.17360304151892214,0.2933692021979374
4433,10402,DFFA,ENSG00000160049,10405,0.1770088331250844,0.2933162563096387
4434,6860,CEPT1,ENSG00000134255,6863,0.18010778368679786,0.2932780128243214
4435,961,KDM4A,ENSG00000066135,964,0.1825543694225728,0.2932419574189373
4436,13749,DENND6A,ENSG00000174839,13752,0.18147447752520693,0.29323660137740365
4437,3497,TSPAN14,ENSG00000108219,3500,0.17719461891117078,0.29307971685107037
4438,2424,NINL,ENSG00000101004,2427,0.17289077542222564,0.2930174178568489
4439,10858,PEX13,ENSG00000162928,10861,0.18123945250093315,0.2929804919265437
4440,35413,ACAD11,ENSG00000240303,35416,0.1775543693548161,0.29297060827510585
4441,21433,SACM1L,ENSG00000211456,21436,0.1807838992421032,0.29294687822354154
4442,9468,BAG3,ENSG00000151929,9471,0.1774988448653071,0.29287297864816025
4443,7697,AP1AR,ENSG00000138660,7700,0.17852308889384777,0.2928559458511111
4444,10714,PLPP3,ENSG00000162407,10717,0.16324132196458105,0.292826287466403
4445,5056,SLC10A7,ENSG00000120519,5059,0.1747397388158823,0.2926443953482228
4446,4921,FCF1,ENSG00000119616,4924,0.18045807774293962,0.29253264775296783
4447,20088,TRIQK,ENSG00000205133,20091,0.17750038364954557,0.29246685518294835
4448,58120,ENSG00000285827,ENSG00000285827,58123,0.1803788602182769,0.2924552167359636
4449,4477,ODC1,ENSG00000115758,4480,0.16999801992733884,0.29243863714264656
4450,17027,GARS1-DT,ENSG00000196295,17030,0.1791344702431635,0.29231188506871114
4451,12436,GFM1,ENSG00000168827,12439,0.18048112206532635,0.2923090982637018
4452,31274,LINC00472,ENSG00000233237,31277,0.16867686720821387,0.2922497037599637
4453,8183,DPP9,ENSG00000142002,8186,0.18135633757046837,0.2922491958681058
4454,28825,ITGB1-DT,ENSG00000229656,28828,0.1587714223092101,0.292128797206781
4455,12587,SDC2,ENSG00000169439,12590,0.1484624256165576,0.29207001270113225
4456,1042,GRIPAP1,ENSG00000068400,1045,0.17856093866444459,0.29204586414390443
4457,6953,TPGS2,ENSG00000134779,6956,0.18113376219238858,0.29189234111893775
4458,13875,SART1,ENSG00000175467,13878,0.18059021642672726,0.29185680916119044
4459,13258,B3GALT1,ENSG00000172318,13261,0.12991373125314393,0.29176438946113326
4460,5184,PILRB,ENSG00000121716,5187,0.18179483006690447,0.29157303115761046
4461,36573,MRPL33,ENSG00000243147,36576,0.17785162437241991,0.2915597442358376
4462,16893,ENSG00000189229,ENSG00000189229,16896,0.1341458014274168,0.2914524615334423
4463,6060,HAT1,ENSG00000128708,6063,0.18034272236808743,0.2912022016710867
4464,1157,TCF3,ENSG00000071564,1160,0.17902676212211652,0.2910759843688272
4465,2488,CDS2,ENSG00000101290,2491,0.17586206335329554,0.2908889211599354
4466,19593,CHML,ENSG00000203668,19596,0.17669858905979563,0.29072473086093836
4467,1255,EED,ENSG00000074266,1258,0.17727470658388722,0.29069836258142173
4468,7334,C9orf78,ENSG00000136819,7337,0.17708190278887553,0.29047409826459464
4469,3961,DSE,ENSG00000111817,3964,0.17449915567207783,0.2904678269584481
4470,44613,MIR3171HG,ENSG00000258932,44616,0.1488115255456555,0.29044396330423333
4471,1071,DNAJA2,ENSG00000069345,1074,0.17861191726019773,0.29012391503046214
4472,12145,DAPK3,ENSG00000167657,12148,0.17420269488208917,0.29006814548367693
4473,13641,PIGG,ENSG00000174227,13644,0.1797026678179995,0.29001962992553315
4474,25828,PLEKHM1,ENSG00000225190,25831,0.17620967522965006,0.28986065780576786
4475,691,POLQ,ENSG00000051341,694,0.1745180070921047,0.2897458235582214
4476,564,PHLPP2,ENSG00000040199,567,0.1754443851564892,0.28973301051497347
4477,12339,ATG4B,ENSG00000168397,12342,0.17589289877899822,0.28956258819282343
4478,20201,LINC01446,ENSG00000205628,20204,0.13811591529014366,0.2894877828266693
4479,13491,DAG1,ENSG00000173402,13494,0.17956702864139715,0.2894742708671966
4480,52087,C1QTNF3-AMACR,ENSG00000273294,52090,0.17058585972074877,0.28917633944847987
4481,9841,MMS19,ENSG00000155229,9844,0.174646249900858,0.2890663265551821
4482,9499,SETBP1,ENSG00000152217,9502,0.14839612305060967,0.28901652442401393
4483,15800,PRR16,ENSG00000184838,15803,0.15623166338295913,0.2889285717915374
4484,17168,ZNF33B,ENSG00000196693,17171,0.17564660682449534,0.28881267862617055
4485,2355,ITPK1,ENSG00000100605,2358,0.16798892378033423,0.2887694766995611
4486,9133,GSTO1,ENSG00000148834,9136,0.1752147264834069,0.2886894596363292
4487,12568,SLC33A1,ENSG00000169359,12571,0.17431709944997104,0.2886210976934264
4488,1214,PVR,ENSG00000073008,1217,0.17655954918435554,0.28861404527840423
4489,15234,KPNA2,ENSG00000182481,15237,0.16943089295372477,0.2885327196399808
4490,12055,TBC1D16,ENSG00000167291,12058,0.1752389435247122,0.28827408072383603
4491,5211,LRIF1,ENSG00000121931,5214,0.17672740880562712,0.2882531876626864
4492,8797,PPP1R18,ENSG00000146112,8800,0.1749296183219526,0.28821650902651186
4493,42634,EID1,ENSG00000255302,42637,0.17608900468145547,0.2880286333650897
4494,10880,CFAP36,ENSG00000163001,10883,0.17547186070203263,0.28799506225404864
4495,9605,CARHSP1,ENSG00000153048,9608,0.17373469083227,0.2879318015797328
4496,598,TRIT1,ENSG00000043514,601,0.17298043534651958,0.2878898027638132
4497,3478,MAP3K8,ENSG00000107968,3481,0.16579157490942326,0.28779463722895365
4498,3941,CMAS,ENSG00000111726,3944,0.17836600374762285,0.2875592192363558
4499,7562,KYAT3,ENSG00000137944,7565,0.17513629911406675,0.2875224541571381
4500,15094,RELL1,ENSG00000181826,15097,0.17696665532877845,0.2874858237099288
4501,2453,PRELID3B,ENSG00000101166,2456,0.17659139276958466,0.28744078914472626
4502,902,SBNO2,ENSG00000064932,905,0.1769162190834212,0.28743536607489906
4503,9997,ZDHHC5,ENSG00000156599,10000,0.1792355512575908,0.2874096086337654
4504,5895,HELB,ENSG00000127311,5898,0.1744976297957604,0.28739616598965273
4505,5981,PPAT,ENSG00000128059,5984,0.17132652031860232,0.28733937509461516
4506,9004,UTP23,ENSG00000147679,9007,0.17344571484743582,0.28729741701903955
4507,1431,VDAC3,ENSG00000078668,1434,0.1727557514505223,0.2871819815625586
4508,408,SPAST,ENSG00000021574,411,0.17661143837266638,0.2871241192068356
4509,6944,DSC2,ENSG00000134755,6947,0.1626893451396984,0.28685953799067465
4510,1670,DDHD2,ENSG00000085788,1673,0.17410634578011805,0.28674903325066775
4511,14349,HNRNPA0,ENSG00000177733,14352,0.17600792636066215,0.2867017527052468
4512,916,WDR3,ENSG00000065183,919,0.16868705470187345,0.2866141999277404
4513,1049,TTC7A,ENSG00000068724,1052,0.17636478766419592,0.28659009834148563
4514,3796,SOX6,ENSG00000110693,3799,0.12988953210806664,0.2865281344747143
4515,6720,MORC4,ENSG00000133131,6723,0.17164749471844312,0.28649693650717256
4516,948,TBC1D1,ENSG00000065882,951,0.1745054257341046,0.2863509818908359
4517,6615,TERF2,ENSG00000132604,6618,0.17622672830291758,0.28626281018466676
4518,1913,NRCAM,ENSG00000091129,1916,0.1418913465827793,0.28622630813212824
4519,13362,PSME3IP1,ENSG00000172775,13365,0.1781478112096326,0.28622050131202476
4520,11454,INTS1,ENSG00000164880,11457,0.17521704620865905,0.28617878830835586
4521,6252,RSPH3,ENSG00000130363,6255,0.17319082778325498,0.2860964665313559
4522,2312,FKBP3,ENSG00000100442,2315,0.17609814968072404,0.2860706031201012
4523,6748,MED10,ENSG00000133398,6751,0.17293226883485396,0.28596111451457434
4524,9912,VBP1,ENSG00000155959,9915,0.17730375659667122,0.2859555546298737
4525,8028,NOL3,ENSG00000140939,8031,0.1699021652467043,0.28579113572958215
4526,8305,PSMA5,ENSG00000143106,8308,0.17663616924324752,0.2857028285056145
4527,1976,SNAP23,ENSG00000092531,1979,0.17316283069053337,0.2855025782817308
4528,9511,TCF7L1,ENSG00000152284,9514,0.1650170785858358,0.28549674132934777
4529,2762,AXIN1,ENSG00000103126,2765,0.1748705432419226,0.2853794385372196
4530,35571,ISY1,ENSG00000240682,35574,0.17591019938660693,0.28534803908000567
4531,7496,TMPRSS4,ENSG00000137648,7499,0.14159592634132104,0.28512379012755584
4532,8891,NOM1,ENSG00000146909,8894,0.17355627946151525,0.2850785722423665
4533,11015,CIP2A,ENSG00000163507,11018,0.1750807322673692,0.28501919039541657
4534,13830,CTDSP2,ENSG00000175215,13833,0.1749012358310801,0.28491262938131906
4535,1485,SLC35C2,ENSG00000080189,1488,0.17515886385424773,0.2849064982794022
4536,4665,SDHB,ENSG00000117118,4668,0.17448284519767815,0.2848124206102386
4537,12838,SERPINB9,ENSG00000170542,12841,0.15502871811023938,0.28479438467964086
4538,6835,DPH6,ENSG00000134146,6838,0.15916190456169488,0.2846605158285292
4539,9074,LCN2,ENSG00000148346,9077,0.13159529474800266,0.28455282283127026
4540,8288,KIF2C,ENSG00000142945,8291,0.166513942255708,0.2845384668318597
4541,10570,PSMC2,ENSG00000161057,10573,0.17442878091382166,0.2845052083699257
4542,2466,ARFGAP1,ENSG00000101199,2469,0.1718463038919395,0.28447126472304274
4543,977,LRRC40,ENSG00000066557,980,0.17376695023871236,0.2843775113926263
4544,9716,OTULIN,ENSG00000154124,9719,0.17546467512032327,0.28430783477678967
4545,5720,DTD1,ENSG00000125821,5723,0.17141938144323457,0.28423275163432876
4546,12993,NETO2,ENSG00000171208,12996,0.16659525402648098,0.28409507856854815
4547,35633,PEDS1,ENSG00000240849,35636,0.1715035626551259,0.2840560338371674
4548,3455,FBXW4,ENSG00000107829,3458,0.17372390475946736,0.28399780796894325
4549,576,LSG1,ENSG00000041802,579,0.1739891665387313,0.283879436388663
4550,14544,EFCAB13,ENSG00000178852,14547,0.1629678158674719,0.28387804754609225
4551,9940,DPY19L4,ENSG00000156162,9943,0.17653580636568672,0.2837771113301668
4552,200,CDKL5,ENSG00000008086,203,0.16812731858605945,0.28356038542970863
4553,38549,LINC02945,ENSG00000249815,38552,0.1159518338521192,0.2834585349281166
4554,12078,VKORC1,ENSG00000167397,12081,0.16998593368245657,0.28333718776935407
4555,15997,PCGF3,ENSG00000185619,16000,0.17306285598849125,0.28326689794971144
4556,4663,ADGRL2,ENSG00000117114,4666,0.15437920487382384,0.2832516403800196
4557,6194,PUDP,ENSG00000130021,6197,0.16769320804386456,0.28320354126224745
4558,4502,COX7A2L,ENSG00000115944,4505,0.17476140644920862,0.28317780876923354
4559,16891,PAX8-AS1,ENSG00000189223,16894,0.16079523755509256,0.28316319140343993
4560,4573,RNF19B,ENSG00000116514,4576,0.16953528514227975,0.2831487494009275
4561,9558,GJA1,ENSG00000152661,9561,0.1521224821335333,0.28308993568419927
4562,1056,IFT80,ENSG00000068885,1059,0.17457161872906762,0.2830491411770724
4563,14218,ULK1,ENSG00000177169,14221,0.1692583524355898,0.28303380575408515
4564,17399,HNRNPAB,ENSG00000197451,17402,0.17296026154487318,0.2829079075716787
4565,16074,LAMP1,ENSG00000185896,16077,0.17386187321499638,0.2828475246104379
4566,6534,LRRC41,ENSG00000132128,6537,0.17142396021284384,0.2826628411106714
4567,250,UQCRC1,ENSG00000010256,253,0.17387058305720898,0.2826438155309376
4568,20191,HMGN1,ENSG00000205581,20194,0.17418094875288548,0.2826315656834021
4569,9121,EIF4EBP2,ENSG00000148730,9124,0.17479658795717068,0.2825959366964723
4570,22607,TTLL3,ENSG00000214021,22610,0.17104624301139193,0.2825876380024002
4571,288,UTP18,ENSG00000011260,291,0.17255116978587567,0.2824832985383045
4572,6311,ADRM1,ENSG00000130706,6314,0.17182190672812245,0.2822851526274291
4573,9949,WHAMM,ENSG00000156232,9952,0.1711817438740301,0.282225589284697
4574,4035,WASF1,ENSG00000112290,4038,0.16915331542123702,0.28220741387036163
4575,7818,GIT2,ENSG00000139436,7821,0.1729533612765145,0.2820918583587623
4576,1644,CD82,ENSG00000085117,1647,0.16789479164828536,0.2819559008353049
4577,8401,INTS7,ENSG00000143493,8404,0.17227643622766553,0.28190292596600736
4578,7479,CREBZF,ENSG00000137504,7482,0.17295748626607443,0.28187596085883265
4579,42463,CHMP1B,ENSG00000255112,42466,0.1714635002195675,0.28185463392473564
4580,6622,SNAP25,ENSG00000132639,6625,0.13248275223125072,0.28184134318825205
4581,3537,INTS2,ENSG00000108506,3540,0.1718663816429808,0.28178255183239004
4582,5973,ZNF780B,ENSG00000128000,5976,0.16025686952182686,0.2817719537454463
4583,20236,CRYZL1,ENSG00000205758,20239,0.17159171556930844,0.2817555391880666
4584,13584,ZNF791,ENSG00000173875,13587,0.1712319886479709,0.281713004501521
4585,20212,LIN52,ENSG00000205659,20215,0.1735678233547107,0.2816910592501942
4586,13792,ZDHHC14,ENSG00000175048,13795,0.15734721076044172,0.28161575580145176
4587,7946,HMG20A,ENSG00000140382,7949,0.17187396730544582,0.28151010788499636
4588,11229,WDR82,ENSG00000164091,11232,0.17366087423825066,0.2814589644313346
4589,4866,GTF3C3,ENSG00000119041,4869,0.173836032364667,0.2813928796658971
4590,2801,PIEZO1,ENSG00000103335,2804,0.17205913302032771,0.2813893018799347
4591,2977,CLPTM1,ENSG00000104853,2980,0.17274533734595401,0.2813691535606087
4592,8032,ZCCHC14,ENSG00000140948,8035,0.17104787101657615,0.2812967561231914
4593,20345,ANKUB1,ENSG00000206199,20348,0.16582985627353763,0.28123860522475086
4594,49921,FBXO17,ENSG00000269190,49924,0.1605902106135442,0.28118309080724996
4595,22371,DNAJC9,ENSG00000213551,22374,0.1721774853134728,0.2811548889208865
4596,7739,PAPSS1,ENSG00000138801,7742,0.1707520610484739,0.2811048328751481
4597,83,RPAP3,ENSG00000005175,86,0.17181401566626314,0.2810960690866767
4598,9038,MFSD14B,ENSG00000148110,9041,0.17231063144532086,0.2810298890861846
4599,12778,NFRKB,ENSG00000170322,12781,0.17114958204941338,0.28092686832908065
4600,10526,CCDC12,ENSG00000160799,10529,0.17196852023859346,0.2808914430866691
4601,2495,FERMT1,ENSG00000101311,2498,0.14499913213960985,0.28061542163736336
4602,3705,NCAPG,ENSG00000109805,3708,0.16731251524203572,0.28044268997376154
4603,17877,TOX,ENSG00000198846,17880,0.13316582863263568,0.2803418041298711
4604,9444,AMN1,ENSG00000151743,9447,0.16789885920071,0.28030791344402384
4605,39416,LINC02882,ENSG00000251138,39419,0.1334215979486085,0.2802780965803754
4606,3487,TFAM,ENSG00000108064,3490,0.17235442102589177,0.2799920377832029
4607,15200,C1S,ENSG00000182326,15203,0.1657565884401616,0.2798766769991218
4608,13827,DCTN2,ENSG00000175203,13830,0.17218580354047477,0.27978566370947267
4609,11582,GTF2A1,ENSG00000165417,11585,0.17395578026387376,0.27975745906618893
4610,1068,NUP133,ENSG00000069248,1071,0.17262187465882242,0.27973140886757414
4611,4906,NR4A3,ENSG00000119508,4909,0.14673082499707057,0.27961574288983937
4612,7841,BRCA2,ENSG00000139618,7844,0.16886116531465964,0.2794971083913863
4613,26662,SLC16A1-AS1,ENSG00000226419,26665,0.16378475430874354,0.27936644292948243
4614,6831,EDEM1,ENSG00000134109,6834,0.17130716121875228,0.2792246307670553
4615,15811,H1-10,ENSG00000184897,15814,0.16657655216378703,0.2790970923428526
4616,8021,KIFC3,ENSG00000140859,8024,0.16581968593485866,0.27908206018194703
4617,11145,ZMYM6,ENSG00000163867,11148,0.17103396727289571,0.27906199062828274
4618,17849,LRIG2,ENSG00000198799,17852,0.17081555121786768,0.2790176862170419
4619,2224,FBXO7,ENSG00000100225,2227,0.16582804214788208,0.27897883080412694
4620,4423,PAPOLG,ENSG00000115421,4426,0.16922763965307866,0.2786515502295916
4621,2162,SNRPD3,ENSG00000100028,2165,0.17129319523396377,0.27848862806430635
4622,35,ICA1,ENSG00000003147,38,0.16090136517732861,0.27840792613967136
4623,330,MVP,ENSG00000013364,333,0.1705434805422685,0.27834886334503206
4624,22404,HEXA,ENSG00000213614,22407,0.1672208685692636,0.2782535818094113
4625,1517,RSBN1,ENSG00000081019,1520,0.16749644628667032,0.2782385327603452
4626,12865,SOCS6,ENSG00000170677,12868,0.16728393704511854,0.27818888703528527
4627,9991,PHF6,ENSG00000156531,9994,0.1709136214366407,0.27801016462539063
4628,6602,XAF1,ENSG00000132530,6605,0.15706134342880804,0.27798886421660596
4629,3905,RAB5B,ENSG00000111540,3908,0.1721279117682546,0.2779885387510982
4630,19902,GNL1,ENSG00000204590,19905,0.16962894670846915,0.27790889643403033
4631,6571,RPA1,ENSG00000132383,6574,0.1705996025265154,0.2778851127623614
4632,13554,MUC13,ENSG00000173702,13557,0.13778219233283953,0.27787996294473155
4633,6707,SPART,ENSG00000133104,6710,0.1692395107807664,0.2778736805137051
4634,10333,PSMD4,ENSG00000159352,10336,0.17186953777950312,0.277853102684214
4635,1089,RAB27A,ENSG00000069974,1092,0.16803975575495966,0.2778275207267378
4636,3807,GTF2H1,ENSG00000110768,3810,0.1711682807264086,0.27731417213315807
4637,30006,WARS2-AS1,ENSG00000231365,30009,0.1628879832177001,0.2772957180627361
4638,12208,ATP5PD,ENSG00000167863,12211,0.16946105443103054,0.2772849270564328
4639,274,ELOA,ENSG00000011007,277,0.16936373024693843,0.2772518886390338
4640,8074,SKAP1,ENSG00000141293,8077,0.14697260736426773,0.27697914258640755
4641,16584,RILPL1,ENSG00000188026,16587,0.16736911394261741,0.2769524719179003
4642,11475,INTS8,ENSG00000164941,11478,0.17048179394022958,0.27687490319778874
4643,30350,TRAF3IP2-AS1,ENSG00000231889,30353,0.163669189367609,0.2768505837271277
4644,2963,NUCB1,ENSG00000104805,2966,0.16995912701178373,0.2767574503531438
4645,15976,BRCC3,ENSG00000185515,15979,0.1699663701868774,0.2767555464579012
4646,3806,HPS5,ENSG00000110756,3809,0.16956188160109328,0.27674307536102255
4647,48534,NBPF15,ENSG00000266338,48537,0.16925246204710467,0.2766114541961339
4648,17584,MRPL42,ENSG00000198015,17587,0.16898389586624274,0.2765543496730135
4649,15619,DIABLO,ENSG00000184047,15622,0.17030525117194242,0.27650524669999693
4650,17240,SLC39A10,ENSG00000196950,17243,0.16820462162970243,0.27639206253705395
4651,14562,TUFM,ENSG00000178952,14565,0.16808023650493523,0.27627831899319144
4652,695,HEBP2,ENSG00000051620,698,0.16944198437078323,0.27614137537279776
4653,3814,PRPF40B,ENSG00000110844,3817,0.16823899736017614,0.27606421566059314
4654,150,COX10,ENSG00000006695,153,0.16719757685747508,0.2759820238897392
4655,3637,PHF12,ENSG00000109118,3640,0.1697329888458332,0.2759675789432668
4656,6376,SYNE1,ENSG00000131018,6379,0.15390878050319726,0.27583907197334806
4657,17008,XPNPEP3,ENSG00000196236,17011,0.16859108446123994,0.27570354088975974
4658,7301,VPS45,ENSG00000136631,7304,0.16798651921392624,0.27568714949326034
4659,2225,GTPBP1,ENSG00000100226,2228,0.1684898243928175,0.2756686232291168
4660,16790,LINC00910,ENSG00000188825,16793,0.15098385029220596,0.2756464772786889
4661,1344,SPAG5,ENSG00000076382,1347,0.16746200205529818,0.2756310849904485
4662,14586,RCC2,ENSG00000179051,14589,0.16929697014524378,0.2755764117416846
4663,16036,IFIT1,ENSG00000185745,16039,0.149325759656141,0.27546482346431966
4664,7163,DOCK10,ENSG00000135905,7166,0.15794046523642752,0.27541476578688656
4665,5005,HOXB3,ENSG00000120093,5008,0.15849304478257953,0.27530937053574384
4666,6099,SUMF2,ENSG00000129103,6102,0.16928638045209013,0.27526859217385846
4667,4526,EPHA4,ENSG00000116106,4529,0.14641279180728398,0.27525934484962106
4668,9379,NPAS3,ENSG00000151322,9382,0.129311258995531,0.275242530936134
4669,12619,CKAP2L,ENSG00000169607,12622,0.16434391168794704,0.2751519168711472
4670,12776,CDK1,ENSG00000170312,12779,0.16296012471238794,0.2750670687493215
4671,22077,ZNF611,ENSG00000213020,22080,0.16581173543058136,0.27497891143162684
4672,11245,CEP44,ENSG00000164118,11248,0.16941143918886914,0.27495408241985064
4673,32891,ENSG00000235609,ENSG00000235609,32894,0.1579059853566138,0.2749484384143773
4674,6148,EAPP,ENSG00000129518,6151,0.16747459800870912,0.27493887461306477
4675,2436,NFATC2,ENSG00000101096,2439,0.1494412846899533,0.27492772405711763
4676,9145,LIN7C,ENSG00000148943,9148,0.1704272619175962,0.27492680564107086
4677,4650,SIPA1L2,ENSG00000116991,4653,0.15597555670618463,0.274835554434626
4678,3328,GLI3,ENSG00000106571,3331,0.1489915246638539,0.27482538285778296
4679,12249,C2CD3,ENSG00000168014,12252,0.16769546388031326,0.2747881642517096
4680,13928,NR2F1,ENSG00000175745,13931,0.14608639692807462,0.27478573097964076
4681,1104,TMEM260,ENSG00000070269,1107,0.1662718186595961,0.2747702282086373
4682,6304,ZNF337,ENSG00000130684,6307,0.1663841770256869,0.2746615244127122
4683,42531,PDXDC2P,ENSG00000255185,42534,0.1663071707972075,0.2746403133860046
4684,23359,CCDC7,ENSG00000216937,23362,0.16575680656237315,0.27454932022781964
4685,4007,FBXO9,ENSG00000112146,4010,0.16632367994548594,0.27452339726467884
4686,11956,STAT6,ENSG00000166888,11959,0.1671585940093981,0.2744887543758222
4687,2037,SORBS1,ENSG00000095637,2040,0.14944006546764277,0.27428848412324774
4688,7805,SNRPF,ENSG00000139343,7808,0.1657833181245868,0.27423047699048025
4689,6153,NEDD8,ENSG00000129559,6156,0.16857270995869977,0.2742007993396308
4690,4065,SLC39A7,ENSG00000112473,4068,0.16823955762299914,0.2741705452863681
4691,1566,COBLL1,ENSG00000082438,1569,0.16388331301057404,0.27415866316282517
4692,15192,AP1S2,ENSG00000182287,15195,0.1616542182190066,0.2741074005611168
4693,1184,ALDH3A2,ENSG00000072210,1187,0.16028685597489495,0.27404076820551376
4694,12845,DLGAP1,ENSG00000170579,12848,0.14840994083997572,0.27398239893085036
4695,3817,CLEC2B,ENSG00000110852,3820,0.1519796517826546,0.273828040550544
4696,14869,H2AC6,ENSG00000180573,14872,0.14911429571994717,0.2737480438350552
4697,12396,NDUFS5,ENSG00000168653,12399,0.16774625470617868,0.2736786351826452
4698,1669,MTIF2,ENSG00000085760,1672,0.16819902557304786,0.27365722458986624
4699,11741,GPR176,ENSG00000166073,11744,0.15763371575016719,0.27352593957976074
4700,9160,TNKS1BP1,ENSG00000149115,9163,0.16789071877703649,0.2734751745538169
4701,16990,TMEM63A,ENSG00000196187,16993,0.1671465394734228,0.2734728757106895
4702,14680,DNHD1,ENSG00000179532,14683,0.16377478486765198,0.2734482443101721
4703,10794,ZNF281,ENSG00000162702,10797,0.16702920632244694,0.2733711495713575
4704,16761,TMEM120B,ENSG00000188735,16764,0.16568665806670024,0.273365419277845
4705,7199,PWP1,ENSG00000136045,7202,0.16746287283331598,0.27335940346559273
4706,5462,NCOA5,ENSG00000124160,5465,0.1677295541893902,0.27331439536594304
4707,7654,FASTKD1,ENSG00000138399,7657,0.16373106894129758,0.27331017611241143
4708,8207,EMP3,ENSG00000142227,8210,0.16083015424643646,0.27330401393451287
4709,1918,WDR7,ENSG00000091157,1921,0.16728073612792624,0.27311736230703365
4710,7048,ORC3,ENSG00000135336,7051,0.16917812481597883,0.2731061295404434
4711,516,SH3YL1,ENSG00000035115,519,0.16526011151839592,0.27306858489810154
4712,11282,CCDC112,ENSG00000164221,11285,0.16426767759563984,0.27303583067576065
4713,10093,CACNA2D3,ENSG00000157445,10096,0.13393062058536143,0.27298808899014715
4714,9797,CCDC174,ENSG00000154781,9800,0.16478095251015515,0.2729541191339926
4715,6523,ZSWIM4,ENSG00000132003,6526,0.1661127140113132,0.2728035382995619
4716,6499,MCCC2,ENSG00000131844,6502,0.167720810515625,0.2727834322551294
4717,14084,USF3,ENSG00000176542,14087,0.16798852964735358,0.2727393158043028
4718,1950,PPP2R3C,ENSG00000092020,1953,0.16459690061589788,0.27269749564935225
4719,13140,EXOSC10,ENSG00000171824,13143,0.1681088398733205,0.27266570175205346
4720,2400,PRORP,ENSG00000100890,2403,0.1667418908613417,0.2726607835998957
4721,5358,CENPK,ENSG00000123219,5361,0.16673782742319815,0.2725183361428505
4722,9069,CIZ1,ENSG00000148337,9072,0.16655203028770502,0.27249731792571114
4723,34021,TTN-AS1,ENSG00000237298,34024,0.16246402667266746,0.2724860772334051
4724,16999,ZNF766,ENSG00000196214,17002,0.16532795286357085,0.27246086566512295
4725,12766,CRTAP,ENSG00000170275,12769,0.1668941867573308,0.27241682326521877
4726,11785,SGPL1,ENSG00000166224,11788,0.1687086281892404,0.27238832997622314
4727,3883,OAS2,ENSG00000111335,3886,0.15817730266527527,0.27216084150840153
4728,4248,PCCB,ENSG00000114054,4251,0.16320768043459194,0.27205472785051477
4729,14785,EXOC3,ENSG00000180104,14788,0.16769245978984904,0.2720532011845006
4730,8867,MDH2,ENSG00000146701,8870,0.16776974841591508,0.2720308351860248
4731,11351,DCBLD1,ENSG00000164465,11354,0.16224170836599983,0.2720202314636137
4732,16206,ZNF75D,ENSG00000186376,16209,0.16453612688329117,0.2720120376881632
4733,294,LARS2,ENSG00000011376,297,0.16671499312988264,0.27198079341039344
4734,14338,CD151,ENSG00000177697,14341,0.16659429775266765,0.27182692982178597
4735,1406,MCCC1,ENSG00000078070,1409,0.1640935108751583,0.27169664340090743
4736,8690,SETD7,ENSG00000145391,8693,0.16660049129090068,0.2716409878763014
4737,2305,BRD1,ENSG00000100425,2308,0.1646816245674105,0.2715544112292201
4738,16779,MTF1,ENSG00000188786,16782,0.1674346776696309,0.27154017777731976
4739,2462,GID8,ENSG00000101193,2465,0.1649674855800104,0.27145622679641845
4740,5852,DLGAP5,ENSG00000126787,5855,0.15541236832881752,0.2714521152209648
4741,12483,ATP5ME,ENSG00000169020,12486,0.16414274408747423,0.27145073627164806
4742,4500,WIPF1,ENSG00000115935,4503,0.15894332901886976,0.27140254532263347
4743,6793,HSD17B4,ENSG00000133835,6796,0.1664411540521671,0.27136946827985253
4744,12763,GLB1,ENSG00000170266,12766,0.16708879523422435,0.27126175886467385
4745,16097,BICD2,ENSG00000185963,16100,0.16471237108709147,0.2711438148478749
4746,3172,LSR,ENSG00000105699,3175,0.16205684486902847,0.2710951968435296
4747,7679,GLCE,ENSG00000138604,7682,0.15933994528932996,0.27090887943499725
4748,34996,TXNDC5,ENSG00000239264,34999,0.1654548171641888,0.27085883819710516
4749,858,EPN1,ENSG00000063245,861,0.16736843907128293,0.27082960601736367
4750,11123,SLC4A1AP,ENSG00000163798,11126,0.16663251543029317,0.27079971222035043
4751,17486,RPS26,ENSG00000197728,17489,0.16126011051234196,0.2707847109522358
4752,29975,MAP4K3-DT,ENSG00000231312,29978,0.16398416136180635,0.27067190263558394
4753,1394,SLC25A43,ENSG00000077713,1397,0.16365491932864265,0.27025712907831634
4754,22152,CRIP1,ENSG00000213145,22155,0.150954018589267,0.2702228252398412
4755,51,FKBP4,ENSG00000004478,54,0.16513617529318644,0.27017792903189913
4756,9017,AK3,ENSG00000147853,9020,0.16255726033118953,0.2701477277029836
4757,47042,ENSG00000262879,ENSG00000262879,47045,0.1642415320525697,0.2700107749217168
4758,37326,SLC12A2-DT,ENSG00000245937,37329,0.1633153451961721,0.2699347043755977
4759,5270,ZMIZ2,ENSG00000122515,5273,0.1637423080126004,0.26986736759740854
4760,12467,CEP120,ENSG00000168944,12470,0.165963667624321,0.26977169720753236
4761,2362,ERH,ENSG00000100632,2365,0.16607196872400015,0.26966062455053896
4762,11512,RASEF,ENSG00000165105,11515,0.1568795233428298,0.26955544104976914
4763,9790,GABPA,ENSG00000154727,9793,0.1634137583234795,0.26940777034636765
4764,7801,POC1B,ENSG00000139323,7804,0.165927442525838,0.2693528994796707
4765,1790,NSFL1C,ENSG00000088833,1793,0.16392242566188708,0.2692240552441368
4766,5389,HJURP,ENSG00000123485,5392,0.15299511974974667,0.2691702164993611
4767,13495,NAA20,ENSG00000173418,13498,0.16364240001824606,0.2690311870193688
4768,19601,MIR29B2CHG,ENSG00000203709,19604,0.16001234628700153,0.26900002937401957
4769,37333,RAB30-DT,ENSG00000246067,37336,0.16408015391044242,0.26881403242684454
4770,5145,CEP89,ENSG00000121289,5148,0.16441566477766734,0.26880782818095805
4771,4338,SPCS1,ENSG00000114902,4341,0.16312349178311275,0.2687787576560182
4772,11057,NEPRO,ENSG00000163608,11060,0.16344279126646793,0.26870280784900913
4773,14910,ARSJ,ENSG00000180801,14913,0.15645671752043785,0.2686903759721388
4774,3199,BET1,ENSG00000105829,3202,0.16184092944756276,0.26867787049201003
4775,1609,ZNF586,ENSG00000083828,1612,0.16203658213486027,0.26861934615186506
4776,9023,HAUS6,ENSG00000147874,9026,0.1653244394186799,0.2686092742121906
4777,9107,POLR3A,ENSG00000148606,9110,0.16410305200394895,0.2685740834639817
4778,9970,ATP5MJ,ENSG00000156411,9973,0.16239615738206448,0.2685407609647627
4779,7586,THUMPD2,ENSG00000138050,7589,0.16216963803982706,0.2684990806150776
4780,1904,PITPNM2,ENSG00000090975,1907,0.15655409965010977,0.2684413265227049
4781,8033,MEAK7,ENSG00000140950,8036,0.16313812077964795,0.2684268907070812
4782,6609,PCBD2,ENSG00000132570,6612,0.16449802479627942,0.26838787527022084
4783,2904,LAPTM4B,ENSG00000104341,2907,0.16282500291081237,0.26835345380447695
4784,6494,PRKAB2,ENSG00000131791,6497,0.15942273332220772,0.26834893316310776
4785,16091,ZNF267,ENSG00000185947,16094,0.16448643183833334,0.268228180823098
4786,3157,CRTC1,ENSG00000105662,3160,0.1617937068308235,0.2681221821236003
4787,1388,POLD3,ENSG00000077514,1391,0.16317945824400232,0.2680859807863231
4788,9562,SLC30A6,ENSG00000152683,9565,0.16557038065606333,0.268078753839061
4789,3688,TBC1D19,ENSG00000109680,3691,0.15938339971027302,0.26807568765100337
4790,12127,LENG8,ENSG00000167615,12130,0.16220375339118862,0.2679656336703689
4791,10804,DDR2,ENSG00000162733,10807,0.14421271565639301,0.26794006575363377
4792,409,NRXN3,ENSG00000021645,412,0.14125012012767418,0.26789336350880955
4793,2899,CPQ,ENSG00000104324,2902,0.15212280777056086,0.2677865461094798
4794,11157,LIPH,ENSG00000163898,11160,0.147928545113594,0.2676990179567275
4795,12773,GABARAP,ENSG00000170296,12776,0.16169411125170102,0.2676753787887053
4796,6737,CSNK1G2,ENSG00000133275,6740,0.16349187634147266,0.26766804295275193
4797,8694,RPS3A,ENSG00000145425,8697,0.16063758634530723,0.2676013147920791
4798,7757,GABARAPL1,ENSG00000139112,7760,0.16031150545423692,0.26747418908619214
4799,17779,C6orf89,ENSG00000198663,17782,0.1643388706812928,0.26732822267648926
4800,41106,ENSG00000253500,ENSG00000253500,41109,0.1117051722757898,0.2672433994459604
4801,8295,LMO4,ENSG00000143013,8298,0.15731985519476782,0.2672281791112178
4802,6877,RSAD2,ENSG00000134321,6880,0.12769639560959511,0.2672189636608345
4803,14002,TCP11L1,ENSG00000176148,14005,0.1642157542211291,0.26720612325201704
4804,513,PEX3,ENSG00000034693,516,0.15872906973739415,0.2672022803121587
4805,13400,PHF8,ENSG00000172943,13403,0.1612231228229849,0.267180672005158
4806,8602,SHQ1,ENSG00000144736,8605,0.16129909958724387,0.26713741661055895
4807,39139,ENSG00000250697,ENSG00000250697,39142,0.13262692480210836,0.2670243669584501
4808,2297,ZC3H7B,ENSG00000100403,2300,0.16139286711015727,0.26694433672625373
4809,44,SLC7A2,ENSG00000003989,47,0.12759393081986337,0.2668958493129482
4810,8164,TXNL4A,ENSG00000141759,8167,0.16281613214191953,0.2668782767093993
4811,1248,GLI2,ENSG00000074047,1251,0.14596115764012224,0.2667443636413099
4812,9206,FADS1,ENSG00000149485,9209,0.1595675549275345,0.26663202569040445
4813,15583,IQGAP3,ENSG00000183856,15586,0.15704355138784615,0.2665892159079722
4814,5024,LRP11,ENSG00000120256,5027,0.16438178814886148,0.26656985245667564
4815,1732,LPCAT2,ENSG00000087253,1735,0.15573356895771526,0.2665352604172371
4816,5616,CLYBL,ENSG00000125246,5619,0.15723801937047105,0.26649614964444734
4817,10780,GBP2,ENSG00000162645,10783,0.148931143315957,0.2664165965457874
4818,15881,HSF1,ENSG00000185122,15884,0.1642467515350829,0.2663025968552676
4819,12192,NDUFV1,ENSG00000167792,12195,0.16375421582330604,0.266214343479061
4820,10600,SRSF2,ENSG00000161547,10603,0.1607799735904969,0.26618837054835287
4821,6938,AGO4,ENSG00000134698,6941,0.1622091417053779,0.2661663929859842
4822,1462,SENP1,ENSG00000079387,1465,0.1642173944025428,0.2661422814155864
4823,22676,SH3D21,ENSG00000214193,22679,0.1575155159519379,0.2661372137796948
4824,1709,ALG9,ENSG00000086848,1712,0.1588520627925458,0.2660231203424604
4825,10349,AMFR,ENSG00000159461,10352,0.16227667623276254,0.26594727853954975
4826,27152,LMCD1-AS1,ENSG00000227110,27155,0.1559834146542082,0.26593513393038987
4827,194,MYLIP,ENSG00000007944,197,0.1562423404466239,0.26592252619055046
4828,8156,ERBB2,ENSG00000141736,8159,0.1356762775549089,0.2658842864319979
4829,1391,GPR137B,ENSG00000077585,1394,0.1538716323123303,0.26572474327189133
4830,1560,ME2,ENSG00000082212,1563,0.16016756570352444,0.26558995983058376
4831,8646,MANF,ENSG00000145050,8649,0.15758498261706208,0.26551470333941846
4832,38334,ENSG00000249456,ENSG00000249456,38337,0.16060442167157277,0.26548963843317425
4833,7328,LRRC8A,ENSG00000136802,7331,0.1587460360089512,0.2653971297304646
4834,17177,DAPK1,ENSG00000196730,17180,0.146985936845729,0.26539584883928286
4835,15112,PRKAG1,ENSG00000181929,15115,0.16358093937676213,0.26534747544536147
4836,4199,C5orf15,ENSG00000113583,4202,0.16318460041015842,0.2652694115620871
4837,5347,ADGRE5,ENSG00000123146,5350,0.1600441123240599,0.26515144788981715
4838,1186,SREBF1,ENSG00000072310,1189,0.15823593472003245,0.26514652144174317
4839,17089,PIK3R4,ENSG00000196455,17092,0.16286221548777555,0.264937108144894
4840,4128,NNT,ENSG00000112992,4131,0.15756420140982128,0.26491989268317406
4841,1114,JMJD6,ENSG00000070495,1117,0.16040340427077637,0.2649087288646164
4842,912,BLTP3A,ENSG00000065060,915,0.1620498439382884,0.26488077371465424
4843,17231,PDLIM7,ENSG00000196923,17234,0.15960821177961057,0.2648000593216842
4844,20012,MZT1,ENSG00000204899,20015,0.16208497850462208,0.26473921620898117
4845,545,PI4K2B,ENSG00000038210,548,0.16282797276291408,0.26456964689714113
4846,8155,RETREG3,ENSG00000141699,8158,0.16300827784926752,0.26453414551685683
4847,9410,NCAPD3,ENSG00000151503,9413,0.160852984709203,0.2645110083826303
4848,8607,LRIG1,ENSG00000144749,8610,0.14874756506421874,0.26443765455421253
4849,5095,UTP20,ENSG00000120800,5098,0.15874808816143576,0.26440202797816015
4850,14274,TGIF1,ENSG00000177426,14277,0.16173791940166213,0.26439971281745717
4851,325,PSMC4,ENSG00000013275,328,0.1543315543121339,0.26434336055983454
4852,3333,URGCP,ENSG00000106608,3336,0.1614175747547206,0.2642885202443301
4853,10929,CDC42EP3,ENSG00000163171,10932,0.1545487113640008,0.2642635190715047
4854,5723,TMX4,ENSG00000125827,5726,0.15047727665568628,0.2642080638784125
4855,11750,GPT2,ENSG00000166123,11753,0.154374285812307,0.26417958437208294
4856,6764,AGAP3,ENSG00000133612,6767,0.1554548403698008,0.26405653586807815
4857,7283,KAT7,ENSG00000136504,7286,0.16317502881500195,0.26398877818843
4858,6781,IMPA1,ENSG00000133731,6784,0.1603851421120348,0.26373441641456663
4859,17639,ZNF251,ENSG00000198169,17642,0.16005390180946977,0.2637218813496761
4860,11308,ERAP1,ENSG00000164307,11311,0.16267532553770403,0.26362519967485304
4861,12349,CDC40,ENSG00000168438,12352,0.15947311032492095,0.263543598793853
4862,7794,GLIPR1,ENSG00000139278,7797,0.1505612980026725,0.26348466437946677
4863,13243,NEGR1,ENSG00000172260,13246,0.14177469615420668,0.26341495922620467
4864,4100,TTK,ENSG00000112742,4103,0.15476826230412705,0.26335493955011813
4865,7807,NEDD1,ENSG00000139350,7810,0.16101482788713833,0.26326153983189293
4866,6409,SH3BGRL,ENSG00000131171,6412,0.15739335361039353,0.26302188227656714
4867,4951,ZNF410,ENSG00000119725,4954,0.1604548881780759,0.2629065440591614
4868,50141,SNHG8,ENSG00000269893,50144,0.15468380289177355,0.2628506982304414
4869,17875,SELENOT,ENSG00000198843,17878,0.16136236135939055,0.2627039606948614
4870,4973,IDE,ENSG00000119912,4976,0.15961922770330228,0.2625942987392609
4871,58794,ENSG00000286533,ENSG00000286533,58797,0.13838278221110745,0.26259241680965223
4872,9330,PTS,ENSG00000150787,9333,0.1586259399947305,0.26256669398626414
4873,4015,CAP2,ENSG00000112186,4018,0.15640212799711445,0.2624887365114733
4874,4736,RCAN3,ENSG00000117602,4739,0.15794361650706937,0.262454867225204
4875,7200,DRAM1,ENSG00000136048,7203,0.15440456564841795,0.2624192626492643
4876,2449,NELFCD,ENSG00000101158,2452,0.15768393145727597,0.26238792509949366
4877,16311,HEXIM1,ENSG00000186834,16314,0.15860979389273108,0.262252408865319
4878,479,TFB1M,ENSG00000029639,482,0.1564295721215826,0.26223410734518077
4879,3069,PRKD2,ENSG00000105287,3072,0.1589368116533287,0.2622223197758321
4880,24092,CCNL2,ENSG00000221978,24095,0.15991121341633768,0.26217737034507727
4881,19556,INF2,ENSG00000203485,19559,0.15985233516921302,0.2621067054476904
4882,6046,NDUFA5,ENSG00000128609,6049,0.15909330257486487,0.26209394011983267
4883,16626,PRKAR1B,ENSG00000188191,16629,0.15274641715463147,0.26209127846931146
4884,1280,ARHGEF10L,ENSG00000074964,1283,0.15477452587139642,0.26204818714514433
4885,12772,CMTM8,ENSG00000170293,12775,0.15586538757062612,0.2620103090804665
4886,3784,MDK,ENSG00000110492,3787,0.1488628372962371,0.2619812920509268
4887,13331,RAD9A,ENSG00000172613,13334,0.15994735273581867,0.2619686810505682
4888,11270,ELOVL7,ENSG00000164181,11273,0.15401288654712172,0.26194803450988374
4889,4488,SLC25A12,ENSG00000115840,4491,0.15755297609860971,0.2618920655335102
4890,48559,NCOA4,ENSG00000266412,48562,0.1604352213399207,0.2618060106843491
4891,17648,SZT2,ENSG00000198198,17651,0.16075308194855092,0.26180383230406623
4892,28208,DHFR,ENSG00000228716,28211,0.16089349529469707,0.2617764893703385
4893,2749,VAC14,ENSG00000103043,2752,0.15888580373909958,0.26171120835122835
4894,13088,CXXC5,ENSG00000171604,13091,0.15334701236278106,0.2616708778841975
4895,1287,SRI,ENSG00000075142,1290,0.15903437862229575,0.2616276067017855
4896,7976,POLG,ENSG00000140521,7979,0.16040521194283647,0.2616027273354837
4897,37065,DUXAP10,ENSG00000244306,37068,0.15233373301875028,0.2615641109933503
4898,43254,POLG2,ENSG00000256525,43257,0.15444505074888917,0.2614853740804361
4899,7012,OASL,ENSG00000135114,7015,0.1361371068435314,0.26141478682514946
4900,16159,KIF18B,ENSG00000186185,16162,0.14905709292388278,0.26140562191081934
4901,8285,TINAGL1,ENSG00000142910,8288,0.1477116052930203,0.26129919603398083
4902,11578,MARCHF8,ENSG00000165406,11581,0.1591308385693856,0.2612704672001096
4903,17545,TEAD4,ENSG00000197905,17548,0.15433327859019472,0.2612150477810555
4904,4874,ITGB1BP1,ENSG00000119185,4877,0.16066688331115503,0.2612045235474471
4905,13293,GTPBP2,ENSG00000172432,13296,0.158712793835017,0.26119572076613007
4906,3352,FKTN,ENSG00000106692,3355,0.15727762032384526,0.2611324019261838
4907,13958,ZDHHC21,ENSG00000175893,13961,0.15702979262600578,0.26112490966111324
4908,9458,CENPJ,ENSG00000151849,9461,0.15972787308889705,0.26111544174465384
4909,2531,AHCY,ENSG00000101444,2534,0.16053542636281523,0.2610841804237706
4910,1830,BRAP,ENSG00000089234,1833,0.16004094904507946,0.26108152600675866
4911,13039,MCC,ENSG00000171444,13042,0.14974226244147432,0.2610735092648307
4912,9613,ANAPC1,ENSG00000153107,9616,0.16043080546118757,0.26106970487869824
4913,9192,SLX4IP,ENSG00000149346,9195,0.15484029946381492,0.26105008536054564
4914,52882,MAFIP,ENSG00000274847,52885,0.1523131203735835,0.2607906242916963
4915,6890,TIMM17A,ENSG00000134375,6893,0.15929352072382516,0.26077623087109303
4916,1584,DOP1A,ENSG00000083097,1587,0.1547771300029642,0.2607638544578797
4917,2721,NUP93,ENSG00000102900,2724,0.15965297544903567,0.26072889434583163
4918,5401,FAM199X,ENSG00000123575,5404,0.16070790641085322,0.26069686769297995
4919,6828,VHL,ENSG00000134086,6831,0.159084841842185,0.26066494548754127
4920,9988,HKDC1,ENSG00000156510,9991,0.13939865882539168,0.26061452384610495
4921,6428,HACL1,ENSG00000131373,6431,0.157155878973331,0.2605963483991447
4922,9923,CARNMT1,ENSG00000156017,9926,0.15791502748975383,0.26056126927165335
4923,3320,TSPAN13,ENSG00000106537,3323,0.1543613445881754,0.26055765197295383
4924,4592,DNAJC6,ENSG00000116675,4595,0.15411241916090518,0.2603902897628209
4925,1699,RBM22,ENSG00000086589,1702,0.1603285886747054,0.26037745368280907
4926,17919,DZIP3,ENSG00000198919,17922,0.15897463231192852,0.2603310666757369
4927,2751,TANGO6,ENSG00000103047,2754,0.15591861702971374,0.2600761162336983
4928,11216,HSPA4L,ENSG00000164070,11219,0.1525959580001955,0.2600588224023234
4929,15324,COL18A1,ENSG00000182871,15327,0.14905782834918274,0.2600376826642825
4930,1837,GRAMD1A,ENSG00000089351,1840,0.15763242408095562,0.25997594420961434
4931,11509,ALDH1A1,ENSG00000165092,11512,0.12211671487801327,0.25968184814163997
4932,11510,KDM1B,ENSG00000165097,11513,0.15938506925818302,0.2595855978780134
4933,11462,PHAX,ENSG00000164902,11465,0.15892500731782513,0.2595512123803471
4934,9510,PDE3B,ENSG00000152270,9513,0.14354965017253823,0.2594874730976345
4935,12796,SLC30A1,ENSG00000170385,12799,0.1533594578360993,0.2594519457847599
4936,3301,PLOD3,ENSG00000106397,3304,0.154182693262806,0.2594343405763102
4937,17504,TAF13,ENSG00000197780,17507,0.15674338611287822,0.2593708891071446
4938,2816,BFAR,ENSG00000103429,2819,0.15950248880844606,0.25930518960637566
4939,3396,MPDZ,ENSG00000107186,3399,0.15263911176909026,0.2592920650662985
4940,9757,CCSAP,ENSG00000154429,9760,0.15656365034506917,0.2592574588638701
4941,2649,HTATSF1,ENSG00000102241,2652,0.1593821174849532,0.25923662276684584
4942,12726,SIMC1,ENSG00000170085,12729,0.15565260350349894,0.2592243832595285
4943,1268,ZNF532,ENSG00000074657,1271,0.15385042759344844,0.2592199177103831
4944,16757,SMIM15,ENSG00000188725,16760,0.1592521466461012,0.2591922544598896
4945,14931,CUEDC1,ENSG00000180891,14934,0.1583836656709776,0.2590984846922329
4946,3136,TNPO2,ENSG00000105576,3139,0.15838878677811674,0.25899270948151276
4947,5076,WBP4,ENSG00000120688,5079,0.15523241385804457,0.2589736699639288
4948,486,GRN,ENSG00000030582,489,0.15946316920732476,0.25892096241370416
4949,52061,RAB33B-AS1,ENSG00000273247,52064,0.15430163917910134,0.2588852041222518
4950,19993,DCTN1,ENSG00000204843,19996,0.16090938495946372,0.25887424119834657
4951,344,TACC3,ENSG00000013810,347,0.15468792755544147,0.2588105465939478
4952,2025,NANS,ENSG00000095380,2028,0.15591272737487974,0.2587974719119703
4953,16287,BCR,ENSG00000186716,16290,0.15571143078005356,0.25873518793512473
4954,17843,MTOR,ENSG00000198793,17846,0.1598383850528364,0.2586960293253948
4955,9752,OBSCN,ENSG00000154358,9755,0.15038408565002737,0.2586645296756746
4956,2379,VRK1,ENSG00000100749,2382,0.15811362628425904,0.25866383918179503
4957,4621,PLEKHM2,ENSG00000116786,4624,0.15708804428240655,0.25846459162858476
4958,3550,C1QBP,ENSG00000108561,3553,0.15431910217156028,0.2584498458574125
4959,36049,PISD,ENSG00000241878,36052,0.15649035897460226,0.25841694297135503
4960,17093,RFX8,ENSG00000196460,17096,0.1198714620575453,0.2584008807621598
4961,2755,SLC7A6,ENSG00000103064,2758,0.15422978314479271,0.2583975460270701
4962,10336,PSMB4,ENSG00000159377,10339,0.15834883659366925,0.25838668578567875
4963,10418,KALRN,ENSG00000160145,10421,0.14867935373387847,0.25827180262995963
4964,14322,ACAD9,ENSG00000177646,14325,0.15943558838141972,0.25825697094135913
4965,19592,COX20,ENSG00000203667,19595,0.15635988237399634,0.2582168451183925
4966,6029,CDHR3,ENSG00000128536,6032,0.15170760030365255,0.25819317139849157
4967,19704,LINC00963,ENSG00000204054,19707,0.15317691880359754,0.2580177497181841
4968,16257,NF2,ENSG00000186575,16260,0.15571144047788338,0.258009579999768
4969,15107,C5orf24,ENSG00000181904,15110,0.15634138637561307,0.2579971737414642
4970,6941,BTF3L4,ENSG00000134717,6944,0.15830899511261956,0.2579938219775263
4971,2822,XYLT1,ENSG00000103489,2825,0.13995177915546264,0.2579111522662234
4972,7632,ASCC1,ENSG00000138303,7635,0.15683118144742156,0.2577724697678646
4973,13797,GK5,ENSG00000175066,13800,0.15952622571353905,0.2577545353914292
4974,33111,TTC28-AS1,ENSG00000235954,33114,0.15432621195604493,0.25746935941090154
4975,24071,TRIM16,ENSG00000221926,24074,0.15516477627111577,0.257388957155626
4976,8566,ANKMY1,ENSG00000144504,8569,0.1548060865854523,0.2573737469171154
4977,12859,ARMC10,ENSG00000170632,12862,0.1574148794457647,0.2573006411028636
4978,11562,MELK,ENSG00000165304,11565,0.15621718701466553,0.25727854439073505
4979,51571,ENSG00000272369,ENSG00000272369,51574,0.15322777489212303,0.2572764846327266
4980,2351,LGMN,ENSG00000100600,2354,0.15587900926192938,0.2572025269575697
4981,15716,KNTC1,ENSG00000184445,15719,0.15717417539148903,0.2569159526094826
4982,1359,ARHGEF1,ENSG00000076928,1362,0.15415290666080098,0.25687049875162526
4983,8640,RUBCN,ENSG00000145016,8643,0.15858717318161805,0.25684552238342784
4984,3247,CPED1,ENSG00000106034,3250,0.11977458078457273,0.25682857921025914
4985,1395,UBE2A,ENSG00000077721,1398,0.1586516518751966,0.2568033876983197
4986,5655,DDX31,ENSG00000125485,5658,0.15345444063836913,0.25676641074842904
4987,12284,FAM83B,ENSG00000168143,12287,0.1483765189147757,0.25661914626481624
4988,8691,NAF1,ENSG00000145414,8694,0.15357904050748142,0.2565875058761126
4989,11756,NDUFB8,ENSG00000166136,11759,0.1540829512176263,0.25657342506379394
4990,2799,EEF2K,ENSG00000103319,2802,0.15489982504571598,0.25643768201524353
4991,5078,SMAD9,ENSG00000120693,5081,0.14347166395491123,0.2564089365353084
4992,137,ETV1,ENSG00000006468,140,0.14244356470076855,0.2563029245743565
4993,4207,TTC33,ENSG00000113638,4210,0.15593380570586118,0.25619134448626
4994,5343,PRDX4,ENSG00000123131,5346,0.15525882800398658,0.25614155768651264
4995,11646,ENOX2,ENSG00000165675,11649,0.15454002166905248,0.25599397885688
4996,6443,MGAT1,ENSG00000131446,6446,0.1561957720568583,0.25596893644513863
4997,5725,STK35,ENSG00000125834,5728,0.15342295105186463,0.255917332992715
4998,15570,RBM12B,ENSG00000183808,15573,0.1577620208465906,0.25576081389607974
4999,37617,CDK11B,ENSG00000248333,37620,0.1568012461309855,0.255712540271839
